admit_to_tx_max,admit_to_tx_mean,admit_to_tx_n,admit_to_tx_p50,admit_to_tx_p95,admit_to_tx_p99,aoi_first_freshness_recovery_time,aoi_first_no_data_time,aoi_first_source_stale_time,aoi_fresh_ratio,aoi_fresh_sec,aoi_max,aoi_mean,aoi_monitored_sec,aoi_no_data_sec,aoi_observed_sec,aoi_p95,aoi_recovery_count,aoi_recovery_time_max_sec,aoi_recovery_time_mean_sec,aoi_stale_sec,aoi_unrecovered_stale_sec,application_pdr,attempt_loss_rate,attempt_pdr,count_accepted_bytes,count_accepted_messages,count_admitted_attempt_bytes,count_admitted_attempts,count_admitted_bytes,count_admitted_messages,count_attempted_bytes,count_attempted_messages,count_carry_in_messages,count_cohort_accepted_messages,count_cohort_delivered_messages,count_delivered_attempts,count_delivered_attempts_bytes,count_delivered_bytes,count_delivered_messages,count_dropped_tx_attempts,count_dropped_tx_attempts_bytes,count_duplicate_copies,count_duplicate_copy_bytes,count_explicit_generated_messages,count_generated_bytes,count_generated_messages,count_inferred_generated_messages,count_injected_loss_attempts,count_injected_loss_bytes,count_queue_overflow_attempts,count_queue_overflow_bytes,count_receiver_expired_receipts,count_retry_attempts,count_retry_exhausted_or_deadline_bytes,count_retry_exhausted_or_deadline_messages,count_stale_sequence_receipts,count_ttl_expired_attempts,count_ttl_expired_bytes,direction,elapsed_sim_time,episode_id,episode_start_sim_time,fault_configuration,fault_seed,freshness_ttl_sec,gazebo_seed,goodput_bytes_per_sec,ledger_record_count,logical_pdr,message_type,mission_mode,offered_bytes_per_sec,provisional,queue_measurement,queue_wait_max,queue_wait_mean,queue_wait_n,queue_wait_p50,queue_wait_p95,queue_wait_p99,queues,recipient,reordered_receipts,retry_rate,robot_count,schema_version,sender,sim_time,source_to_accept_max,source_to_accept_mean,source_to_accept_n,source_to_accept_p50,source_to_accept_p95,source_to_accept_p99,source_to_delivery_max,source_to_delivery_mean,source_to_delivery_n,source_to_delivery_p50,source_to_delivery_p95,source_to_delivery_p99,start_sim_time,tx_to_delivery_max,tx_to_delivery_mean,tx_to_delivery_n,tx_to_delivery_p50,tx_to_delivery_p95,tx_to_delivery_p99,world
0.0,0.0,3,0.0,,,10.75,10.5,,0.5,0.5,0.5,0.375,1.0,0.5,0.5,0.48749999998835847,2,0.25,0.25,0.5,0.0,1.0,0.0,1.0,739,2,1447,3,1447,3,1447,3,0,3,3,3,1447,1447,3,0,0,0,0,2,1447,3,1,0,0,0,0,0,0,0,0,0,0,0,uplink,0.75,p3c_runtime,10.25,"{""admission_protocol"": false, ""effective"": {""downlink"": {""ack_timeout_sec"": 5.0, ""blackout_intervals"": [], ""delay_sec"": 0.0, ""drop_types"": [], ""duplicate_rate"": 0.0, ""loss_rate"": 0.0, ""max_retries"": 2, ""queue_capacity"": 4096, ""reorder_step_sec"": 0.05, ""reorder_window"": 0, ""seed"": 610839777}, ""uplink"": {""ack_timeout_sec"": 5.0, ""blackout_intervals"": [], ""delay_sec"": 0.0, ""drop_types"": [], ""duplicate_rate"": 0.0, ""loss_rate"": 0.0, ""max_retries"": 2, ""queue_capacity"": 4096, ""reorder_step_sec"": 0.05, ""reorder_window"": 0, ""seed"": 324508638}}, ""effective_sim_time"": 0.0, ""episode_id"": ""p3c_runtime"", ""fault_control_enabled"": true, ""fault_seed"": 1, ""gazebo_seed"": 1, ""ledger_path"": ""/home/zhuyulab/ns3-workspace/ros2_ws/ros2-multi-robot-automap/log/p3c5/p3c_monitor_v11/ledger.jsonl"", ""mission_mode"": ""rally"", ""requested"": {""ack_timeout_sec"": 5.0, ""blackout_intervals"": ""[]"", ""downlink_delay_sec"": 0.0, ""downlink_loss_rate"": 0.0, ""drop_message_types"": """", ""duplicate_rate"": 0.0, ""max_retries"": 2, ""network_mode"": ""ideal"", ""queue_capacity"": 0, ""reorder_step_sec"": 0.05, ""reorder_window"": 0, ""uplink_delay_sec"": 0.0, ""uplink_loss_rate"": 0.0}, ""revision"": 0, ""semantics"": ""in-flight attempts retain their transmission configuration; new attempts use this revision"", ""world"": ""synthetic_component""}",1,,1,985.3333333333334,41,1.0,all,rally,1929.3333333333333,True,transport_sample,0.0,0.0,3,0.0,,,"{""uplink"": {""capacity"": 4096, ""in_flight"": 0, ""pending_reliable_or_unresolved"": 0, ""scheduled_events"": 0}}",all,0,0.0,1,1,all,11.0,0.25,0.25,2,0.25,,,0.0,0.0,3,0.0,,,10.25,0.0,0.0,3,0.0,,,synthetic_component
0.0,0.0,1,,,,10.5,10.25,,0.6666666666666666,0.5,0.75,0.5,0.75,0.25,0.5,0.7250000000058208,1,0.25,0.25,0.25,0.0,1.0,0.0,1.0,16,1,16,1,16,1,16,1,0,1,1,1,16,16,1,0,0,0,0,1,16,1,0,0,0,0,0,0,0,0,0,0,0,0,downlink,0.75,p3c_runtime,10.25,"{""admission_protocol"": false, ""effective"": {""downlink"": {""ack_timeout_sec"": 5.0, ""blackout_intervals"": [], ""delay_sec"": 0.0, ""drop_types"": [], ""duplicate_rate"": 0.0, ""loss_rate"": 0.0, ""max_retries"": 2, ""queue_capacity"": 4096, ""reorder_step_sec"": 0.05, ""reorder_window"": 0, ""seed"": 610839777}, ""uplink"": {""ack_timeout_sec"": 5.0, ""blackout_intervals"": [], ""delay_sec"": 0.0, ""drop_types"": [], ""duplicate_rate"": 0.0, ""loss_rate"": 0.0, ""max_retries"": 2, ""queue_capacity"": 4096, ""reorder_step_sec"": 0.05, ""reorder_window"": 0, ""seed"": 324508638}}, ""effective_sim_time"": 0.0, ""episode_id"": ""p3c_runtime"", ""fault_control_enabled"": true, ""fault_seed"": 1, ""gazebo_seed"": 1, ""ledger_path"": ""/home/zhuyulab/ns3-workspace/ros2_ws/ros2-multi-robot-automap/log/p3c5/p3c_monitor_v11/ledger.jsonl"", ""mission_mode"": ""rally"", ""requested"": {""ack_timeout_sec"": 5.0, ""blackout_intervals"": ""[]"", ""downlink_delay_sec"": 0.0, ""downlink_loss_rate"": 0.0, ""drop_message_types"": """", ""duplicate_rate"": 0.0, ""max_retries"": 2, ""network_mode"": ""ideal"", ""queue_capacity"": 0, ""reorder_step_sec"": 0.05, ""reorder_window"": 0, ""uplink_delay_sec"": 0.0, ""uplink_loss_rate"": 0.0}, ""revision"": 0, ""semantics"": ""in-flight attempts retain their transmission configuration; new attempts use this revision"", ""world"": ""synthetic_component""}",1,10.0,1,21.333333333333332,41,1.0,all,rally,21.333333333333332,True,transport_sample,0.0,0.0,1,,,,"{""downlink"": {""capacity"": 4096, ""in_flight"": 0, ""pending_reliable_or_unresolved"": 0, ""scheduled_events"": 1}}",all,0,0.0,1,1,all,11.0,0.25,0.25,1,,,,0.0,0.0,1,,,,10.25,0.0,0.0,1,,,,synthetic_component
0.0,0.0,1,,,,10.5,10.25,,0.6666666666666666,0.5,0.75,0.5,0.75,0.25,0.5,0.7250000000058208,1,0.25,0.25,0.25,0.0,1.0,0.0,1.0,16,1,16,1,16,1,16,1,0,1,1,1,16,16,1,0,0,0,0,1,16,1,0,0,0,0,0,0,0,0,0,0,0,0,downlink,0.75,p3c_runtime,10.25,"{""admission_protocol"": false, ""effective"": {""downlink"": {""ack_timeout_sec"": 5.0, ""blackout_intervals"": [], ""delay_sec"": 0.0, ""drop_types"": [], ""duplicate_rate"": 0.0, ""loss_rate"": 0.0, ""max_retries"": 2, ""queue_capacity"": 4096, ""reorder_step_sec"": 0.05, ""reorder_window"": 0, ""seed"": 610839777}, ""uplink"": {""ack_timeout_sec"": 5.0, ""blackout_intervals"": [], ""delay_sec"": 0.0, ""drop_types"": [], ""duplicate_rate"": 0.0, ""loss_rate"": 0.0, ""max_retries"": 2, ""queue_capacity"": 4096, ""reorder_step_sec"": 0.05, ""reorder_window"": 0, ""seed"": 324508638}}, ""effective_sim_time"": 0.0, ""episode_id"": ""p3c_runtime"", ""fault_control_enabled"": true, ""fault_seed"": 1, ""gazebo_seed"": 1, ""ledger_path"": ""/home/zhuyulab/ns3-workspace/ros2_ws/ros2-multi-robot-automap/log/p3c5/p3c_monitor_v11/ledger.jsonl"", ""mission_mode"": ""rally"", ""requested"": {""ack_timeout_sec"": 5.0, ""blackout_intervals"": ""[]"", ""downlink_delay_sec"": 0.0, ""downlink_loss_rate"": 0.0, ""drop_message_types"": """", ""duplicate_rate"": 0.0, ""max_retries"": 2, ""network_mode"": ""ideal"", ""queue_capacity"": 0, ""reorder_step_sec"": 0.05, ""reorder_window"": 0, ""uplink_delay_sec"": 0.0, ""uplink_loss_rate"": 0.0}, ""revision"": 0, ""semantics"": ""in-flight attempts retain their transmission configuration; new attempts use this revision"", ""world"": ""synthetic_component""}",1,10.0,1,21.333333333333332,41,1.0,task_state,rally,21.333333333333332,True,transport_sample,0.0,0.0,1,,,,"{""downlink"": {""capacity"": 4096, ""in_flight"": 0, ""pending_reliable_or_unresolved"": 0, ""scheduled_events"": 1}}",all,0,0.0,1,1,all,11.0,0.25,0.25,1,,,,0.0,0.0,1,,,,10.25,0.0,0.0,1,,,,synthetic_component
0.0,0.0,1,,,,10.75,10.5,,0.5,0.25,0.5,0.375,0.5,0.25,0.25,0.48749999998835847,1,0.25,0.25,0.25,0.0,1.0,0.0,1.0,31,1,31,1,31,1,31,1,0,1,1,1,31,31,1,0,0,0,0,0,31,1,1,0,0,0,0,0,0,0,0,0,0,0,uplink,0.75,p3c_runtime,10.25,"{""admission_protocol"": false, ""effective"": {""downlink"": {""ack_timeout_sec"": 5.0, ""blackout_intervals"": [], ""delay_sec"": 0.0, ""drop_types"": [], ""duplicate_rate"": 0.0, ""loss_rate"": 0.0, ""max_retries"": 2, ""queue_capacity"": 4096, ""reorder_step_sec"": 0.05, ""reorder_window"": 0, ""seed"": 610839777}, ""uplink"": {""ack_timeout_sec"": 5.0, ""blackout_intervals"": [], ""delay_sec"": 0.0, ""drop_types"": [], ""duplicate_rate"": 0.0, ""loss_rate"": 0.0, ""max_retries"": 2, ""queue_capacity"": 4096, ""reorder_step_sec"": 0.05, ""reorder_window"": 0, ""seed"": 324508638}}, ""effective_sim_time"": 0.0, ""episode_id"": ""p3c_runtime"", ""fault_control_enabled"": true, ""fault_seed"": 1, ""gazebo_seed"": 1, ""ledger_path"": ""/home/zhuyulab/ns3-workspace/ros2_ws/ros2-multi-robot-automap/log/p3c5/p3c_monitor_v11/ledger.jsonl"", ""mission_mode"": ""rally"", ""requested"": {""ack_timeout_sec"": 5.0, ""blackout_intervals"": ""[]"", ""downlink_delay_sec"": 0.0, ""downlink_loss_rate"": 0.0, ""drop_message_types"": """", ""duplicate_rate"": 0.0, ""max_retries"": 2, ""network_mode"": ""ideal"", ""queue_capacity"": 0, ""reorder_step_sec"": 0.05, ""reorder_window"": 0, ""uplink_delay_sec"": 0.0, ""uplink_loss_rate"": 0.0}, ""revision"": 0, ""semantics"": ""in-flight attempts retain their transmission configuration; new attempts use this revision"", ""world"": ""synthetic_component""}",1,10.0,1,41.333333333333336,41,1.0,ack,rally,41.333333333333336,True,transport_sample,0.0,0.0,1,,,,"{""uplink"": {""capacity"": 4096, ""in_flight"": 0, ""pending_reliable_or_unresolved"": 0, ""scheduled_events"": 0}}",all,0,0.0,1,1,all,11.0,0.25,0.25,1,,,,0.0,0.0,1,,,,10.25,0.0,0.0,1,,,,synthetic_component
0.0,0.0,2,0.0,,,10.75,10.5,,0.5,0.25,0.5,0.375,0.5,0.25,0.25,0.48749999998835847,1,0.25,0.25,0.25,0.0,1.0,0.0,1.0,708,1,1416,2,1416,2,1416,2,0,2,2,2,1416,1416,2,0,0,0,0,2,1416,2,0,0,0,0,0,0,0,0,0,0,0,0,uplink,0.75,p3c_runtime,10.25,"{""admission_protocol"": false, ""effective"": {""downlink"": {""ack_timeout_sec"": 5.0, ""blackout_intervals"": [], ""delay_sec"": 0.0, ""drop_types"": [], ""duplicate_rate"": 0.0, ""loss_rate"": 0.0, ""max_retries"": 2, ""queue_capacity"": 4096, ""reorder_step_sec"": 0.05, ""reorder_window"": 0, ""seed"": 610839777}, ""uplink"": {""ack_timeout_sec"": 5.0, ""blackout_intervals"": [], ""delay_sec"": 0.0, ""drop_types"": [], ""duplicate_rate"": 0.0, ""loss_rate"": 0.0, ""max_retries"": 2, ""queue_capacity"": 4096, ""reorder_step_sec"": 0.05, ""reorder_window"": 0, ""seed"": 324508638}}, ""effective_sim_time"": 0.0, ""episode_id"": ""p3c_runtime"", ""fault_control_enabled"": true, ""fault_seed"": 1, ""gazebo_seed"": 1, ""ledger_path"": ""/home/zhuyulab/ns3-workspace/ros2_ws/ros2-multi-robot-automap/log/p3c5/p3c_monitor_v11/ledger.jsonl"", ""mission_mode"": ""rally"", ""requested"": {""ack_timeout_sec"": 5.0, ""blackout_intervals"": ""[]"", ""downlink_delay_sec"": 0.0, ""downlink_loss_rate"": 0.0, ""drop_message_types"": """", ""duplicate_rate"": 0.0, ""max_retries"": 2, ""network_mode"": ""ideal"", ""queue_capacity"": 0, ""reorder_step_sec"": 0.05, ""reorder_window"": 0, ""uplink_delay_sec"": 0.0, ""uplink_loss_rate"": 0.0}, ""revision"": 0, ""semantics"": ""in-flight attempts retain their transmission configuration; new attempts use this revision"", ""world"": ""synthetic_component""}",1,2.0,1,944.0,41,1.0,pose_state,rally,1888.0,True,transport_sample,0.0,0.0,2,0.0,,,"{""uplink"": {""capacity"": 4096, ""in_flight"": 0, ""pending_reliable_or_unresolved"": 0, ""scheduled_events"": 0}}",all,0,0.0,1,1,all,11.0,0.25,0.25,1,,,,0.0,0.0,2,0.0,,,10.25,0.0,0.0,2,0.0,,,synthetic_component
0.0,0.0,1,,,,10.5,10.25,,0.6666666666666666,0.5,0.75,0.5,0.75,0.25,0.5,0.7250000000058208,1,0.25,0.25,0.25,0.0,1.0,0.0,1.0,16,1,16,1,16,1,16,1,0,1,1,1,16,16,1,0,0,0,0,1,16,1,0,0,0,0,0,0,0,0,0,0,0,0,downlink,0.75,p3c_runtime,10.25,"{""admission_protocol"": false, ""effective"": {""downlink"": {""ack_timeout_sec"": 5.0, ""blackout_intervals"": [], ""delay_sec"": 0.0, ""drop_types"": [], ""duplicate_rate"": 0.0, ""loss_rate"": 0.0, ""max_retries"": 2, ""queue_capacity"": 4096, ""reorder_step_sec"": 0.05, ""reorder_window"": 0, ""seed"": 610839777}, ""uplink"": {""ack_timeout_sec"": 5.0, ""blackout_intervals"": [], ""delay_sec"": 0.0, ""drop_types"": [], ""duplicate_rate"": 0.0, ""loss_rate"": 0.0, ""max_retries"": 2, ""queue_capacity"": 4096, ""reorder_step_sec"": 0.05, ""reorder_window"": 0, ""seed"": 324508638}}, ""effective_sim_time"": 0.0, ""episode_id"": ""p3c_runtime"", ""fault_control_enabled"": true, ""fault_seed"": 1, ""gazebo_seed"": 1, ""ledger_path"": ""/home/zhuyulab/ns3-workspace/ros2_ws/ros2-multi-robot-automap/log/p3c5/p3c_monitor_v11/ledger.jsonl"", ""mission_mode"": ""rally"", ""requested"": {""ack_timeout_sec"": 5.0, ""blackout_intervals"": ""[]"", ""downlink_delay_sec"": 0.0, ""downlink_loss_rate"": 0.0, ""drop_message_types"": """", ""duplicate_rate"": 0.0, ""max_retries"": 2, ""network_mode"": ""ideal"", ""queue_capacity"": 0, ""reorder_step_sec"": 0.05, ""reorder_window"": 0, ""uplink_delay_sec"": 0.0, ""uplink_loss_rate"": 0.0}, ""revision"": 0, ""semantics"": ""in-flight attempts retain their transmission configuration; new attempts use this revision"", ""world"": ""synthetic_component""}",1,10.0,1,21.333333333333332,41,1.0,task_state,rally,21.333333333333332,True,transport_sample,0.0,0.0,1,,,,"{""downlink"": {""capacity"": 4096, ""in_flight"": 0, ""pending_reliable_or_unresolved"": 0, ""scheduled_events"": 1}}",tb1,0,0.0,1,1,headquarters,11.0,0.25,0.25,1,,,,0.0,0.0,1,,,,10.25,0.0,0.0,1,,,,synthetic_component
0.0,0.0,1,,,,10.75,10.5,,0.5,0.25,0.5,0.375,0.5,0.25,0.25,0.48749999998835847,1,0.25,0.25,0.25,0.0,1.0,0.0,1.0,31,1,31,1,31,1,31,1,0,1,1,1,31,31,1,0,0,0,0,0,31,1,1,0,0,0,0,0,0,0,0,0,0,0,uplink,0.75,p3c_runtime,10.25,"{""admission_protocol"": false, ""effective"": {""downlink"": {""ack_timeout_sec"": 5.0, ""blackout_intervals"": [], ""delay_sec"": 0.0, ""drop_types"": [], ""duplicate_rate"": 0.0, ""loss_rate"": 0.0, ""max_retries"": 2, ""queue_capacity"": 4096, ""reorder_step_sec"": 0.05, ""reorder_window"": 0, ""seed"": 610839777}, ""uplink"": {""ack_timeout_sec"": 5.0, ""blackout_intervals"": [], ""delay_sec"": 0.0, ""drop_types"": [], ""duplicate_rate"": 0.0, ""loss_rate"": 0.0, ""max_retries"": 2, ""queue_capacity"": 4096, ""reorder_step_sec"": 0.05, ""reorder_window"": 0, ""seed"": 324508638}}, ""effective_sim_time"": 0.0, ""episode_id"": ""p3c_runtime"", ""fault_control_enabled"": true, ""fault_seed"": 1, ""gazebo_seed"": 1, ""ledger_path"": ""/home/zhuyulab/ns3-workspace/ros2_ws/ros2-multi-robot-automap/log/p3c5/p3c_monitor_v11/ledger.jsonl"", ""mission_mode"": ""rally"", ""requested"": {""ack_timeout_sec"": 5.0, ""blackout_intervals"": ""[]"", ""downlink_delay_sec"": 0.0, ""downlink_loss_rate"": 0.0, ""drop_message_types"": """", ""duplicate_rate"": 0.0, ""max_retries"": 2, ""network_mode"": ""ideal"", ""queue_capacity"": 0, ""reorder_step_sec"": 0.05, ""reorder_window"": 0, ""uplink_delay_sec"": 0.0, ""uplink_loss_rate"": 0.0}, ""revision"": 0, ""semantics"": ""in-flight attempts retain their transmission configuration; new attempts use this revision"", ""world"": ""synthetic_component""}",1,10.0,1,41.333333333333336,41,1.0,ack,rally,41.333333333333336,True,transport_sample,0.0,0.0,1,,,,"{""uplink"": {""capacity"": 4096, ""in_flight"": 0, ""pending_reliable_or_unresolved"": 0, ""scheduled_events"": 0}}",headquarters,0,0.0,1,1,tb1,11.0,0.25,0.25,1,,,,0.0,0.0,1,,,,10.25,0.0,0.0,1,,,,synthetic_component
0.0,0.0,2,0.0,,,10.75,10.5,,0.5,0.25,0.5,0.375,0.5,0.25,0.25,0.48749999998835847,1,0.25,0.25,0.25,0.0,1.0,0.0,1.0,708,1,1416,2,1416,2,1416,2,0,2,2,2,1416,1416,2,0,0,0,0,2,1416,2,0,0,0,0,0,0,0,0,0,0,0,0,uplink,0.75,p3c_runtime,10.25,"{""admission_protocol"": false, ""effective"": {""downlink"": {""ack_timeout_sec"": 5.0, ""blackout_intervals"": [], ""delay_sec"": 0.0, ""drop_types"": [], ""duplicate_rate"": 0.0, ""loss_rate"": 0.0, ""max_retries"": 2, ""queue_capacity"": 4096, ""reorder_step_sec"": 0.05, ""reorder_window"": 0, ""seed"": 610839777}, ""uplink"": {""ack_timeout_sec"": 5.0, ""blackout_intervals"": [], ""delay_sec"": 0.0, ""drop_types"": [], ""duplicate_rate"": 0.0, ""loss_rate"": 0.0, ""max_retries"": 2, ""queue_capacity"": 4096, ""reorder_step_sec"": 0.05, ""reorder_window"": 0, ""seed"": 324508638}}, ""effective_sim_time"": 0.0, ""episode_id"": ""p3c_runtime"", ""fault_control_enabled"": true, ""fault_seed"": 1, ""gazebo_seed"": 1, ""ledger_path"": ""/home/zhuyulab/ns3-workspace/ros2_ws/ros2-multi-robot-automap/log/p3c5/p3c_monitor_v11/ledger.jsonl"", ""mission_mode"": ""rally"", ""requested"": {""ack_timeout_sec"": 5.0, ""blackout_intervals"": ""[]"", ""downlink_delay_sec"": 0.0, ""downlink_loss_rate"": 0.0, ""drop_message_types"": """", ""duplicate_rate"": 0.0, ""max_retries"": 2, ""network_mode"": ""ideal"", ""queue_capacity"": 0, ""reorder_step_sec"": 0.05, ""reorder_window"": 0, ""uplink_delay_sec"": 0.0, ""uplink_loss_rate"": 0.0}, ""revision"": 0, ""semantics"": ""in-flight attempts retain their transmission configuration; new attempts use this revision"", ""world"": ""synthetic_component""}",1,2.0,1,944.0,41,1.0,pose_state,rally,1888.0,True,transport_sample,0.0,0.0,2,0.0,,,"{""uplink"": {""capacity"": 4096, ""in_flight"": 0, ""pending_reliable_or_unresolved"": 0, ""scheduled_events"": 0}}",headquarters,0,0.0,1,1,tb1,11.0,0.25,0.25,1,,,,0.0,0.0,2,0.0,,,10.25,0.0,0.0,2,0.0,,,synthetic_component
0.0,0.0,4,0.0,,,,,,1.0,2.0,1.5,0.6875,2.0,0.0,2.0,1.39999999984866,0,,,0.0,0.0,1.0,0.0,1.0,2832,4,2832,4,2832,4,2832,4,1,4,4,4,2832,2832,4,0,0,0,0,4,2832,4,0,0,0,0,0,0,0,0,0,0,0,0,uplink,1.75,p3c_runtime,10.25,"{""admission_protocol"": false, ""effective"": {""downlink"": {""ack_timeout_sec"": 5.0, ""blackout_intervals"": [], ""delay_sec"": 0.0, ""drop_types"": [], ""duplicate_rate"": 0.0, ""loss_rate"": 0.0, ""max_retries"": 2, ""queue_capacity"": 4096, ""reorder_step_sec"": 0.05, ""reorder_window"": 0, ""seed"": 610839777}, ""uplink"": {""ack_timeout_sec"": 5.0, ""blackout_intervals"": [], ""delay_sec"": 0.0, ""drop_types"": [], ""duplicate_rate"": 0.0, ""loss_rate"": 0.0, ""max_retries"": 2, ""queue_capacity"": 4096, ""reorder_step_sec"": 0.05, ""reorder_window"": 0, ""seed"": 324508638}}, ""effective_sim_time"": 0.0, ""episode_id"": ""p3c_runtime"", ""fault_control_enabled"": true, ""fault_seed"": 1, ""gazebo_seed"": 1, ""ledger_path"": ""/home/zhuyulab/ns3-workspace/ros2_ws/ros2-multi-robot-automap/log/p3c5/p3c_monitor_v11/ledger.jsonl"", ""mission_mode"": ""rally"", ""requested"": {""ack_timeout_sec"": 5.0, ""blackout_intervals"": ""[]"", ""downlink_delay_sec"": 0.0, ""downlink_loss_rate"": 0.0, ""drop_message_types"": """", ""duplicate_rate"": 0.0, ""max_retries"": 2, ""network_mode"": ""ideal"", ""queue_capacity"": 0, ""reorder_step_sec"": 0.05, ""reorder_window"": 0, ""uplink_delay_sec"": 0.0, ""uplink_loss_rate"": 0.0}, ""revision"": 0, ""semantics"": ""in-flight attempts retain their transmission configuration; new attempts use this revision"", ""world"": ""synthetic_component""}",1,,1,2832.0,58,1.0,all,rally,2832.0,True,transport_sample,0.0,0.0,4,0.0,,,"{""uplink"": {""capacity"": 4096, ""in_flight"": 0, ""pending_reliable_or_unresolved"": 0, ""scheduled_events"": 0}}",all,0,0.0,1,1,all,12.0,0.25,0.25,4,0.25,,,0.0,0.0,4,0.0,,,11.0,0.0,0.0,4,0.0,,,synthetic_component
,,0,,,,,,,1.0,1.0,1.75,1.25,1.0,0.0,1.0,1.69999999992433,0,,,0.0,0.0,,,,0,0,0,0,0,0,0,0,0,0,0,0,0,0,0,0,0,0,0,0,0,0,0,0,0,0,0,0,0,0,0,0,0,0,downlink,1.75,p3c_runtime,10.25,"{""admission_protocol"": false, ""effective"": {""downlink"": {""ack_timeout_sec"": 5.0, ""blackout_intervals"": [], ""delay_sec"": 0.0, ""drop_types"": [], ""duplicate_rate"": 0.0, ""loss_rate"": 0.0, ""max_retries"": 2, ""queue_capacity"": 4096, ""reorder_step_sec"": 0.05, ""reorder_window"": 0, ""seed"": 610839777}, ""uplink"": {""ack_timeout_sec"": 5.0, ""blackout_intervals"": [], ""delay_sec"": 0.0, ""drop_types"": [], ""duplicate_rate"": 0.0, ""loss_rate"": 0.0, ""max_retries"": 2, ""queue_capacity"": 4096, ""reorder_step_sec"": 0.05, ""reorder_window"": 0, ""seed"": 324508638}}, ""effective_sim_time"": 0.0, ""episode_id"": ""p3c_runtime"", ""fault_control_enabled"": true, ""fault_seed"": 1, ""gazebo_seed"": 1, ""ledger_path"": ""/home/zhuyulab/ns3-workspace/ros2_ws/ros2-multi-robot-automap/log/p3c5/p3c_monitor_v11/ledger.jsonl"", ""mission_mode"": ""rally"", ""requested"": {""ack_timeout_sec"": 5.0, ""blackout_intervals"": ""[]"", ""downlink_delay_sec"": 0.0, ""downlink_loss_rate"": 0.0, ""drop_message_types"": """", ""duplicate_rate"": 0.0, ""max_retries"": 2, ""network_mode"": ""ideal"", ""queue_capacity"": 0, ""reorder_step_sec"": 0.05, ""reorder_window"": 0, ""uplink_delay_sec"": 0.0, ""uplink_loss_rate"": 0.0}, ""revision"": 0, ""semantics"": ""in-flight attempts retain their transmission configuration; new attempts use this revision"", ""world"": ""synthetic_component""}",1,10.0,1,0.0,58,,all,rally,0.0,True,transport_sample,,,0,,,,"{""downlink"": {""capacity"": 4096, ""in_flight"": 0, ""pending_reliable_or_unresolved"": 0, ""scheduled_events"": 1}}",all,0,,1,1,all,12.0,,,0,,,,,,0,,,,11.0,,,0,,,,synthetic_component
,,0,,,,,,,1.0,1.0,1.75,1.25,1.0,0.0,1.0,1.69999999992433,0,,,0.0,0.0,,,,0,0,0,0,0,0,0,0,0,0,0,0,0,0,0,0,0,0,0,0,0,0,0,0,0,0,0,0,0,0,0,0,0,0,downlink,1.75,p3c_runtime,10.25,"{""admission_protocol"": false, ""effective"": {""downlink"": {""ack_timeout_sec"": 5.0, ""blackout_intervals"": [], ""delay_sec"": 0.0, ""drop_types"": [], ""duplicate_rate"": 0.0, ""loss_rate"": 0.0, ""max_retries"": 2, ""queue_capacity"": 4096, ""reorder_step_sec"": 0.05, ""reorder_window"": 0, ""seed"": 610839777}, ""uplink"": {""ack_timeout_sec"": 5.0, ""blackout_intervals"": [], ""delay_sec"": 0.0, ""drop_types"": [], ""duplicate_rate"": 0.0, ""loss_rate"": 0.0, ""max_retries"": 2, ""queue_capacity"": 4096, ""reorder_step_sec"": 0.05, ""reorder_window"": 0, ""seed"": 324508638}}, ""effective_sim_time"": 0.0, ""episode_id"": ""p3c_runtime"", ""fault_control_enabled"": true, ""fault_seed"": 1, ""gazebo_seed"": 1, ""ledger_path"": ""/home/zhuyulab/ns3-workspace/ros2_ws/ros2-multi-robot-automap/log/p3c5/p3c_monitor_v11/ledger.jsonl"", ""mission_mode"": ""rally"", ""requested"": {""ack_timeout_sec"": 5.0, ""blackout_intervals"": ""[]"", ""downlink_delay_sec"": 0.0, ""downlink_loss_rate"": 0.0, ""drop_message_types"": """", ""duplicate_rate"": 0.0, ""max_retries"": 2, ""network_mode"": ""ideal"", ""queue_capacity"": 0, ""reorder_step_sec"": 0.05, ""reorder_window"": 0, ""uplink_delay_sec"": 0.0, ""uplink_loss_rate"": 0.0}, ""revision"": 0, ""semantics"": ""in-flight attempts retain their transmission configuration; new attempts use this revision"", ""world"": ""synthetic_component""}",1,10.0,1,0.0,58,,task_state,rally,0.0,True,transport_sample,,,0,,,,"{""downlink"": {""capacity"": 4096, ""in_flight"": 0, ""pending_reliable_or_unresolved"": 0, ""scheduled_events"": 1}}",all,0,,1,1,all,12.0,,,0,,,,,,0,,,,11.0,,,0,,,,synthetic_component
,,0,,,,,,,1.0,1.0,1.5,1.0,1.0,0.0,1.0,1.4500000000116415,0,,,0.0,0.0,,,,0,0,0,0,0,0,0,0,0,0,0,0,0,0,0,0,0,0,0,0,0,0,0,0,0,0,0,0,0,0,0,0,0,0,uplink,1.75,p3c_runtime,10.25,"{""admission_protocol"": false, ""effective"": {""downlink"": {""ack_timeout_sec"": 5.0, ""blackout_intervals"": [], ""delay_sec"": 0.0, ""drop_types"": [], ""duplicate_rate"": 0.0, ""loss_rate"": 0.0, ""max_retries"": 2, ""queue_capacity"": 4096, ""reorder_step_sec"": 0.05, ""reorder_window"": 0, ""seed"": 610839777}, ""uplink"": {""ack_timeout_sec"": 5.0, ""blackout_intervals"": [], ""delay_sec"": 0.0, ""drop_types"": [], ""duplicate_rate"": 0.0, ""loss_rate"": 0.0, ""max_retries"": 2, ""queue_capacity"": 4096, ""reorder_step_sec"": 0.05, ""reorder_window"": 0, ""seed"": 324508638}}, ""effective_sim_time"": 0.0, ""episode_id"": ""p3c_runtime"", ""fault_control_enabled"": true, ""fault_seed"": 1, ""gazebo_seed"": 1, ""ledger_path"": ""/home/zhuyulab/ns3-workspace/ros2_ws/ros2-multi-robot-automap/log/p3c5/p3c_monitor_v11/ledger.jsonl"", ""mission_mode"": ""rally"", ""requested"": {""ack_timeout_sec"": 5.0, ""blackout_intervals"": ""[]"", ""downlink_delay_sec"": 0.0, ""downlink_loss_rate"": 0.0, ""drop_message_types"": """", ""duplicate_rate"": 0.0, ""max_retries"": 2, ""network_mode"": ""ideal"", ""queue_capacity"": 0, ""reorder_step_sec"": 0.05, ""reorder_window"": 0, ""uplink_delay_sec"": 0.0, ""uplink_loss_rate"": 0.0}, ""revision"": 0, ""semantics"": ""in-flight attempts retain their transmission configuration; new attempts use this revision"", ""world"": ""synthetic_component""}",1,10.0,1,0.0,58,,ack,rally,0.0,True,transport_sample,,,0,,,,"{""uplink"": {""capacity"": 4096, ""in_flight"": 0, ""pending_reliable_or_unresolved"": 0, ""scheduled_events"": 0}}",all,0,,1,1,all,12.0,,,0,,,,,,0,,,,11.0,,,0,,,,synthetic_component
0.0,0.0,4,0.0,,,,,,1.0,1.0,0.5,0.375,1.0,0.0,1.0,0.48749999998835847,0,,,0.0,0.0,1.0,0.0,1.0,2832,4,2832,4,2832,4,2832,4,1,4,4,4,2832,2832,4,0,0,0,0,4,2832,4,0,0,0,0,0,0,0,0,0,0,0,0,uplink,1.75,p3c_runtime,10.25,"{""admission_protocol"": false, ""effective"": {""downlink"": {""ack_timeout_sec"": 5.0, ""blackout_intervals"": [], ""delay_sec"": 0.0, ""drop_types"": [], ""duplicate_rate"": 0.0, ""loss_rate"": 0.0, ""max_retries"": 2, ""queue_capacity"": 4096, ""reorder_step_sec"": 0.05, ""reorder_window"": 0, ""seed"": 610839777}, ""uplink"": {""ack_timeout_sec"": 5.0, ""blackout_intervals"": [], ""delay_sec"": 0.0, ""drop_types"": [], ""duplicate_rate"": 0.0, ""loss_rate"": 0.0, ""max_retries"": 2, ""queue_capacity"": 4096, ""reorder_step_sec"": 0.05, ""reorder_window"": 0, ""seed"": 324508638}}, ""effective_sim_time"": 0.0, ""episode_id"": ""p3c_runtime"", ""fault_control_enabled"": true, ""fault_seed"": 1, ""gazebo_seed"": 1, ""ledger_path"": ""/home/zhuyulab/ns3-workspace/ros2_ws/ros2-multi-robot-automap/log/p3c5/p3c_monitor_v11/ledger.jsonl"", ""mission_mode"": ""rally"", ""requested"": {""ack_timeout_sec"": 5.0, ""blackout_intervals"": ""[]"", ""downlink_delay_sec"": 0.0, ""downlink_loss_rate"": 0.0, ""drop_message_types"": """", ""duplicate_rate"": 0.0, ""max_retries"": 2, ""network_mode"": ""ideal"", ""queue_capacity"": 0, ""reorder_step_sec"": 0.05, ""reorder_window"": 0, ""uplink_delay_sec"": 0.0, ""uplink_loss_rate"": 0.0}, ""revision"": 0, ""semantics"": ""in-flight attempts retain their transmission configuration; new attempts use this revision"", ""world"": ""synthetic_component""}",1,2.0,1,2832.0,58,1.0,pose_state,rally,2832.0,True,transport_sample,0.0,0.0,4,0.0,,,"{""uplink"": {""capacity"": 4096, ""in_flight"": 0, ""pending_reliable_or_unresolved"": 0, ""scheduled_events"": 0}}",all,0,0.0,1,1,all,12.0,0.25,0.25,4,0.25,,,0.0,0.0,4,0.0,,,11.0,0.0,0.0,4,0.0,,,synthetic_component
,,0,,,,,,,1.0,1.0,1.75,1.25,1.0,0.0,1.0,1.69999999992433,0,,,0.0,0.0,,,,0,0,0,0,0,0,0,0,0,0,0,0,0,0,0,0,0,0,0,0,0,0,0,0,0,0,0,0,0,0,0,0,0,0,downlink,1.75,p3c_runtime,10.25,"{""admission_protocol"": false, ""effective"": {""downlink"": {""ack_timeout_sec"": 5.0, ""blackout_intervals"": [], ""delay_sec"": 0.0, ""drop_types"": [], ""duplicate_rate"": 0.0, ""loss_rate"": 0.0, ""max_retries"": 2, ""queue_capacity"": 4096, ""reorder_step_sec"": 0.05, ""reorder_window"": 0, ""seed"": 610839777}, ""uplink"": {""ack_timeout_sec"": 5.0, ""blackout_intervals"": [], ""delay_sec"": 0.0, ""drop_types"": [], ""duplicate_rate"": 0.0, ""loss_rate"": 0.0, ""max_retries"": 2, ""queue_capacity"": 4096, ""reorder_step_sec"": 0.05, ""reorder_window"": 0, ""seed"": 324508638}}, ""effective_sim_time"": 0.0, ""episode_id"": ""p3c_runtime"", ""fault_control_enabled"": true, ""fault_seed"": 1, ""gazebo_seed"": 1, ""ledger_path"": ""/home/zhuyulab/ns3-workspace/ros2_ws/ros2-multi-robot-automap/log/p3c5/p3c_monitor_v11/ledger.jsonl"", ""mission_mode"": ""rally"", ""requested"": {""ack_timeout_sec"": 5.0, ""blackout_intervals"": ""[]"", ""downlink_delay_sec"": 0.0, ""downlink_loss_rate"": 0.0, ""drop_message_types"": """", ""duplicate_rate"": 0.0, ""max_retries"": 2, ""network_mode"": ""ideal"", ""queue_capacity"": 0, ""reorder_step_sec"": 0.05, ""reorder_window"": 0, ""uplink_delay_sec"": 0.0, ""uplink_loss_rate"": 0.0}, ""revision"": 0, ""semantics"": ""in-flight attempts retain their transmission configuration; new attempts use this revision"", ""world"": ""synthetic_component""}",1,10.0,1,0.0,58,,task_state,rally,0.0,True,transport_sample,,,0,,,,"{""downlink"": {""capacity"": 4096, ""in_flight"": 0, ""pending_reliable_or_unresolved"": 0, ""scheduled_events"": 1}}",tb1,0,,1,1,headquarters,12.0,,,0,,,,,,0,,,,11.0,,,0,,,,synthetic_component
,,0,,,,,,,1.0,1.0,1.5,1.0,1.0,0.0,1.0,1.4500000000116415,0,,,0.0,0.0,,,,0,0,0,0,0,0,0,0,0,0,0,0,0,0,0,0,0,0,0,0,0,0,0,0,0,0,0,0,0,0,0,0,0,0,uplink,1.75,p3c_runtime,10.25,"{""admission_protocol"": false, ""effective"": {""downlink"": {""ack_timeout_sec"": 5.0, ""blackout_intervals"": [], ""delay_sec"": 0.0, ""drop_types"": [], ""duplicate_rate"": 0.0, ""loss_rate"": 0.0, ""max_retries"": 2, ""queue_capacity"": 4096, ""reorder_step_sec"": 0.05, ""reorder_window"": 0, ""seed"": 610839777}, ""uplink"": {""ack_timeout_sec"": 5.0, ""blackout_intervals"": [], ""delay_sec"": 0.0, ""drop_types"": [], ""duplicate_rate"": 0.0, ""loss_rate"": 0.0, ""max_retries"": 2, ""queue_capacity"": 4096, ""reorder_step_sec"": 0.05, ""reorder_window"": 0, ""seed"": 324508638}}, ""effective_sim_time"": 0.0, ""episode_id"": ""p3c_runtime"", ""fault_control_enabled"": true, ""fault_seed"": 1, ""gazebo_seed"": 1, ""ledger_path"": ""/home/zhuyulab/ns3-workspace/ros2_ws/ros2-multi-robot-automap/log/p3c5/p3c_monitor_v11/ledger.jsonl"", ""mission_mode"": ""rally"", ""requested"": {""ack_timeout_sec"": 5.0, ""blackout_intervals"": ""[]"", ""downlink_delay_sec"": 0.0, ""downlink_loss_rate"": 0.0, ""drop_message_types"": """", ""duplicate_rate"": 0.0, ""max_retries"": 2, ""network_mode"": ""ideal"", ""queue_capacity"": 0, ""reorder_step_sec"": 0.05, ""reorder_window"": 0, ""uplink_delay_sec"": 0.0, ""uplink_loss_rate"": 0.0}, ""revision"": 0, ""semantics"": ""in-flight attempts retain their transmission configuration; new attempts use this revision"", ""world"": ""synthetic_component""}",1,10.0,1,0.0,58,,ack,rally,0.0,True,transport_sample,,,0,,,,"{""uplink"": {""capacity"": 4096, ""in_flight"": 0, ""pending_reliable_or_unresolved"": 0, ""scheduled_events"": 0}}",headquarters,0,,1,1,tb1,12.0,,,0,,,,,,0,,,,11.0,,,0,,,,synthetic_component
0.0,0.0,4,0.0,,,,,,1.0,1.0,0.5,0.375,1.0,0.0,1.0,0.48749999998835847,0,,,0.0,0.0,1.0,0.0,1.0,2832,4,2832,4,2832,4,2832,4,1,4,4,4,2832,2832,4,0,0,0,0,4,2832,4,0,0,0,0,0,0,0,0,0,0,0,0,uplink,1.75,p3c_runtime,10.25,"{""admission_protocol"": false, ""effective"": {""downlink"": {""ack_timeout_sec"": 5.0, ""blackout_intervals"": [], ""delay_sec"": 0.0, ""drop_types"": [], ""duplicate_rate"": 0.0, ""loss_rate"": 0.0, ""max_retries"": 2, ""queue_capacity"": 4096, ""reorder_step_sec"": 0.05, ""reorder_window"": 0, ""seed"": 610839777}, ""uplink"": {""ack_timeout_sec"": 5.0, ""blackout_intervals"": [], ""delay_sec"": 0.0, ""drop_types"": [], ""duplicate_rate"": 0.0, ""loss_rate"": 0.0, ""max_retries"": 2, ""queue_capacity"": 4096, ""reorder_step_sec"": 0.05, ""reorder_window"": 0, ""seed"": 324508638}}, ""effective_sim_time"": 0.0, ""episode_id"": ""p3c_runtime"", ""fault_control_enabled"": true, ""fault_seed"": 1, ""gazebo_seed"": 1, ""ledger_path"": ""/home/zhuyulab/ns3-workspace/ros2_ws/ros2-multi-robot-automap/log/p3c5/p3c_monitor_v11/ledger.jsonl"", ""mission_mode"": ""rally"", ""requested"": {""ack_timeout_sec"": 5.0, ""blackout_intervals"": ""[]"", ""downlink_delay_sec"": 0.0, ""downlink_loss_rate"": 0.0, ""drop_message_types"": """", ""duplicate_rate"": 0.0, ""max_retries"": 2, ""network_mode"": ""ideal"", ""queue_capacity"": 0, ""reorder_step_sec"": 0.05, ""reorder_window"": 0, ""uplink_delay_sec"": 0.0, ""uplink_loss_rate"": 0.0}, ""revision"": 0, ""semantics"": ""in-flight attempts retain their transmission configuration; new attempts use this revision"", ""world"": ""synthetic_component""}",1,2.0,1,2832.0,58,1.0,pose_state,rally,2832.0,True,transport_sample,0.0,0.0,4,0.0,,,"{""uplink"": {""capacity"": 4096, ""in_flight"": 0, ""pending_reliable_or_unresolved"": 0, ""scheduled_events"": 0}}",headquarters,0,0.0,1,1,tb1,12.0,0.25,0.25,4,0.25,,,0.0,0.0,4,0.0,,,11.0,0.0,0.0,4,0.0,,,synthetic_component
0.0,0.0,4,0.0,,,,,,1.0,2.0,2.5,1.1875,2.0,0.0,2.0,2.400000000197906,0,,,0.0,0.0,1.0,0.0,1.0,2832,4,2832,4,2832,4,2832,4,1,4,4,4,2832,2832,4,0,0,0,0,4,2832,4,0,0,0,0,0,0,0,0,0,0,0,0,uplink,2.75,p3c_runtime,10.25,"{""admission_protocol"": false, ""effective"": {""downlink"": {""ack_timeout_sec"": 5.0, ""blackout_intervals"": [], ""delay_sec"": 0.0, ""drop_types"": [], ""duplicate_rate"": 0.0, ""loss_rate"": 0.0, ""max_retries"": 2, ""queue_capacity"": 4096, ""reorder_step_sec"": 0.05, ""reorder_window"": 0, ""seed"": 610839777}, ""uplink"": {""ack_timeout_sec"": 5.0, ""blackout_intervals"": [], ""delay_sec"": 0.0, ""drop_types"": [], ""duplicate_rate"": 0.0, ""loss_rate"": 0.0, ""max_retries"": 2, ""queue_capacity"": 4096, ""reorder_step_sec"": 0.05, ""reorder_window"": 0, ""seed"": 324508638}}, ""effective_sim_time"": 0.0, ""episode_id"": ""p3c_runtime"", ""fault_control_enabled"": true, ""fault_seed"": 1, ""gazebo_seed"": 1, ""ledger_path"": ""/home/zhuyulab/ns3-workspace/ros2_ws/ros2-multi-robot-automap/log/p3c5/p3c_monitor_v11/ledger.jsonl"", ""mission_mode"": ""rally"", ""requested"": {""ack_timeout_sec"": 5.0, ""blackout_intervals"": ""[]"", ""downlink_delay_sec"": 0.0, ""downlink_loss_rate"": 0.0, ""drop_message_types"": """", ""duplicate_rate"": 0.0, ""max_retries"": 2, ""network_mode"": ""ideal"", ""queue_capacity"": 0, ""reorder_step_sec"": 0.05, ""reorder_window"": 0, ""uplink_delay_sec"": 0.0, ""uplink_loss_rate"": 0.0}, ""revision"": 0, ""semantics"": ""in-flight attempts retain their transmission configuration; new attempts use this revision"", ""world"": ""synthetic_component""}",1,,1,2832.0,83,1.0,all,rally,2832.0,True,transport_sample,0.0,0.0,4,0.0,,,"{""uplink"": {""capacity"": 4096, ""in_flight"": 0, ""pending_reliable_or_unresolved"": 0, ""scheduled_events"": 0}}",all,0,0.0,1,1,all,13.0,0.25,0.25,4,0.25,,,0.0,0.0,4,0.0,,,12.0,0.0,0.0,4,0.0,,,synthetic_component
,,0,,,,,,,1.0,1.0,2.75,2.25,1.0,0.0,1.0,2.6999999999825377,0,,,0.0,0.0,,,,0,0,0,0,0,0,0,0,0,0,0,0,0,0,0,0,0,0,0,0,0,0,0,0,0,0,0,0,0,0,0,0,0,0,downlink,2.75,p3c_runtime,10.25,"{""admission_protocol"": false, ""effective"": {""downlink"": {""ack_timeout_sec"": 5.0, ""blackout_intervals"": [], ""delay_sec"": 0.0, ""drop_types"": [], ""duplicate_rate"": 0.0, ""loss_rate"": 0.0, ""max_retries"": 2, ""queue_capacity"": 4096, ""reorder_step_sec"": 0.05, ""reorder_window"": 0, ""seed"": 610839777}, ""uplink"": {""ack_timeout_sec"": 5.0, ""blackout_intervals"": [], ""delay_sec"": 0.0, ""drop_types"": [], ""duplicate_rate"": 0.0, ""loss_rate"": 0.0, ""max_retries"": 2, ""queue_capacity"": 4096, ""reorder_step_sec"": 0.05, ""reorder_window"": 0, ""seed"": 324508638}}, ""effective_sim_time"": 0.0, ""episode_id"": ""p3c_runtime"", ""fault_control_enabled"": true, ""fault_seed"": 1, ""gazebo_seed"": 1, ""ledger_path"": ""/home/zhuyulab/ns3-workspace/ros2_ws/ros2-multi-robot-automap/log/p3c5/p3c_monitor_v11/ledger.jsonl"", ""mission_mode"": ""rally"", ""requested"": {""ack_timeout_sec"": 5.0, ""blackout_intervals"": ""[]"", ""downlink_delay_sec"": 0.0, ""downlink_loss_rate"": 0.0, ""drop_message_types"": """", ""duplicate_rate"": 0.0, ""max_retries"": 2, ""network_mode"": ""ideal"", ""queue_capacity"": 0, ""reorder_step_sec"": 0.05, ""reorder_window"": 0, ""uplink_delay_sec"": 0.0, ""uplink_loss_rate"": 0.0}, ""revision"": 0, ""semantics"": ""in-flight attempts retain their transmission configuration; new attempts use this revision"", ""world"": ""synthetic_component""}",1,10.0,1,0.0,83,,all,rally,0.0,True,transport_sample,,,0,,,,"{""downlink"": {""capacity"": 4096, ""in_flight"": 0, ""pending_reliable_or_unresolved"": 0, ""scheduled_events"": 1}}",all,0,,1,1,all,13.0,,,0,,,,,,0,,,,12.0,,,0,,,,synthetic_component
,,0,,,,,,,1.0,1.0,2.75,2.25,1.0,0.0,1.0,2.6999999999825377,0,,,0.0,0.0,,,,0,0,0,0,0,0,0,0,0,0,0,0,0,0,0,0,0,0,0,0,0,0,0,0,0,0,0,0,0,0,0,0,0,0,downlink,2.75,p3c_runtime,10.25,"{""admission_protocol"": false, ""effective"": {""downlink"": {""ack_timeout_sec"": 5.0, ""blackout_intervals"": [], ""delay_sec"": 0.0, ""drop_types"": [], ""duplicate_rate"": 0.0, ""loss_rate"": 0.0, ""max_retries"": 2, ""queue_capacity"": 4096, ""reorder_step_sec"": 0.05, ""reorder_window"": 0, ""seed"": 610839777}, ""uplink"": {""ack_timeout_sec"": 5.0, ""blackout_intervals"": [], ""delay_sec"": 0.0, ""drop_types"": [], ""duplicate_rate"": 0.0, ""loss_rate"": 0.0, ""max_retries"": 2, ""queue_capacity"": 4096, ""reorder_step_sec"": 0.05, ""reorder_window"": 0, ""seed"": 324508638}}, ""effective_sim_time"": 0.0, ""episode_id"": ""p3c_runtime"", ""fault_control_enabled"": true, ""fault_seed"": 1, ""gazebo_seed"": 1, ""ledger_path"": ""/home/zhuyulab/ns3-workspace/ros2_ws/ros2-multi-robot-automap/log/p3c5/p3c_monitor_v11/ledger.jsonl"", ""mission_mode"": ""rally"", ""requested"": {""ack_timeout_sec"": 5.0, ""blackout_intervals"": ""[]"", ""downlink_delay_sec"": 0.0, ""downlink_loss_rate"": 0.0, ""drop_message_types"": """", ""duplicate_rate"": 0.0, ""max_retries"": 2, ""network_mode"": ""ideal"", ""queue_capacity"": 0, ""reorder_step_sec"": 0.05, ""reorder_window"": 0, ""uplink_delay_sec"": 0.0, ""uplink_loss_rate"": 0.0}, ""revision"": 0, ""semantics"": ""in-flight attempts retain their transmission configuration; new attempts use this revision"", ""world"": ""synthetic_component""}",1,10.0,1,0.0,83,,task_state,rally,0.0,True,transport_sample,,,0,,,,"{""downlink"": {""capacity"": 4096, ""in_flight"": 0, ""pending_reliable_or_unresolved"": 0, ""scheduled_events"": 1}}",all,0,,1,1,all,13.0,,,0,,,,,,0,,,,12.0,,,0,,,,synthetic_component
,,0,,,,,,,1.0,1.0,2.5,2.0,1.0,0.0,1.0,2.450000000244472,0,,,0.0,0.0,,,,0,0,0,0,0,0,0,0,0,0,0,0,0,0,0,0,0,0,0,0,0,0,0,0,0,0,0,0,0,0,0,0,0,0,uplink,2.75,p3c_runtime,10.25,"{""admission_protocol"": false, ""effective"": {""downlink"": {""ack_timeout_sec"": 5.0, ""blackout_intervals"": [], ""delay_sec"": 0.0, ""drop_types"": [], ""duplicate_rate"": 0.0, ""loss_rate"": 0.0, ""max_retries"": 2, ""queue_capacity"": 4096, ""reorder_step_sec"": 0.05, ""reorder_window"": 0, ""seed"": 610839777}, ""uplink"": {""ack_timeout_sec"": 5.0, ""blackout_intervals"": [], ""delay_sec"": 0.0, ""drop_types"": [], ""duplicate_rate"": 0.0, ""loss_rate"": 0.0, ""max_retries"": 2, ""queue_capacity"": 4096, ""reorder_step_sec"": 0.05, ""reorder_window"": 0, ""seed"": 324508638}}, ""effective_sim_time"": 0.0, ""episode_id"": ""p3c_runtime"", ""fault_control_enabled"": true, ""fault_seed"": 1, ""gazebo_seed"": 1, ""ledger_path"": ""/home/zhuyulab/ns3-workspace/ros2_ws/ros2-multi-robot-automap/log/p3c5/p3c_monitor_v11/ledger.jsonl"", ""mission_mode"": ""rally"", ""requested"": {""ack_timeout_sec"": 5.0, ""blackout_intervals"": ""[]"", ""downlink_delay_sec"": 0.0, ""downlink_loss_rate"": 0.0, ""drop_message_types"": """", ""duplicate_rate"": 0.0, ""max_retries"": 2, ""network_mode"": ""ideal"", ""queue_capacity"": 0, ""reorder_step_sec"": 0.05, ""reorder_window"": 0, ""uplink_delay_sec"": 0.0, ""uplink_loss_rate"": 0.0}, ""revision"": 0, ""semantics"": ""in-flight attempts retain their transmission configuration; new attempts use this revision"", ""world"": ""synthetic_component""}",1,10.0,1,0.0,83,,ack,rally,0.0,True,transport_sample,,,0,,,,"{""uplink"": {""capacity"": 4096, ""in_flight"": 0, ""pending_reliable_or_unresolved"": 0, ""scheduled_events"": 0}}",all,0,,1,1,all,13.0,,,0,,,,,,0,,,,12.0,,,0,,,,synthetic_component
0.0,0.0,4,0.0,,,,,,1.0,1.0,0.5,0.375,1.0,0.0,1.0,0.48749999998835847,0,,,0.0,0.0,1.0,0.0,1.0,2832,4,2832,4,2832,4,2832,4,1,4,4,4,2832,2832,4,0,0,0,0,4,2832,4,0,0,0,0,0,0,0,0,0,0,0,0,uplink,2.75,p3c_runtime,10.25,"{""admission_protocol"": false, ""effective"": {""downlink"": {""ack_timeout_sec"": 5.0, ""blackout_intervals"": [], ""delay_sec"": 0.0, ""drop_types"": [], ""duplicate_rate"": 0.0, ""loss_rate"": 0.0, ""max_retries"": 2, ""queue_capacity"": 4096, ""reorder_step_sec"": 0.05, ""reorder_window"": 0, ""seed"": 610839777}, ""uplink"": {""ack_timeout_sec"": 5.0, ""blackout_intervals"": [], ""delay_sec"": 0.0, ""drop_types"": [], ""duplicate_rate"": 0.0, ""loss_rate"": 0.0, ""max_retries"": 2, ""queue_capacity"": 4096, ""reorder_step_sec"": 0.05, ""reorder_window"": 0, ""seed"": 324508638}}, ""effective_sim_time"": 0.0, ""episode_id"": ""p3c_runtime"", ""fault_control_enabled"": true, ""fault_seed"": 1, ""gazebo_seed"": 1, ""ledger_path"": ""/home/zhuyulab/ns3-workspace/ros2_ws/ros2-multi-robot-automap/log/p3c5/p3c_monitor_v11/ledger.jsonl"", ""mission_mode"": ""rally"", ""requested"": {""ack_timeout_sec"": 5.0, ""blackout_intervals"": ""[]"", ""downlink_delay_sec"": 0.0, ""downlink_loss_rate"": 0.0, ""drop_message_types"": """", ""duplicate_rate"": 0.0, ""max_retries"": 2, ""network_mode"": ""ideal"", ""queue_capacity"": 0, ""reorder_step_sec"": 0.05, ""reorder_window"": 0, ""uplink_delay_sec"": 0.0, ""uplink_loss_rate"": 0.0}, ""revision"": 0, ""semantics"": ""in-flight attempts retain their transmission configuration; new attempts use this revision"", ""world"": ""synthetic_component""}",1,2.0,1,2832.0,83,1.0,pose_state,rally,2832.0,True,transport_sample,0.0,0.0,4,0.0,,,"{""uplink"": {""capacity"": 4096, ""in_flight"": 0, ""pending_reliable_or_unresolved"": 0, ""scheduled_events"": 0}}",all,0,0.0,1,1,all,13.0,0.25,0.25,4,0.25,,,0.0,0.0,4,0.0,,,12.0,0.0,0.0,4,0.0,,,synthetic_component
,,0,,,,,,,1.0,1.0,2.75,2.25,1.0,0.0,1.0,2.6999999999825377,0,,,0.0,0.0,,,,0,0,0,0,0,0,0,0,0,0,0,0,0,0,0,0,0,0,0,0,0,0,0,0,0,0,0,0,0,0,0,0,0,0,downlink,2.75,p3c_runtime,10.25,"{""admission_protocol"": false, ""effective"": {""downlink"": {""ack_timeout_sec"": 5.0, ""blackout_intervals"": [], ""delay_sec"": 0.0, ""drop_types"": [], ""duplicate_rate"": 0.0, ""loss_rate"": 0.0, ""max_retries"": 2, ""queue_capacity"": 4096, ""reorder_step_sec"": 0.05, ""reorder_window"": 0, ""seed"": 610839777}, ""uplink"": {""ack_timeout_sec"": 5.0, ""blackout_intervals"": [], ""delay_sec"": 0.0, ""drop_types"": [], ""duplicate_rate"": 0.0, ""loss_rate"": 0.0, ""max_retries"": 2, ""queue_capacity"": 4096, ""reorder_step_sec"": 0.05, ""reorder_window"": 0, ""seed"": 324508638}}, ""effective_sim_time"": 0.0, ""episode_id"": ""p3c_runtime"", ""fault_control_enabled"": true, ""fault_seed"": 1, ""gazebo_seed"": 1, ""ledger_path"": ""/home/zhuyulab/ns3-workspace/ros2_ws/ros2-multi-robot-automap/log/p3c5/p3c_monitor_v11/ledger.jsonl"", ""mission_mode"": ""rally"", ""requested"": {""ack_timeout_sec"": 5.0, ""blackout_intervals"": ""[]"", ""downlink_delay_sec"": 0.0, ""downlink_loss_rate"": 0.0, ""drop_message_types"": """", ""duplicate_rate"": 0.0, ""max_retries"": 2, ""network_mode"": ""ideal"", ""queue_capacity"": 0, ""reorder_step_sec"": 0.05, ""reorder_window"": 0, ""uplink_delay_sec"": 0.0, ""uplink_loss_rate"": 0.0}, ""revision"": 0, ""semantics"": ""in-flight attempts retain their transmission configuration; new attempts use this revision"", ""world"": ""synthetic_component""}",1,10.0,1,0.0,83,,task_state,rally,0.0,True,transport_sample,,,0,,,,"{""downlink"": {""capacity"": 4096, ""in_flight"": 0, ""pending_reliable_or_unresolved"": 0, ""scheduled_events"": 1}}",tb1,0,,1,1,headquarters,13.0,,,0,,,,,,0,,,,12.0,,,0,,,,synthetic_component
,,0,,,,,,,1.0,1.0,2.5,2.0,1.0,0.0,1.0,2.450000000244472,0,,,0.0,0.0,,,,0,0,0,0,0,0,0,0,0,0,0,0,0,0,0,0,0,0,0,0,0,0,0,0,0,0,0,0,0,0,0,0,0,0,uplink,2.75,p3c_runtime,10.25,"{""admission_protocol"": false, ""effective"": {""downlink"": {""ack_timeout_sec"": 5.0, ""blackout_intervals"": [], ""delay_sec"": 0.0, ""drop_types"": [], ""duplicate_rate"": 0.0, ""loss_rate"": 0.0, ""max_retries"": 2, ""queue_capacity"": 4096, ""reorder_step_sec"": 0.05, ""reorder_window"": 0, ""seed"": 610839777}, ""uplink"": {""ack_timeout_sec"": 5.0, ""blackout_intervals"": [], ""delay_sec"": 0.0, ""drop_types"": [], ""duplicate_rate"": 0.0, ""loss_rate"": 0.0, ""max_retries"": 2, ""queue_capacity"": 4096, ""reorder_step_sec"": 0.05, ""reorder_window"": 0, ""seed"": 324508638}}, ""effective_sim_time"": 0.0, ""episode_id"": ""p3c_runtime"", ""fault_control_enabled"": true, ""fault_seed"": 1, ""gazebo_seed"": 1, ""ledger_path"": ""/home/zhuyulab/ns3-workspace/ros2_ws/ros2-multi-robot-automap/log/p3c5/p3c_monitor_v11/ledger.jsonl"", ""mission_mode"": ""rally"", ""requested"": {""ack_timeout_sec"": 5.0, ""blackout_intervals"": ""[]"", ""downlink_delay_sec"": 0.0, ""downlink_loss_rate"": 0.0, ""drop_message_types"": """", ""duplicate_rate"": 0.0, ""max_retries"": 2, ""network_mode"": ""ideal"", ""queue_capacity"": 0, ""reorder_step_sec"": 0.05, ""reorder_window"": 0, ""uplink_delay_sec"": 0.0, ""uplink_loss_rate"": 0.0}, ""revision"": 0, ""semantics"": ""in-flight attempts retain their transmission configuration; new attempts use this revision"", ""world"": ""synthetic_component""}",1,10.0,1,0.0,83,,ack,rally,0.0,True,transport_sample,,,0,,,,"{""uplink"": {""capacity"": 4096, ""in_flight"": 0, ""pending_reliable_or_unresolved"": 0, ""scheduled_events"": 0}}",headquarters,0,,1,1,tb1,13.0,,,0,,,,,,0,,,,12.0,,,0,,,,synthetic_component
0.0,0.0,4,0.0,,,,,,1.0,1.0,0.5,0.375,1.0,0.0,1.0,0.48749999998835847,0,,,0.0,0.0,1.0,0.0,1.0,2832,4,2832,4,2832,4,2832,4,1,4,4,4,2832,2832,4,0,0,0,0,4,2832,4,0,0,0,0,0,0,0,0,0,0,0,0,uplink,2.75,p3c_runtime,10.25,"{""admission_protocol"": false, ""effective"": {""downlink"": {""ack_timeout_sec"": 5.0, ""blackout_intervals"": [], ""delay_sec"": 0.0, ""drop_types"": [], ""duplicate_rate"": 0.0, ""loss_rate"": 0.0, ""max_retries"": 2, ""queue_capacity"": 4096, ""reorder_step_sec"": 0.05, ""reorder_window"": 0, ""seed"": 610839777}, ""uplink"": {""ack_timeout_sec"": 5.0, ""blackout_intervals"": [], ""delay_sec"": 0.0, ""drop_types"": [], ""duplicate_rate"": 0.0, ""loss_rate"": 0.0, ""max_retries"": 2, ""queue_capacity"": 4096, ""reorder_step_sec"": 0.05, ""reorder_window"": 0, ""seed"": 324508638}}, ""effective_sim_time"": 0.0, ""episode_id"": ""p3c_runtime"", ""fault_control_enabled"": true, ""fault_seed"": 1, ""gazebo_seed"": 1, ""ledger_path"": ""/home/zhuyulab/ns3-workspace/ros2_ws/ros2-multi-robot-automap/log/p3c5/p3c_monitor_v11/ledger.jsonl"", ""mission_mode"": ""rally"", ""requested"": {""ack_timeout_sec"": 5.0, ""blackout_intervals"": ""[]"", ""downlink_delay_sec"": 0.0, ""downlink_loss_rate"": 0.0, ""drop_message_types"": """", ""duplicate_rate"": 0.0, ""max_retries"": 2, ""network_mode"": ""ideal"", ""queue_capacity"": 0, ""reorder_step_sec"": 0.05, ""reorder_window"": 0, ""uplink_delay_sec"": 0.0, ""uplink_loss_rate"": 0.0}, ""revision"": 0, ""semantics"": ""in-flight attempts retain their transmission configuration; new attempts use this revision"", ""world"": ""synthetic_component""}",1,2.0,1,2832.0,83,1.0,pose_state,rally,2832.0,True,transport_sample,0.0,0.0,4,0.0,,,"{""uplink"": {""capacity"": 4096, ""in_flight"": 0, ""pending_reliable_or_unresolved"": 0, ""scheduled_events"": 0}}",headquarters,0,0.0,1,1,tb1,13.0,0.25,0.25,4,0.25,,,0.0,0.0,4,0.0,,,12.0,0.0,0.0,4,0.0,,,synthetic_component
0.0,0.0,4,0.0,,,,,,1.0,2.0,3.5,1.6875,2.0,0.0,2.0,3.39999999984866,0,,,0.0,0.0,1.0,0.0,1.0,2832,4,2832,4,2832,4,2832,4,1,4,4,4,2832,2832,4,0,0,0,0,4,2832,4,0,0,0,0,0,0,0,0,0,0,0,0,uplink,3.75,p3c_runtime,10.25,"{""admission_protocol"": false, ""effective"": {""downlink"": {""ack_timeout_sec"": 5.0, ""blackout_intervals"": [], ""delay_sec"": 0.0, ""drop_types"": [], ""duplicate_rate"": 0.0, ""loss_rate"": 0.0, ""max_retries"": 2, ""queue_capacity"": 4096, ""reorder_step_sec"": 0.05, ""reorder_window"": 0, ""seed"": 610839777}, ""uplink"": {""ack_timeout_sec"": 5.0, ""blackout_intervals"": [], ""delay_sec"": 0.0, ""drop_types"": [], ""duplicate_rate"": 0.0, ""loss_rate"": 0.0, ""max_retries"": 2, ""queue_capacity"": 4096, ""reorder_step_sec"": 0.05, ""reorder_window"": 0, ""seed"": 324508638}}, ""effective_sim_time"": 0.0, ""episode_id"": ""p3c_runtime"", ""fault_control_enabled"": true, ""fault_seed"": 1, ""gazebo_seed"": 1, ""ledger_path"": ""/home/zhuyulab/ns3-workspace/ros2_ws/ros2-multi-robot-automap/log/p3c5/p3c_monitor_v11/ledger.jsonl"", ""mission_mode"": ""rally"", ""requested"": {""ack_timeout_sec"": 5.0, ""blackout_intervals"": ""[]"", ""downlink_delay_sec"": 0.0, ""downlink_loss_rate"": 0.0, ""drop_message_types"": """", ""duplicate_rate"": 0.0, ""max_retries"": 2, ""network_mode"": ""ideal"", ""queue_capacity"": 0, ""reorder_step_sec"": 0.05, ""reorder_window"": 0, ""uplink_delay_sec"": 0.0, ""uplink_loss_rate"": 0.0}, ""revision"": 0, ""semantics"": ""in-flight attempts retain their transmission configuration; new attempts use this revision"", ""world"": ""synthetic_component""}",1,,1,2832.0,108,1.0,all,rally,2832.0,True,transport_sample,0.0,0.0,4,0.0,,,"{""uplink"": {""capacity"": 4096, ""in_flight"": 0, ""pending_reliable_or_unresolved"": 0, ""scheduled_events"": 0}}",all,0,0.0,1,1,all,14.0,0.25,0.25,4,0.25,,,0.0,0.0,4,0.0,,,13.0,0.0,0.0,4,0.0,,,synthetic_component
,,0,,,,,,,1.0,1.0,3.75,3.25,1.0,0.0,1.0,3.700000000098953,0,,,0.0,0.0,,,,0,0,0,0,0,0,0,0,0,0,0,0,0,0,0,0,0,0,0,0,0,0,0,0,0,0,0,0,0,0,0,0,0,0,downlink,3.75,p3c_runtime,10.25,"{""admission_protocol"": false, ""effective"": {""downlink"": {""ack_timeout_sec"": 5.0, ""blackout_intervals"": [], ""delay_sec"": 0.0, ""drop_types"": [], ""duplicate_rate"": 0.0, ""loss_rate"": 0.0, ""max_retries"": 2, ""queue_capacity"": 4096, ""reorder_step_sec"": 0.05, ""reorder_window"": 0, ""seed"": 610839777}, ""uplink"": {""ack_timeout_sec"": 5.0, ""blackout_intervals"": [], ""delay_sec"": 0.0, ""drop_types"": [], ""duplicate_rate"": 0.0, ""loss_rate"": 0.0, ""max_retries"": 2, ""queue_capacity"": 4096, ""reorder_step_sec"": 0.05, ""reorder_window"": 0, ""seed"": 324508638}}, ""effective_sim_time"": 0.0, ""episode_id"": ""p3c_runtime"", ""fault_control_enabled"": true, ""fault_seed"": 1, ""gazebo_seed"": 1, ""ledger_path"": ""/home/zhuyulab/ns3-workspace/ros2_ws/ros2-multi-robot-automap/log/p3c5/p3c_monitor_v11/ledger.jsonl"", ""mission_mode"": ""rally"", ""requested"": {""ack_timeout_sec"": 5.0, ""blackout_intervals"": ""[]"", ""downlink_delay_sec"": 0.0, ""downlink_loss_rate"": 0.0, ""drop_message_types"": """", ""duplicate_rate"": 0.0, ""max_retries"": 2, ""network_mode"": ""ideal"", ""queue_capacity"": 0, ""reorder_step_sec"": 0.05, ""reorder_window"": 0, ""uplink_delay_sec"": 0.0, ""uplink_loss_rate"": 0.0}, ""revision"": 0, ""semantics"": ""in-flight attempts retain their transmission configuration; new attempts use this revision"", ""world"": ""synthetic_component""}",1,10.0,1,0.0,108,,all,rally,0.0,True,transport_sample,,,0,,,,"{""downlink"": {""capacity"": 4096, ""in_flight"": 0, ""pending_reliable_or_unresolved"": 0, ""scheduled_events"": 1}}",all,0,,1,1,all,14.0,,,0,,,,,,0,,,,13.0,,,0,,,,synthetic_component
,,0,,,,,,,1.0,1.0,3.75,3.25,1.0,0.0,1.0,3.700000000098953,0,,,0.0,0.0,,,,0,0,0,0,0,0,0,0,0,0,0,0,0,0,0,0,0,0,0,0,0,0,0,0,0,0,0,0,0,0,0,0,0,0,downlink,3.75,p3c_runtime,10.25,"{""admission_protocol"": false, ""effective"": {""downlink"": {""ack_timeout_sec"": 5.0, ""blackout_intervals"": [], ""delay_sec"": 0.0, ""drop_types"": [], ""duplicate_rate"": 0.0, ""loss_rate"": 0.0, ""max_retries"": 2, ""queue_capacity"": 4096, ""reorder_step_sec"": 0.05, ""reorder_window"": 0, ""seed"": 610839777}, ""uplink"": {""ack_timeout_sec"": 5.0, ""blackout_intervals"": [], ""delay_sec"": 0.0, ""drop_types"": [], ""duplicate_rate"": 0.0, ""loss_rate"": 0.0, ""max_retries"": 2, ""queue_capacity"": 4096, ""reorder_step_sec"": 0.05, ""reorder_window"": 0, ""seed"": 324508638}}, ""effective_sim_time"": 0.0, ""episode_id"": ""p3c_runtime"", ""fault_control_enabled"": true, ""fault_seed"": 1, ""gazebo_seed"": 1, ""ledger_path"": ""/home/zhuyulab/ns3-workspace/ros2_ws/ros2-multi-robot-automap/log/p3c5/p3c_monitor_v11/ledger.jsonl"", ""mission_mode"": ""rally"", ""requested"": {""ack_timeout_sec"": 5.0, ""blackout_intervals"": ""[]"", ""downlink_delay_sec"": 0.0, ""downlink_loss_rate"": 0.0, ""drop_message_types"": """", ""duplicate_rate"": 0.0, ""max_retries"": 2, ""network_mode"": ""ideal"", ""queue_capacity"": 0, ""reorder_step_sec"": 0.05, ""reorder_window"": 0, ""uplink_delay_sec"": 0.0, ""uplink_loss_rate"": 0.0}, ""revision"": 0, ""semantics"": ""in-flight attempts retain their transmission configuration; new attempts use this revision"", ""world"": ""synthetic_component""}",1,10.0,1,0.0,108,,task_state,rally,0.0,True,transport_sample,,,0,,,,"{""downlink"": {""capacity"": 4096, ""in_flight"": 0, ""pending_reliable_or_unresolved"": 0, ""scheduled_events"": 1}}",all,0,,1,1,all,14.0,,,0,,,,,,0,,,,13.0,,,0,,,,synthetic_component
,,0,,,,,,,1.0,1.0,3.5,3.0,1.0,0.0,1.0,3.450000000128057,0,,,0.0,0.0,,,,0,0,0,0,0,0,0,0,0,0,0,0,0,0,0,0,0,0,0,0,0,0,0,0,0,0,0,0,0,0,0,0,0,0,uplink,3.75,p3c_runtime,10.25,"{""admission_protocol"": false, ""effective"": {""downlink"": {""ack_timeout_sec"": 5.0, ""blackout_intervals"": [], ""delay_sec"": 0.0, ""drop_types"": [], ""duplicate_rate"": 0.0, ""loss_rate"": 0.0, ""max_retries"": 2, ""queue_capacity"": 4096, ""reorder_step_sec"": 0.05, ""reorder_window"": 0, ""seed"": 610839777}, ""uplink"": {""ack_timeout_sec"": 5.0, ""blackout_intervals"": [], ""delay_sec"": 0.0, ""drop_types"": [], ""duplicate_rate"": 0.0, ""loss_rate"": 0.0, ""max_retries"": 2, ""queue_capacity"": 4096, ""reorder_step_sec"": 0.05, ""reorder_window"": 0, ""seed"": 324508638}}, ""effective_sim_time"": 0.0, ""episode_id"": ""p3c_runtime"", ""fault_control_enabled"": true, ""fault_seed"": 1, ""gazebo_seed"": 1, ""ledger_path"": ""/home/zhuyulab/ns3-workspace/ros2_ws/ros2-multi-robot-automap/log/p3c5/p3c_monitor_v11/ledger.jsonl"", ""mission_mode"": ""rally"", ""requested"": {""ack_timeout_sec"": 5.0, ""blackout_intervals"": ""[]"", ""downlink_delay_sec"": 0.0, ""downlink_loss_rate"": 0.0, ""drop_message_types"": """", ""duplicate_rate"": 0.0, ""max_retries"": 2, ""network_mode"": ""ideal"", ""queue_capacity"": 0, ""reorder_step_sec"": 0.05, ""reorder_window"": 0, ""uplink_delay_sec"": 0.0, ""uplink_loss_rate"": 0.0}, ""revision"": 0, ""semantics"": ""in-flight attempts retain their transmission configuration; new attempts use this revision"", ""world"": ""synthetic_component""}",1,10.0,1,0.0,108,,ack,rally,0.0,True,transport_sample,,,0,,,,"{""uplink"": {""capacity"": 4096, ""in_flight"": 0, ""pending_reliable_or_unresolved"": 0, ""scheduled_events"": 0}}",all,0,,1,1,all,14.0,,,0,,,,,,0,,,,13.0,,,0,,,,synthetic_component
0.0,0.0,4,0.0,,,,,,1.0,1.0,0.5,0.375,1.0,0.0,1.0,0.48749999998835847,0,,,0.0,0.0,1.0,0.0,1.0,2832,4,2832,4,2832,4,2832,4,1,4,4,4,2832,2832,4,0,0,0,0,4,2832,4,0,0,0,0,0,0,0,0,0,0,0,0,uplink,3.75,p3c_runtime,10.25,"{""admission_protocol"": false, ""effective"": {""downlink"": {""ack_timeout_sec"": 5.0, ""blackout_intervals"": [], ""delay_sec"": 0.0, ""drop_types"": [], ""duplicate_rate"": 0.0, ""loss_rate"": 0.0, ""max_retries"": 2, ""queue_capacity"": 4096, ""reorder_step_sec"": 0.05, ""reorder_window"": 0, ""seed"": 610839777}, ""uplink"": {""ack_timeout_sec"": 5.0, ""blackout_intervals"": [], ""delay_sec"": 0.0, ""drop_types"": [], ""duplicate_rate"": 0.0, ""loss_rate"": 0.0, ""max_retries"": 2, ""queue_capacity"": 4096, ""reorder_step_sec"": 0.05, ""reorder_window"": 0, ""seed"": 324508638}}, ""effective_sim_time"": 0.0, ""episode_id"": ""p3c_runtime"", ""fault_control_enabled"": true, ""fault_seed"": 1, ""gazebo_seed"": 1, ""ledger_path"": ""/home/zhuyulab/ns3-workspace/ros2_ws/ros2-multi-robot-automap/log/p3c5/p3c_monitor_v11/ledger.jsonl"", ""mission_mode"": ""rally"", ""requested"": {""ack_timeout_sec"": 5.0, ""blackout_intervals"": ""[]"", ""downlink_delay_sec"": 0.0, ""downlink_loss_rate"": 0.0, ""drop_message_types"": """", ""duplicate_rate"": 0.0, ""max_retries"": 2, ""network_mode"": ""ideal"", ""queue_capacity"": 0, ""reorder_step_sec"": 0.05, ""reorder_window"": 0, ""uplink_delay_sec"": 0.0, ""uplink_loss_rate"": 0.0}, ""revision"": 0, ""semantics"": ""in-flight attempts retain their transmission configuration; new attempts use this revision"", ""world"": ""synthetic_component""}",1,2.0,1,2832.0,108,1.0,pose_state,rally,2832.0,True,transport_sample,0.0,0.0,4,0.0,,,"{""uplink"": {""capacity"": 4096, ""in_flight"": 0, ""pending_reliable_or_unresolved"": 0, ""scheduled_events"": 0}}",all,0,0.0,1,1,all,14.0,0.25,0.25,4,0.25,,,0.0,0.0,4,0.0,,,13.0,0.0,0.0,4,0.0,,,synthetic_component
,,0,,,,,,,1.0,1.0,3.75,3.25,1.0,0.0,1.0,3.700000000098953,0,,,0.0,0.0,,,,0,0,0,0,0,0,0,0,0,0,0,0,0,0,0,0,0,0,0,0,0,0,0,0,0,0,0,0,0,0,0,0,0,0,downlink,3.75,p3c_runtime,10.25,"{""admission_protocol"": false, ""effective"": {""downlink"": {""ack_timeout_sec"": 5.0, ""blackout_intervals"": [], ""delay_sec"": 0.0, ""drop_types"": [], ""duplicate_rate"": 0.0, ""loss_rate"": 0.0, ""max_retries"": 2, ""queue_capacity"": 4096, ""reorder_step_sec"": 0.05, ""reorder_window"": 0, ""seed"": 610839777}, ""uplink"": {""ack_timeout_sec"": 5.0, ""blackout_intervals"": [], ""delay_sec"": 0.0, ""drop_types"": [], ""duplicate_rate"": 0.0, ""loss_rate"": 0.0, ""max_retries"": 2, ""queue_capacity"": 4096, ""reorder_step_sec"": 0.05, ""reorder_window"": 0, ""seed"": 324508638}}, ""effective_sim_time"": 0.0, ""episode_id"": ""p3c_runtime"", ""fault_control_enabled"": true, ""fault_seed"": 1, ""gazebo_seed"": 1, ""ledger_path"": ""/home/zhuyulab/ns3-workspace/ros2_ws/ros2-multi-robot-automap/log/p3c5/p3c_monitor_v11/ledger.jsonl"", ""mission_mode"": ""rally"", ""requested"": {""ack_timeout_sec"": 5.0, ""blackout_intervals"": ""[]"", ""downlink_delay_sec"": 0.0, ""downlink_loss_rate"": 0.0, ""drop_message_types"": """", ""duplicate_rate"": 0.0, ""max_retries"": 2, ""network_mode"": ""ideal"", ""queue_capacity"": 0, ""reorder_step_sec"": 0.05, ""reorder_window"": 0, ""uplink_delay_sec"": 0.0, ""uplink_loss_rate"": 0.0}, ""revision"": 0, ""semantics"": ""in-flight attempts retain their transmission configuration; new attempts use this revision"", ""world"": ""synthetic_component""}",1,10.0,1,0.0,108,,task_state,rally,0.0,True,transport_sample,,,0,,,,"{""downlink"": {""capacity"": 4096, ""in_flight"": 0, ""pending_reliable_or_unresolved"": 0, ""scheduled_events"": 1}}",tb1,0,,1,1,headquarters,14.0,,,0,,,,,,0,,,,13.0,,,0,,,,synthetic_component
,,0,,,,,,,1.0,1.0,3.5,3.0,1.0,0.0,1.0,3.450000000128057,0,,,0.0,0.0,,,,0,0,0,0,0,0,0,0,0,0,0,0,0,0,0,0,0,0,0,0,0,0,0,0,0,0,0,0,0,0,0,0,0,0,uplink,3.75,p3c_runtime,10.25,"{""admission_protocol"": false, ""effective"": {""downlink"": {""ack_timeout_sec"": 5.0, ""blackout_intervals"": [], ""delay_sec"": 0.0, ""drop_types"": [], ""duplicate_rate"": 0.0, ""loss_rate"": 0.0, ""max_retries"": 2, ""queue_capacity"": 4096, ""reorder_step_sec"": 0.05, ""reorder_window"": 0, ""seed"": 610839777}, ""uplink"": {""ack_timeout_sec"": 5.0, ""blackout_intervals"": [], ""delay_sec"": 0.0, ""drop_types"": [], ""duplicate_rate"": 0.0, ""loss_rate"": 0.0, ""max_retries"": 2, ""queue_capacity"": 4096, ""reorder_step_sec"": 0.05, ""reorder_window"": 0, ""seed"": 324508638}}, ""effective_sim_time"": 0.0, ""episode_id"": ""p3c_runtime"", ""fault_control_enabled"": true, ""fault_seed"": 1, ""gazebo_seed"": 1, ""ledger_path"": ""/home/zhuyulab/ns3-workspace/ros2_ws/ros2-multi-robot-automap/log/p3c5/p3c_monitor_v11/ledger.jsonl"", ""mission_mode"": ""rally"", ""requested"": {""ack_timeout_sec"": 5.0, ""blackout_intervals"": ""[]"", ""downlink_delay_sec"": 0.0, ""downlink_loss_rate"": 0.0, ""drop_message_types"": """", ""duplicate_rate"": 0.0, ""max_retries"": 2, ""network_mode"": ""ideal"", ""queue_capacity"": 0, ""reorder_step_sec"": 0.05, ""reorder_window"": 0, ""uplink_delay_sec"": 0.0, ""uplink_loss_rate"": 0.0}, ""revision"": 0, ""semantics"": ""in-flight attempts retain their transmission configuration; new attempts use this revision"", ""world"": ""synthetic_component""}",1,10.0,1,0.0,108,,ack,rally,0.0,True,transport_sample,,,0,,,,"{""uplink"": {""capacity"": 4096, ""in_flight"": 0, ""pending_reliable_or_unresolved"": 0, ""scheduled_events"": 0}}",headquarters,0,,1,1,tb1,14.0,,,0,,,,,,0,,,,13.0,,,0,,,,synthetic_component
0.0,0.0,4,0.0,,,,,,1.0,1.0,0.5,0.375,1.0,0.0,1.0,0.48749999998835847,0,,,0.0,0.0,1.0,0.0,1.0,2832,4,2832,4,2832,4,2832,4,1,4,4,4,2832,2832,4,0,0,0,0,4,2832,4,0,0,0,0,0,0,0,0,0,0,0,0,uplink,3.75,p3c_runtime,10.25,"{""admission_protocol"": false, ""effective"": {""downlink"": {""ack_timeout_sec"": 5.0, ""blackout_intervals"": [], ""delay_sec"": 0.0, ""drop_types"": [], ""duplicate_rate"": 0.0, ""loss_rate"": 0.0, ""max_retries"": 2, ""queue_capacity"": 4096, ""reorder_step_sec"": 0.05, ""reorder_window"": 0, ""seed"": 610839777}, ""uplink"": {""ack_timeout_sec"": 5.0, ""blackout_intervals"": [], ""delay_sec"": 0.0, ""drop_types"": [], ""duplicate_rate"": 0.0, ""loss_rate"": 0.0, ""max_retries"": 2, ""queue_capacity"": 4096, ""reorder_step_sec"": 0.05, ""reorder_window"": 0, ""seed"": 324508638}}, ""effective_sim_time"": 0.0, ""episode_id"": ""p3c_runtime"", ""fault_control_enabled"": true, ""fault_seed"": 1, ""gazebo_seed"": 1, ""ledger_path"": ""/home/zhuyulab/ns3-workspace/ros2_ws/ros2-multi-robot-automap/log/p3c5/p3c_monitor_v11/ledger.jsonl"", ""mission_mode"": ""rally"", ""requested"": {""ack_timeout_sec"": 5.0, ""blackout_intervals"": ""[]"", ""downlink_delay_sec"": 0.0, ""downlink_loss_rate"": 0.0, ""drop_message_types"": """", ""duplicate_rate"": 0.0, ""max_retries"": 2, ""network_mode"": ""ideal"", ""queue_capacity"": 0, ""reorder_step_sec"": 0.05, ""reorder_window"": 0, ""uplink_delay_sec"": 0.0, ""uplink_loss_rate"": 0.0}, ""revision"": 0, ""semantics"": ""in-flight attempts retain their transmission configuration; new attempts use this revision"", ""world"": ""synthetic_component""}",1,2.0,1,2832.0,108,1.0,pose_state,rally,2832.0,True,transport_sample,0.0,0.0,4,0.0,,,"{""uplink"": {""capacity"": 4096, ""in_flight"": 0, ""pending_reliable_or_unresolved"": 0, ""scheduled_events"": 0}}",headquarters,0,0.0,1,1,tb1,14.0,0.25,0.25,4,0.25,,,0.0,0.0,4,0.0,,,13.0,0.0,0.0,4,0.0,,,synthetic_component
0.0,0.0,4,0.0,,,,,,1.0,2.0,4.5,2.1875,2.0,0.0,2.0,4.400000000197906,0,,,0.0,0.0,1.0,0.0,1.0,2832,4,2832,4,2832,4,2832,4,1,4,4,4,2832,2832,4,0,0,0,0,4,2832,4,0,0,0,0,0,0,0,0,0,0,0,0,uplink,4.75,p3c_runtime,10.25,"{""admission_protocol"": false, ""effective"": {""downlink"": {""ack_timeout_sec"": 5.0, ""blackout_intervals"": [], ""delay_sec"": 0.0, ""drop_types"": [], ""duplicate_rate"": 0.0, ""loss_rate"": 0.0, ""max_retries"": 2, ""queue_capacity"": 4096, ""reorder_step_sec"": 0.05, ""reorder_window"": 0, ""seed"": 610839777}, ""uplink"": {""ack_timeout_sec"": 5.0, ""blackout_intervals"": [], ""delay_sec"": 0.0, ""drop_types"": [], ""duplicate_rate"": 0.0, ""loss_rate"": 0.0, ""max_retries"": 2, ""queue_capacity"": 4096, ""reorder_step_sec"": 0.05, ""reorder_window"": 0, ""seed"": 324508638}}, ""effective_sim_time"": 0.0, ""episode_id"": ""p3c_runtime"", ""fault_control_enabled"": true, ""fault_seed"": 1, ""gazebo_seed"": 1, ""ledger_path"": ""/home/zhuyulab/ns3-workspace/ros2_ws/ros2-multi-robot-automap/log/p3c5/p3c_monitor_v11/ledger.jsonl"", ""mission_mode"": ""rally"", ""requested"": {""ack_timeout_sec"": 5.0, ""blackout_intervals"": ""[]"", ""downlink_delay_sec"": 0.0, ""downlink_loss_rate"": 0.0, ""drop_message_types"": """", ""duplicate_rate"": 0.0, ""max_retries"": 2, ""network_mode"": ""ideal"", ""queue_capacity"": 0, ""reorder_step_sec"": 0.05, ""reorder_window"": 0, ""uplink_delay_sec"": 0.0, ""uplink_loss_rate"": 0.0}, ""revision"": 0, ""semantics"": ""in-flight attempts retain their transmission configuration; new attempts use this revision"", ""world"": ""synthetic_component""}",1,,1,2832.0,133,1.0,all,rally,2832.0,True,transport_sample,0.0,0.0,4,0.0,,,"{""uplink"": {""capacity"": 4096, ""in_flight"": 0, ""pending_reliable_or_unresolved"": 0, ""scheduled_events"": 0}}",all,0,0.0,1,1,all,15.0,0.25,0.25,4,0.25,,,0.0,0.0,4,0.0,,,14.0,0.0,0.0,4,0.0,,,synthetic_component
,,0,,,,,,,1.0,1.0,4.75,4.25,1.0,0.0,1.0,4.699999999516876,0,,,0.0,0.0,,,,0,0,0,0,0,0,0,0,0,0,0,0,0,0,0,0,0,0,0,0,0,0,0,0,0,0,0,0,0,0,0,0,0,0,downlink,4.75,p3c_runtime,10.25,"{""admission_protocol"": false, ""effective"": {""downlink"": {""ack_timeout_sec"": 5.0, ""blackout_intervals"": [], ""delay_sec"": 0.0, ""drop_types"": [], ""duplicate_rate"": 0.0, ""loss_rate"": 0.0, ""max_retries"": 2, ""queue_capacity"": 4096, ""reorder_step_sec"": 0.05, ""reorder_window"": 0, ""seed"": 610839777}, ""uplink"": {""ack_timeout_sec"": 5.0, ""blackout_intervals"": [], ""delay_sec"": 0.0, ""drop_types"": [], ""duplicate_rate"": 0.0, ""loss_rate"": 0.0, ""max_retries"": 2, ""queue_capacity"": 4096, ""reorder_step_sec"": 0.05, ""reorder_window"": 0, ""seed"": 324508638}}, ""effective_sim_time"": 0.0, ""episode_id"": ""p3c_runtime"", ""fault_control_enabled"": true, ""fault_seed"": 1, ""gazebo_seed"": 1, ""ledger_path"": ""/home/zhuyulab/ns3-workspace/ros2_ws/ros2-multi-robot-automap/log/p3c5/p3c_monitor_v11/ledger.jsonl"", ""mission_mode"": ""rally"", ""requested"": {""ack_timeout_sec"": 5.0, ""blackout_intervals"": ""[]"", ""downlink_delay_sec"": 0.0, ""downlink_loss_rate"": 0.0, ""drop_message_types"": """", ""duplicate_rate"": 0.0, ""max_retries"": 2, ""network_mode"": ""ideal"", ""queue_capacity"": 0, ""reorder_step_sec"": 0.05, ""reorder_window"": 0, ""uplink_delay_sec"": 0.0, ""uplink_loss_rate"": 0.0}, ""revision"": 0, ""semantics"": ""in-flight attempts retain their transmission configuration; new attempts use this revision"", ""world"": ""synthetic_component""}",1,10.0,1,0.0,133,,all,rally,0.0,True,transport_sample,,,0,,,,"{""downlink"": {""capacity"": 4096, ""in_flight"": 0, ""pending_reliable_or_unresolved"": 0, ""scheduled_events"": 1}}",all,0,,1,1,all,15.0,,,0,,,,,,0,,,,14.0,,,0,,,,synthetic_component
,,0,,,,,,,1.0,1.0,4.75,4.25,1.0,0.0,1.0,4.699999999516876,0,,,0.0,0.0,,,,0,0,0,0,0,0,0,0,0,0,0,0,0,0,0,0,0,0,0,0,0,0,0,0,0,0,0,0,0,0,0,0,0,0,downlink,4.75,p3c_runtime,10.25,"{""admission_protocol"": false, ""effective"": {""downlink"": {""ack_timeout_sec"": 5.0, ""blackout_intervals"": [], ""delay_sec"": 0.0, ""drop_types"": [], ""duplicate_rate"": 0.0, ""loss_rate"": 0.0, ""max_retries"": 2, ""queue_capacity"": 4096, ""reorder_step_sec"": 0.05, ""reorder_window"": 0, ""seed"": 610839777}, ""uplink"": {""ack_timeout_sec"": 5.0, ""blackout_intervals"": [], ""delay_sec"": 0.0, ""drop_types"": [], ""duplicate_rate"": 0.0, ""loss_rate"": 0.0, ""max_retries"": 2, ""queue_capacity"": 4096, ""reorder_step_sec"": 0.05, ""reorder_window"": 0, ""seed"": 324508638}}, ""effective_sim_time"": 0.0, ""episode_id"": ""p3c_runtime"", ""fault_control_enabled"": true, ""fault_seed"": 1, ""gazebo_seed"": 1, ""ledger_path"": ""/home/zhuyulab/ns3-workspace/ros2_ws/ros2-multi-robot-automap/log/p3c5/p3c_monitor_v11/ledger.jsonl"", ""mission_mode"": ""rally"", ""requested"": {""ack_timeout_sec"": 5.0, ""blackout_intervals"": ""[]"", ""downlink_delay_sec"": 0.0, ""downlink_loss_rate"": 0.0, ""drop_message_types"": """", ""duplicate_rate"": 0.0, ""max_retries"": 2, ""network_mode"": ""ideal"", ""queue_capacity"": 0, ""reorder_step_sec"": 0.05, ""reorder_window"": 0, ""uplink_delay_sec"": 0.0, ""uplink_loss_rate"": 0.0}, ""revision"": 0, ""semantics"": ""in-flight attempts retain their transmission configuration; new attempts use this revision"", ""world"": ""synthetic_component""}",1,10.0,1,0.0,133,,task_state,rally,0.0,True,transport_sample,,,0,,,,"{""downlink"": {""capacity"": 4096, ""in_flight"": 0, ""pending_reliable_or_unresolved"": 0, ""scheduled_events"": 1}}",all,0,,1,1,all,15.0,,,0,,,,,,0,,,,14.0,,,0,,,,synthetic_component
,,0,,,,,,,1.0,1.0,4.5,4.0,1.0,0.0,1.0,4.4500000003608875,0,,,0.0,0.0,,,,0,0,0,0,0,0,0,0,0,0,0,0,0,0,0,0,0,0,0,0,0,0,0,0,0,0,0,0,0,0,0,0,0,0,uplink,4.75,p3c_runtime,10.25,"{""admission_protocol"": false, ""effective"": {""downlink"": {""ack_timeout_sec"": 5.0, ""blackout_intervals"": [], ""delay_sec"": 0.0, ""drop_types"": [], ""duplicate_rate"": 0.0, ""loss_rate"": 0.0, ""max_retries"": 2, ""queue_capacity"": 4096, ""reorder_step_sec"": 0.05, ""reorder_window"": 0, ""seed"": 610839777}, ""uplink"": {""ack_timeout_sec"": 5.0, ""blackout_intervals"": [], ""delay_sec"": 0.0, ""drop_types"": [], ""duplicate_rate"": 0.0, ""loss_rate"": 0.0, ""max_retries"": 2, ""queue_capacity"": 4096, ""reorder_step_sec"": 0.05, ""reorder_window"": 0, ""seed"": 324508638}}, ""effective_sim_time"": 0.0, ""episode_id"": ""p3c_runtime"", ""fault_control_enabled"": true, ""fault_seed"": 1, ""gazebo_seed"": 1, ""ledger_path"": ""/home/zhuyulab/ns3-workspace/ros2_ws/ros2-multi-robot-automap/log/p3c5/p3c_monitor_v11/ledger.jsonl"", ""mission_mode"": ""rally"", ""requested"": {""ack_timeout_sec"": 5.0, ""blackout_intervals"": ""[]"", ""downlink_delay_sec"": 0.0, ""downlink_loss_rate"": 0.0, ""drop_message_types"": """", ""duplicate_rate"": 0.0, ""max_retries"": 2, ""network_mode"": ""ideal"", ""queue_capacity"": 0, ""reorder_step_sec"": 0.05, ""reorder_window"": 0, ""uplink_delay_sec"": 0.0, ""uplink_loss_rate"": 0.0}, ""revision"": 0, ""semantics"": ""in-flight attempts retain their transmission configuration; new attempts use this revision"", ""world"": ""synthetic_component""}",1,10.0,1,0.0,133,,ack,rally,0.0,True,transport_sample,,,0,,,,"{""uplink"": {""capacity"": 4096, ""in_flight"": 0, ""pending_reliable_or_unresolved"": 0, ""scheduled_events"": 0}}",all,0,,1,1,all,15.0,,,0,,,,,,0,,,,14.0,,,0,,,,synthetic_component
0.0,0.0,4,0.0,,,,,,1.0,1.0,0.5,0.375,1.0,0.0,1.0,0.48749999998835847,0,,,0.0,0.0,1.0,0.0,1.0,2832,4,2832,4,2832,4,2832,4,1,4,4,4,2832,2832,4,0,0,0,0,4,2832,4,0,0,0,0,0,0,0,0,0,0,0,0,uplink,4.75,p3c_runtime,10.25,"{""admission_protocol"": false, ""effective"": {""downlink"": {""ack_timeout_sec"": 5.0, ""blackout_intervals"": [], ""delay_sec"": 0.0, ""drop_types"": [], ""duplicate_rate"": 0.0, ""loss_rate"": 0.0, ""max_retries"": 2, ""queue_capacity"": 4096, ""reorder_step_sec"": 0.05, ""reorder_window"": 0, ""seed"": 610839777}, ""uplink"": {""ack_timeout_sec"": 5.0, ""blackout_intervals"": [], ""delay_sec"": 0.0, ""drop_types"": [], ""duplicate_rate"": 0.0, ""loss_rate"": 0.0, ""max_retries"": 2, ""queue_capacity"": 4096, ""reorder_step_sec"": 0.05, ""reorder_window"": 0, ""seed"": 324508638}}, ""effective_sim_time"": 0.0, ""episode_id"": ""p3c_runtime"", ""fault_control_enabled"": true, ""fault_seed"": 1, ""gazebo_seed"": 1, ""ledger_path"": ""/home/zhuyulab/ns3-workspace/ros2_ws/ros2-multi-robot-automap/log/p3c5/p3c_monitor_v11/ledger.jsonl"", ""mission_mode"": ""rally"", ""requested"": {""ack_timeout_sec"": 5.0, ""blackout_intervals"": ""[]"", ""downlink_delay_sec"": 0.0, ""downlink_loss_rate"": 0.0, ""drop_message_types"": """", ""duplicate_rate"": 0.0, ""max_retries"": 2, ""network_mode"": ""ideal"", ""queue_capacity"": 0, ""reorder_step_sec"": 0.05, ""reorder_window"": 0, ""uplink_delay_sec"": 0.0, ""uplink_loss_rate"": 0.0}, ""revision"": 0, ""semantics"": ""in-flight attempts retain their transmission configuration; new attempts use this revision"", ""world"": ""synthetic_component""}",1,2.0,1,2832.0,133,1.0,pose_state,rally,2832.0,True,transport_sample,0.0,0.0,4,0.0,,,"{""uplink"": {""capacity"": 4096, ""in_flight"": 0, ""pending_reliable_or_unresolved"": 0, ""scheduled_events"": 0}}",all,0,0.0,1,1,all,15.0,0.25,0.25,4,0.25,,,0.0,0.0,4,0.0,,,14.0,0.0,0.0,4,0.0,,,synthetic_component
,,0,,,,,,,1.0,1.0,4.75,4.25,1.0,0.0,1.0,4.699999999516876,0,,,0.0,0.0,,,,0,0,0,0,0,0,0,0,0,0,0,0,0,0,0,0,0,0,0,0,0,0,0,0,0,0,0,0,0,0,0,0,0,0,downlink,4.75,p3c_runtime,10.25,"{""admission_protocol"": false, ""effective"": {""downlink"": {""ack_timeout_sec"": 5.0, ""blackout_intervals"": [], ""delay_sec"": 0.0, ""drop_types"": [], ""duplicate_rate"": 0.0, ""loss_rate"": 0.0, ""max_retries"": 2, ""queue_capacity"": 4096, ""reorder_step_sec"": 0.05, ""reorder_window"": 0, ""seed"": 610839777}, ""uplink"": {""ack_timeout_sec"": 5.0, ""blackout_intervals"": [], ""delay_sec"": 0.0, ""drop_types"": [], ""duplicate_rate"": 0.0, ""loss_rate"": 0.0, ""max_retries"": 2, ""queue_capacity"": 4096, ""reorder_step_sec"": 0.05, ""reorder_window"": 0, ""seed"": 324508638}}, ""effective_sim_time"": 0.0, ""episode_id"": ""p3c_runtime"", ""fault_control_enabled"": true, ""fault_seed"": 1, ""gazebo_seed"": 1, ""ledger_path"": ""/home/zhuyulab/ns3-workspace/ros2_ws/ros2-multi-robot-automap/log/p3c5/p3c_monitor_v11/ledger.jsonl"", ""mission_mode"": ""rally"", ""requested"": {""ack_timeout_sec"": 5.0, ""blackout_intervals"": ""[]"", ""downlink_delay_sec"": 0.0, ""downlink_loss_rate"": 0.0, ""drop_message_types"": """", ""duplicate_rate"": 0.0, ""max_retries"": 2, ""network_mode"": ""ideal"", ""queue_capacity"": 0, ""reorder_step_sec"": 0.05, ""reorder_window"": 0, ""uplink_delay_sec"": 0.0, ""uplink_loss_rate"": 0.0}, ""revision"": 0, ""semantics"": ""in-flight attempts retain their transmission configuration; new attempts use this revision"", ""world"": ""synthetic_component""}",1,10.0,1,0.0,133,,task_state,rally,0.0,True,transport_sample,,,0,,,,"{""downlink"": {""capacity"": 4096, ""in_flight"": 0, ""pending_reliable_or_unresolved"": 0, ""scheduled_events"": 1}}",tb1,0,,1,1,headquarters,15.0,,,0,,,,,,0,,,,14.0,,,0,,,,synthetic_component
,,0,,,,,,,1.0,1.0,4.5,4.0,1.0,0.0,1.0,4.4500000003608875,0,,,0.0,0.0,,,,0,0,0,0,0,0,0,0,0,0,0,0,0,0,0,0,0,0,0,0,0,0,0,0,0,0,0,0,0,0,0,0,0,0,uplink,4.75,p3c_runtime,10.25,"{""admission_protocol"": false, ""effective"": {""downlink"": {""ack_timeout_sec"": 5.0, ""blackout_intervals"": [], ""delay_sec"": 0.0, ""drop_types"": [], ""duplicate_rate"": 0.0, ""loss_rate"": 0.0, ""max_retries"": 2, ""queue_capacity"": 4096, ""reorder_step_sec"": 0.05, ""reorder_window"": 0, ""seed"": 610839777}, ""uplink"": {""ack_timeout_sec"": 5.0, ""blackout_intervals"": [], ""delay_sec"": 0.0, ""drop_types"": [], ""duplicate_rate"": 0.0, ""loss_rate"": 0.0, ""max_retries"": 2, ""queue_capacity"": 4096, ""reorder_step_sec"": 0.05, ""reorder_window"": 0, ""seed"": 324508638}}, ""effective_sim_time"": 0.0, ""episode_id"": ""p3c_runtime"", ""fault_control_enabled"": true, ""fault_seed"": 1, ""gazebo_seed"": 1, ""ledger_path"": ""/home/zhuyulab/ns3-workspace/ros2_ws/ros2-multi-robot-automap/log/p3c5/p3c_monitor_v11/ledger.jsonl"", ""mission_mode"": ""rally"", ""requested"": {""ack_timeout_sec"": 5.0, ""blackout_intervals"": ""[]"", ""downlink_delay_sec"": 0.0, ""downlink_loss_rate"": 0.0, ""drop_message_types"": """", ""duplicate_rate"": 0.0, ""max_retries"": 2, ""network_mode"": ""ideal"", ""queue_capacity"": 0, ""reorder_step_sec"": 0.05, ""reorder_window"": 0, ""uplink_delay_sec"": 0.0, ""uplink_loss_rate"": 0.0}, ""revision"": 0, ""semantics"": ""in-flight attempts retain their transmission configuration; new attempts use this revision"", ""world"": ""synthetic_component""}",1,10.0,1,0.0,133,,ack,rally,0.0,True,transport_sample,,,0,,,,"{""uplink"": {""capacity"": 4096, ""in_flight"": 0, ""pending_reliable_or_unresolved"": 0, ""scheduled_events"": 0}}",headquarters,0,,1,1,tb1,15.0,,,0,,,,,,0,,,,14.0,,,0,,,,synthetic_component
0.0,0.0,4,0.0,,,,,,1.0,1.0,0.5,0.375,1.0,0.0,1.0,0.48749999998835847,0,,,0.0,0.0,1.0,0.0,1.0,2832,4,2832,4,2832,4,2832,4,1,4,4,4,2832,2832,4,0,0,0,0,4,2832,4,0,0,0,0,0,0,0,0,0,0,0,0,uplink,4.75,p3c_runtime,10.25,"{""admission_protocol"": false, ""effective"": {""downlink"": {""ack_timeout_sec"": 5.0, ""blackout_intervals"": [], ""delay_sec"": 0.0, ""drop_types"": [], ""duplicate_rate"": 0.0, ""loss_rate"": 0.0, ""max_retries"": 2, ""queue_capacity"": 4096, ""reorder_step_sec"": 0.05, ""reorder_window"": 0, ""seed"": 610839777}, ""uplink"": {""ack_timeout_sec"": 5.0, ""blackout_intervals"": [], ""delay_sec"": 0.0, ""drop_types"": [], ""duplicate_rate"": 0.0, ""loss_rate"": 0.0, ""max_retries"": 2, ""queue_capacity"": 4096, ""reorder_step_sec"": 0.05, ""reorder_window"": 0, ""seed"": 324508638}}, ""effective_sim_time"": 0.0, ""episode_id"": ""p3c_runtime"", ""fault_control_enabled"": true, ""fault_seed"": 1, ""gazebo_seed"": 1, ""ledger_path"": ""/home/zhuyulab/ns3-workspace/ros2_ws/ros2-multi-robot-automap/log/p3c5/p3c_monitor_v11/ledger.jsonl"", ""mission_mode"": ""rally"", ""requested"": {""ack_timeout_sec"": 5.0, ""blackout_intervals"": ""[]"", ""downlink_delay_sec"": 0.0, ""downlink_loss_rate"": 0.0, ""drop_message_types"": """", ""duplicate_rate"": 0.0, ""max_retries"": 2, ""network_mode"": ""ideal"", ""queue_capacity"": 0, ""reorder_step_sec"": 0.05, ""reorder_window"": 0, ""uplink_delay_sec"": 0.0, ""uplink_loss_rate"": 0.0}, ""revision"": 0, ""semantics"": ""in-flight attempts retain their transmission configuration; new attempts use this revision"", ""world"": ""synthetic_component""}",1,2.0,1,2832.0,133,1.0,pose_state,rally,2832.0,True,transport_sample,0.0,0.0,4,0.0,,,"{""uplink"": {""capacity"": 4096, ""in_flight"": 0, ""pending_reliable_or_unresolved"": 0, ""scheduled_events"": 0}}",headquarters,0,0.0,1,1,tb1,15.0,0.25,0.25,4,0.25,,,0.0,0.0,4,0.0,,,14.0,0.0,0.0,4,0.0,,,synthetic_component
0.0,0.0,4,0.0,,,,,,1.0,2.0,5.5,2.6875,2.0,0.0,2.0,5.399999999965075,0,,,0.0,0.0,1.0,0.0,1.0,2832,4,2832,4,2832,4,2832,4,1,4,4,4,2832,2832,4,0,0,0,0,4,2832,4,0,0,0,0,0,0,0,0,0,0,0,0,uplink,5.75,p3c_runtime,10.25,"{""admission_protocol"": false, ""effective"": {""downlink"": {""ack_timeout_sec"": 5.0, ""blackout_intervals"": [], ""delay_sec"": 0.0, ""drop_types"": [], ""duplicate_rate"": 0.0, ""loss_rate"": 0.0, ""max_retries"": 2, ""queue_capacity"": 4096, ""reorder_step_sec"": 0.05, ""reorder_window"": 0, ""seed"": 610839777}, ""uplink"": {""ack_timeout_sec"": 5.0, ""blackout_intervals"": [], ""delay_sec"": 0.0, ""drop_types"": [], ""duplicate_rate"": 0.0, ""loss_rate"": 0.0, ""max_retries"": 2, ""queue_capacity"": 4096, ""reorder_step_sec"": 0.05, ""reorder_window"": 0, ""seed"": 324508638}}, ""effective_sim_time"": 0.0, ""episode_id"": ""p3c_runtime"", ""fault_control_enabled"": true, ""fault_seed"": 1, ""gazebo_seed"": 1, ""ledger_path"": ""/home/zhuyulab/ns3-workspace/ros2_ws/ros2-multi-robot-automap/log/p3c5/p3c_monitor_v11/ledger.jsonl"", ""mission_mode"": ""rally"", ""requested"": {""ack_timeout_sec"": 5.0, ""blackout_intervals"": ""[]"", ""downlink_delay_sec"": 0.0, ""downlink_loss_rate"": 0.0, ""drop_message_types"": """", ""duplicate_rate"": 0.0, ""max_retries"": 2, ""network_mode"": ""ideal"", ""queue_capacity"": 0, ""reorder_step_sec"": 0.05, ""reorder_window"": 0, ""uplink_delay_sec"": 0.0, ""uplink_loss_rate"": 0.0}, ""revision"": 0, ""semantics"": ""in-flight attempts retain their transmission configuration; new attempts use this revision"", ""world"": ""synthetic_component""}",1,,1,2832.0,158,1.0,all,rally,2832.0,True,transport_sample,0.0,0.0,4,0.0,,,"{""uplink"": {""capacity"": 4096, ""in_flight"": 0, ""pending_reliable_or_unresolved"": 0, ""scheduled_events"": 0}}",all,0,0.0,1,1,all,16.0,0.25,0.25,4,0.25,,,0.0,0.0,4,0.0,,,15.0,0.0,0.0,4,0.0,,,synthetic_component
,,0,,,,,,,1.0,1.0,5.75,5.25,1.0,0.0,1.0,5.700000000273576,0,,,0.0,0.0,,,,0,0,0,0,0,0,0,0,0,0,0,0,0,0,0,0,0,0,0,0,0,0,0,0,0,0,0,0,0,0,0,0,0,0,downlink,5.75,p3c_runtime,10.25,"{""admission_protocol"": false, ""effective"": {""downlink"": {""ack_timeout_sec"": 5.0, ""blackout_intervals"": [], ""delay_sec"": 0.0, ""drop_types"": [], ""duplicate_rate"": 0.0, ""loss_rate"": 0.0, ""max_retries"": 2, ""queue_capacity"": 4096, ""reorder_step_sec"": 0.05, ""reorder_window"": 0, ""seed"": 610839777}, ""uplink"": {""ack_timeout_sec"": 5.0, ""blackout_intervals"": [], ""delay_sec"": 0.0, ""drop_types"": [], ""duplicate_rate"": 0.0, ""loss_rate"": 0.0, ""max_retries"": 2, ""queue_capacity"": 4096, ""reorder_step_sec"": 0.05, ""reorder_window"": 0, ""seed"": 324508638}}, ""effective_sim_time"": 0.0, ""episode_id"": ""p3c_runtime"", ""fault_control_enabled"": true, ""fault_seed"": 1, ""gazebo_seed"": 1, ""ledger_path"": ""/home/zhuyulab/ns3-workspace/ros2_ws/ros2-multi-robot-automap/log/p3c5/p3c_monitor_v11/ledger.jsonl"", ""mission_mode"": ""rally"", ""requested"": {""ack_timeout_sec"": 5.0, ""blackout_intervals"": ""[]"", ""downlink_delay_sec"": 0.0, ""downlink_loss_rate"": 0.0, ""drop_message_types"": """", ""duplicate_rate"": 0.0, ""max_retries"": 2, ""network_mode"": ""ideal"", ""queue_capacity"": 0, ""reorder_step_sec"": 0.05, ""reorder_window"": 0, ""uplink_delay_sec"": 0.0, ""uplink_loss_rate"": 0.0}, ""revision"": 0, ""semantics"": ""in-flight attempts retain their transmission configuration; new attempts use this revision"", ""world"": ""synthetic_component""}",1,10.0,1,0.0,158,,all,rally,0.0,True,transport_sample,,,0,,,,"{""downlink"": {""capacity"": 4096, ""in_flight"": 0, ""pending_reliable_or_unresolved"": 0, ""scheduled_events"": 0}}",all,0,,1,1,all,16.0,,,0,,,,,,0,,,,15.0,,,0,,,,synthetic_component
,,0,,,,,,,1.0,1.0,5.75,5.25,1.0,0.0,1.0,5.700000000273576,0,,,0.0,0.0,,,,0,0,0,0,0,0,0,0,0,0,0,0,0,0,0,0,0,0,0,0,0,0,0,0,0,0,0,0,0,0,0,0,0,0,downlink,5.75,p3c_runtime,10.25,"{""admission_protocol"": false, ""effective"": {""downlink"": {""ack_timeout_sec"": 5.0, ""blackout_intervals"": [], ""delay_sec"": 0.0, ""drop_types"": [], ""duplicate_rate"": 0.0, ""loss_rate"": 0.0, ""max_retries"": 2, ""queue_capacity"": 4096, ""reorder_step_sec"": 0.05, ""reorder_window"": 0, ""seed"": 610839777}, ""uplink"": {""ack_timeout_sec"": 5.0, ""blackout_intervals"": [], ""delay_sec"": 0.0, ""drop_types"": [], ""duplicate_rate"": 0.0, ""loss_rate"": 0.0, ""max_retries"": 2, ""queue_capacity"": 4096, ""reorder_step_sec"": 0.05, ""reorder_window"": 0, ""seed"": 324508638}}, ""effective_sim_time"": 0.0, ""episode_id"": ""p3c_runtime"", ""fault_control_enabled"": true, ""fault_seed"": 1, ""gazebo_seed"": 1, ""ledger_path"": ""/home/zhuyulab/ns3-workspace/ros2_ws/ros2-multi-robot-automap/log/p3c5/p3c_monitor_v11/ledger.jsonl"", ""mission_mode"": ""rally"", ""requested"": {""ack_timeout_sec"": 5.0, ""blackout_intervals"": ""[]"", ""downlink_delay_sec"": 0.0, ""downlink_loss_rate"": 0.0, ""drop_message_types"": """", ""duplicate_rate"": 0.0, ""max_retries"": 2, ""network_mode"": ""ideal"", ""queue_capacity"": 0, ""reorder_step_sec"": 0.05, ""reorder_window"": 0, ""uplink_delay_sec"": 0.0, ""uplink_loss_rate"": 0.0}, ""revision"": 0, ""semantics"": ""in-flight attempts retain their transmission configuration; new attempts use this revision"", ""world"": ""synthetic_component""}",1,10.0,1,0.0,158,,task_state,rally,0.0,True,transport_sample,,,0,,,,"{""downlink"": {""capacity"": 4096, ""in_flight"": 0, ""pending_reliable_or_unresolved"": 0, ""scheduled_events"": 0}}",all,0,,1,1,all,16.0,,,0,,,,,,0,,,,15.0,,,0,,,,synthetic_component
,,0,,,,,,,1.0,1.0,5.5,5.0,1.0,0.0,1.0,5.449999999662396,0,,,0.0,0.0,,,,0,0,0,0,0,0,0,0,0,0,0,0,0,0,0,0,0,0,0,0,0,0,0,0,0,0,0,0,0,0,0,0,0,0,uplink,5.75,p3c_runtime,10.25,"{""admission_protocol"": false, ""effective"": {""downlink"": {""ack_timeout_sec"": 5.0, ""blackout_intervals"": [], ""delay_sec"": 0.0, ""drop_types"": [], ""duplicate_rate"": 0.0, ""loss_rate"": 0.0, ""max_retries"": 2, ""queue_capacity"": 4096, ""reorder_step_sec"": 0.05, ""reorder_window"": 0, ""seed"": 610839777}, ""uplink"": {""ack_timeout_sec"": 5.0, ""blackout_intervals"": [], ""delay_sec"": 0.0, ""drop_types"": [], ""duplicate_rate"": 0.0, ""loss_rate"": 0.0, ""max_retries"": 2, ""queue_capacity"": 4096, ""reorder_step_sec"": 0.05, ""reorder_window"": 0, ""seed"": 324508638}}, ""effective_sim_time"": 0.0, ""episode_id"": ""p3c_runtime"", ""fault_control_enabled"": true, ""fault_seed"": 1, ""gazebo_seed"": 1, ""ledger_path"": ""/home/zhuyulab/ns3-workspace/ros2_ws/ros2-multi-robot-automap/log/p3c5/p3c_monitor_v11/ledger.jsonl"", ""mission_mode"": ""rally"", ""requested"": {""ack_timeout_sec"": 5.0, ""blackout_intervals"": ""[]"", ""downlink_delay_sec"": 0.0, ""downlink_loss_rate"": 0.0, ""drop_message_types"": """", ""duplicate_rate"": 0.0, ""max_retries"": 2, ""network_mode"": ""ideal"", ""queue_capacity"": 0, ""reorder_step_sec"": 0.05, ""reorder_window"": 0, ""uplink_delay_sec"": 0.0, ""uplink_loss_rate"": 0.0}, ""revision"": 0, ""semantics"": ""in-flight attempts retain their transmission configuration; new attempts use this revision"", ""world"": ""synthetic_component""}",1,10.0,1,0.0,158,,ack,rally,0.0,True,transport_sample,,,0,,,,"{""uplink"": {""capacity"": 4096, ""in_flight"": 0, ""pending_reliable_or_unresolved"": 0, ""scheduled_events"": 0}}",all,0,,1,1,all,16.0,,,0,,,,,,0,,,,15.0,,,0,,,,synthetic_component
0.0,0.0,4,0.0,,,,,,1.0,1.0,0.5,0.375,1.0,0.0,1.0,0.48749999998835847,0,,,0.0,0.0,1.0,0.0,1.0,2832,4,2832,4,2832,4,2832,4,1,4,4,4,2832,2832,4,0,0,0,0,4,2832,4,0,0,0,0,0,0,0,0,0,0,0,0,uplink,5.75,p3c_runtime,10.25,"{""admission_protocol"": false, ""effective"": {""downlink"": {""ack_timeout_sec"": 5.0, ""blackout_intervals"": [], ""delay_sec"": 0.0, ""drop_types"": [], ""duplicate_rate"": 0.0, ""loss_rate"": 0.0, ""max_retries"": 2, ""queue_capacity"": 4096, ""reorder_step_sec"": 0.05, ""reorder_window"": 0, ""seed"": 610839777}, ""uplink"": {""ack_timeout_sec"": 5.0, ""blackout_intervals"": [], ""delay_sec"": 0.0, ""drop_types"": [], ""duplicate_rate"": 0.0, ""loss_rate"": 0.0, ""max_retries"": 2, ""queue_capacity"": 4096, ""reorder_step_sec"": 0.05, ""reorder_window"": 0, ""seed"": 324508638}}, ""effective_sim_time"": 0.0, ""episode_id"": ""p3c_runtime"", ""fault_control_enabled"": true, ""fault_seed"": 1, ""gazebo_seed"": 1, ""ledger_path"": ""/home/zhuyulab/ns3-workspace/ros2_ws/ros2-multi-robot-automap/log/p3c5/p3c_monitor_v11/ledger.jsonl"", ""mission_mode"": ""rally"", ""requested"": {""ack_timeout_sec"": 5.0, ""blackout_intervals"": ""[]"", ""downlink_delay_sec"": 0.0, ""downlink_loss_rate"": 0.0, ""drop_message_types"": """", ""duplicate_rate"": 0.0, ""max_retries"": 2, ""network_mode"": ""ideal"", ""queue_capacity"": 0, ""reorder_step_sec"": 0.05, ""reorder_window"": 0, ""uplink_delay_sec"": 0.0, ""uplink_loss_rate"": 0.0}, ""revision"": 0, ""semantics"": ""in-flight attempts retain their transmission configuration; new attempts use this revision"", ""world"": ""synthetic_component""}",1,2.0,1,2832.0,158,1.0,pose_state,rally,2832.0,True,transport_sample,0.0,0.0,4,0.0,,,"{""uplink"": {""capacity"": 4096, ""in_flight"": 0, ""pending_reliable_or_unresolved"": 0, ""scheduled_events"": 0}}",all,0,0.0,1,1,all,16.0,0.25,0.25,4,0.25,,,0.0,0.0,4,0.0,,,15.0,0.0,0.0,4,0.0,,,synthetic_component
,,0,,,,,,,1.0,1.0,5.75,5.25,1.0,0.0,1.0,5.700000000273576,0,,,0.0,0.0,,,,0,0,0,0,0,0,0,0,0,0,0,0,0,0,0,0,0,0,0,0,0,0,0,0,0,0,0,0,0,0,0,0,0,0,downlink,5.75,p3c_runtime,10.25,"{""admission_protocol"": false, ""effective"": {""downlink"": {""ack_timeout_sec"": 5.0, ""blackout_intervals"": [], ""delay_sec"": 0.0, ""drop_types"": [], ""duplicate_rate"": 0.0, ""loss_rate"": 0.0, ""max_retries"": 2, ""queue_capacity"": 4096, ""reorder_step_sec"": 0.05, ""reorder_window"": 0, ""seed"": 610839777}, ""uplink"": {""ack_timeout_sec"": 5.0, ""blackout_intervals"": [], ""delay_sec"": 0.0, ""drop_types"": [], ""duplicate_rate"": 0.0, ""loss_rate"": 0.0, ""max_retries"": 2, ""queue_capacity"": 4096, ""reorder_step_sec"": 0.05, ""reorder_window"": 0, ""seed"": 324508638}}, ""effective_sim_time"": 0.0, ""episode_id"": ""p3c_runtime"", ""fault_control_enabled"": true, ""fault_seed"": 1, ""gazebo_seed"": 1, ""ledger_path"": ""/home/zhuyulab/ns3-workspace/ros2_ws/ros2-multi-robot-automap/log/p3c5/p3c_monitor_v11/ledger.jsonl"", ""mission_mode"": ""rally"", ""requested"": {""ack_timeout_sec"": 5.0, ""blackout_intervals"": ""[]"", ""downlink_delay_sec"": 0.0, ""downlink_loss_rate"": 0.0, ""drop_message_types"": """", ""duplicate_rate"": 0.0, ""max_retries"": 2, ""network_mode"": ""ideal"", ""queue_capacity"": 0, ""reorder_step_sec"": 0.05, ""reorder_window"": 0, ""uplink_delay_sec"": 0.0, ""uplink_loss_rate"": 0.0}, ""revision"": 0, ""semantics"": ""in-flight attempts retain their transmission configuration; new attempts use this revision"", ""world"": ""synthetic_component""}",1,10.0,1,0.0,158,,task_state,rally,0.0,True,transport_sample,,,0,,,,"{""downlink"": {""capacity"": 4096, ""in_flight"": 0, ""pending_reliable_or_unresolved"": 0, ""scheduled_events"": 0}}",tb1,0,,1,1,headquarters,16.0,,,0,,,,,,0,,,,15.0,,,0,,,,synthetic_component
,,0,,,,,,,1.0,1.0,5.5,5.0,1.0,0.0,1.0,5.449999999662396,0,,,0.0,0.0,,,,0,0,0,0,0,0,0,0,0,0,0,0,0,0,0,0,0,0,0,0,0,0,0,0,0,0,0,0,0,0,0,0,0,0,uplink,5.75,p3c_runtime,10.25,"{""admission_protocol"": false, ""effective"": {""downlink"": {""ack_timeout_sec"": 5.0, ""blackout_intervals"": [], ""delay_sec"": 0.0, ""drop_types"": [], ""duplicate_rate"": 0.0, ""loss_rate"": 0.0, ""max_retries"": 2, ""queue_capacity"": 4096, ""reorder_step_sec"": 0.05, ""reorder_window"": 0, ""seed"": 610839777}, ""uplink"": {""ack_timeout_sec"": 5.0, ""blackout_intervals"": [], ""delay_sec"": 0.0, ""drop_types"": [], ""duplicate_rate"": 0.0, ""loss_rate"": 0.0, ""max_retries"": 2, ""queue_capacity"": 4096, ""reorder_step_sec"": 0.05, ""reorder_window"": 0, ""seed"": 324508638}}, ""effective_sim_time"": 0.0, ""episode_id"": ""p3c_runtime"", ""fault_control_enabled"": true, ""fault_seed"": 1, ""gazebo_seed"": 1, ""ledger_path"": ""/home/zhuyulab/ns3-workspace/ros2_ws/ros2-multi-robot-automap/log/p3c5/p3c_monitor_v11/ledger.jsonl"", ""mission_mode"": ""rally"", ""requested"": {""ack_timeout_sec"": 5.0, ""blackout_intervals"": ""[]"", ""downlink_delay_sec"": 0.0, ""downlink_loss_rate"": 0.0, ""drop_message_types"": """", ""duplicate_rate"": 0.0, ""max_retries"": 2, ""network_mode"": ""ideal"", ""queue_capacity"": 0, ""reorder_step_sec"": 0.05, ""reorder_window"": 0, ""uplink_delay_sec"": 0.0, ""uplink_loss_rate"": 0.0}, ""revision"": 0, ""semantics"": ""in-flight attempts retain their transmission configuration; new attempts use this revision"", ""world"": ""synthetic_component""}",1,10.0,1,0.0,158,,ack,rally,0.0,True,transport_sample,,,0,,,,"{""uplink"": {""capacity"": 4096, ""in_flight"": 0, ""pending_reliable_or_unresolved"": 0, ""scheduled_events"": 0}}",headquarters,0,,1,1,tb1,16.0,,,0,,,,,,0,,,,15.0,,,0,,,,synthetic_component
0.0,0.0,4,0.0,,,,,,1.0,1.0,0.5,0.375,1.0,0.0,1.0,0.48749999998835847,0,,,0.0,0.0,1.0,0.0,1.0,2832,4,2832,4,2832,4,2832,4,1,4,4,4,2832,2832,4,0,0,0,0,4,2832,4,0,0,0,0,0,0,0,0,0,0,0,0,uplink,5.75,p3c_runtime,10.25,"{""admission_protocol"": false, ""effective"": {""downlink"": {""ack_timeout_sec"": 5.0, ""blackout_intervals"": [], ""delay_sec"": 0.0, ""drop_types"": [], ""duplicate_rate"": 0.0, ""loss_rate"": 0.0, ""max_retries"": 2, ""queue_capacity"": 4096, ""reorder_step_sec"": 0.05, ""reorder_window"": 0, ""seed"": 610839777}, ""uplink"": {""ack_timeout_sec"": 5.0, ""blackout_intervals"": [], ""delay_sec"": 0.0, ""drop_types"": [], ""duplicate_rate"": 0.0, ""loss_rate"": 0.0, ""max_retries"": 2, ""queue_capacity"": 4096, ""reorder_step_sec"": 0.05, ""reorder_window"": 0, ""seed"": 324508638}}, ""effective_sim_time"": 0.0, ""episode_id"": ""p3c_runtime"", ""fault_control_enabled"": true, ""fault_seed"": 1, ""gazebo_seed"": 1, ""ledger_path"": ""/home/zhuyulab/ns3-workspace/ros2_ws/ros2-multi-robot-automap/log/p3c5/p3c_monitor_v11/ledger.jsonl"", ""mission_mode"": ""rally"", ""requested"": {""ack_timeout_sec"": 5.0, ""blackout_intervals"": ""[]"", ""downlink_delay_sec"": 0.0, ""downlink_loss_rate"": 0.0, ""drop_message_types"": """", ""duplicate_rate"": 0.0, ""max_retries"": 2, ""network_mode"": ""ideal"", ""queue_capacity"": 0, ""reorder_step_sec"": 0.05, ""reorder_window"": 0, ""uplink_delay_sec"": 0.0, ""uplink_loss_rate"": 0.0}, ""revision"": 0, ""semantics"": ""in-flight attempts retain their transmission configuration; new attempts use this revision"", ""world"": ""synthetic_component""}",1,2.0,1,2832.0,158,1.0,pose_state,rally,2832.0,True,transport_sample,0.0,0.0,4,0.0,,,"{""uplink"": {""capacity"": 4096, ""in_flight"": 0, ""pending_reliable_or_unresolved"": 0, ""scheduled_events"": 0}}",headquarters,0,0.0,1,1,tb1,16.0,0.25,0.25,4,0.25,,,0.0,0.0,4,0.0,,,15.0,0.0,0.0,4,0.0,,,synthetic_component
0.0,0.0,4,0.0,,,,,,1.0,2.0,6.5,3.1875,2.0,0.0,2.0,6.400000000663567,0,,,0.0,0.0,0.75,0.0,1.0,2124,3,2832,4,2832,4,2832,4,1,3,3,3,2124,2124,3,0,0,0,0,4,2832,4,0,0,0,0,0,0,0,0,0,0,0,0,uplink,6.75,p3c_runtime,10.25,"{""admission_protocol"": false, ""effective"": {""downlink"": {""ack_timeout_sec"": 5.0, ""blackout_intervals"": [], ""delay_sec"": 0.0, ""drop_types"": [], ""duplicate_rate"": 0.0, ""loss_rate"": 0.0, ""max_retries"": 2, ""queue_capacity"": 4096, ""reorder_step_sec"": 0.05, ""reorder_window"": 0, ""seed"": 610839777}, ""uplink"": {""ack_timeout_sec"": 5.0, ""blackout_intervals"": [], ""delay_sec"": 0.0, ""drop_types"": [], ""duplicate_rate"": 0.0, ""loss_rate"": 0.0, ""max_retries"": 2, ""queue_capacity"": 4096, ""reorder_step_sec"": 0.05, ""reorder_window"": 0, ""seed"": 324508638}}, ""effective_sim_time"": 16.5, ""episode_id"": ""p3c_runtime"", ""fault_control_enabled"": true, ""fault_seed"": 1, ""gazebo_seed"": 1, ""ledger_path"": ""/home/zhuyulab/ns3-workspace/ros2_ws/ros2-multi-robot-automap/log/p3c5/p3c_monitor_v11/ledger.jsonl"", ""mission_mode"": ""rally"", ""requested"": {""ack_timeout_sec"": 5.0, ""blackout_intervals"": ""[]"", ""downlink_delay_sec"": 0.0, ""downlink_loss_rate"": 0.0, ""drop_message_types"": """", ""duplicate_rate"": 0.0, ""max_retries"": 2, ""network_mode"": ""fault"", ""queue_capacity"": 0, ""reorder_step_sec"": 0.05, ""reorder_window"": 0, ""uplink_delay_sec"": 0.0, ""uplink_loss_rate"": 0.0}, ""revision"": 2, ""semantics"": ""in-flight attempts retain their transmission configuration; new attempts use this revision"", ""world"": ""synthetic_component""}",1,,1,2124.0,186,0.75,all,rally,2832.0,True,transport_sample,0.0,0.0,4,0.0,,,"{""uplink"": {""capacity"": 4096, ""in_flight"": 1, ""pending_reliable_or_unresolved"": 1, ""scheduled_events"": 1}}",all,0,0.0,1,1,all,17.0,0.25,0.16666666666666666,3,0.25,,,0.0,0.0,3,0.0,,,16.0,0.0,0.0,3,0.0,,,synthetic_component
,,0,,,,,,,1.0,1.0,6.75,6.25,1.0,0.0,1.0,6.700000000098953,0,,,0.0,0.0,,,,0,0,0,0,0,0,0,0,0,0,0,0,0,0,0,0,0,0,0,0,0,0,0,0,0,0,0,0,0,0,0,0,0,0,downlink,6.75,p3c_runtime,10.25,"{""admission_protocol"": false, ""effective"": {""downlink"": {""ack_timeout_sec"": 5.0, ""blackout_intervals"": [], ""delay_sec"": 0.0, ""drop_types"": [], ""duplicate_rate"": 0.0, ""loss_rate"": 0.0, ""max_retries"": 2, ""queue_capacity"": 4096, ""reorder_step_sec"": 0.05, ""reorder_window"": 0, ""seed"": 610839777}, ""uplink"": {""ack_timeout_sec"": 5.0, ""blackout_intervals"": [], ""delay_sec"": 0.0, ""drop_types"": [], ""duplicate_rate"": 0.0, ""loss_rate"": 0.0, ""max_retries"": 2, ""queue_capacity"": 4096, ""reorder_step_sec"": 0.05, ""reorder_window"": 0, ""seed"": 324508638}}, ""effective_sim_time"": 16.5, ""episode_id"": ""p3c_runtime"", ""fault_control_enabled"": true, ""fault_seed"": 1, ""gazebo_seed"": 1, ""ledger_path"": ""/home/zhuyulab/ns3-workspace/ros2_ws/ros2-multi-robot-automap/log/p3c5/p3c_monitor_v11/ledger.jsonl"", ""mission_mode"": ""rally"", ""requested"": {""ack_timeout_sec"": 5.0, ""blackout_intervals"": ""[]"", ""downlink_delay_sec"": 0.0, ""downlink_loss_rate"": 0.0, ""drop_message_types"": """", ""duplicate_rate"": 0.0, ""max_retries"": 2, ""network_mode"": ""fault"", ""queue_capacity"": 0, ""reorder_step_sec"": 0.05, ""reorder_window"": 0, ""uplink_delay_sec"": 0.0, ""uplink_loss_rate"": 0.0}, ""revision"": 2, ""semantics"": ""in-flight attempts retain their transmission configuration; new attempts use this revision"", ""world"": ""synthetic_component""}",1,10.0,1,0.0,186,,all,rally,0.0,True,transport_sample,,,0,,,,"{""downlink"": {""capacity"": 4096, ""in_flight"": 0, ""pending_reliable_or_unresolved"": 0, ""scheduled_events"": 0}}",all,0,,1,1,all,17.0,,,0,,,,,,0,,,,16.0,,,0,,,,synthetic_component
,,0,,,,,,,1.0,1.0,6.75,6.25,1.0,0.0,1.0,6.700000000098953,0,,,0.0,0.0,,,,0,0,0,0,0,0,0,0,0,0,0,0,0,0,0,0,0,0,0,0,0,0,0,0,0,0,0,0,0,0,0,0,0,0,downlink,6.75,p3c_runtime,10.25,"{""admission_protocol"": false, ""effective"": {""downlink"": {""ack_timeout_sec"": 5.0, ""blackout_intervals"": [], ""delay_sec"": 0.0, ""drop_types"": [], ""duplicate_rate"": 0.0, ""loss_rate"": 0.0, ""max_retries"": 2, ""queue_capacity"": 4096, ""reorder_step_sec"": 0.05, ""reorder_window"": 0, ""seed"": 610839777}, ""uplink"": {""ack_timeout_sec"": 5.0, ""blackout_intervals"": [], ""delay_sec"": 0.0, ""drop_types"": [], ""duplicate_rate"": 0.0, ""loss_rate"": 0.0, ""max_retries"": 2, ""queue_capacity"": 4096, ""reorder_step_sec"": 0.05, ""reorder_window"": 0, ""seed"": 324508638}}, ""effective_sim_time"": 16.5, ""episode_id"": ""p3c_runtime"", ""fault_control_enabled"": true, ""fault_seed"": 1, ""gazebo_seed"": 1, ""ledger_path"": ""/home/zhuyulab/ns3-workspace/ros2_ws/ros2-multi-robot-automap/log/p3c5/p3c_monitor_v11/ledger.jsonl"", ""mission_mode"": ""rally"", ""requested"": {""ack_timeout_sec"": 5.0, ""blackout_intervals"": ""[]"", ""downlink_delay_sec"": 0.0, ""downlink_loss_rate"": 0.0, ""drop_message_types"": """", ""duplicate_rate"": 0.0, ""max_retries"": 2, ""network_mode"": ""fault"", ""queue_capacity"": 0, ""reorder_step_sec"": 0.05, ""reorder_window"": 0, ""uplink_delay_sec"": 0.0, ""uplink_loss_rate"": 0.0}, ""revision"": 2, ""semantics"": ""in-flight attempts retain their transmission configuration; new attempts use this revision"", ""world"": ""synthetic_component""}",1,10.0,1,0.0,186,,task_state,rally,0.0,True,transport_sample,,,0,,,,"{""downlink"": {""capacity"": 4096, ""in_flight"": 0, ""pending_reliable_or_unresolved"": 0, ""scheduled_events"": 0}}",all,0,,1,1,all,17.0,,,0,,,,,,0,,,,16.0,,,0,,,,synthetic_component
,,0,,,,,,,1.0,1.0,6.5,6.0,1.0,0.0,1.0,6.4500000007101335,0,,,0.0,0.0,,,,0,0,0,0,0,0,0,0,0,0,0,0,0,0,0,0,0,0,0,0,0,0,0,0,0,0,0,0,0,0,0,0,0,0,uplink,6.75,p3c_runtime,10.25,"{""admission_protocol"": false, ""effective"": {""downlink"": {""ack_timeout_sec"": 5.0, ""blackout_intervals"": [], ""delay_sec"": 0.0, ""drop_types"": [], ""duplicate_rate"": 0.0, ""loss_rate"": 0.0, ""max_retries"": 2, ""queue_capacity"": 4096, ""reorder_step_sec"": 0.05, ""reorder_window"": 0, ""seed"": 610839777}, ""uplink"": {""ack_timeout_sec"": 5.0, ""blackout_intervals"": [], ""delay_sec"": 0.0, ""drop_types"": [], ""duplicate_rate"": 0.0, ""loss_rate"": 0.0, ""max_retries"": 2, ""queue_capacity"": 4096, ""reorder_step_sec"": 0.05, ""reorder_window"": 0, ""seed"": 324508638}}, ""effective_sim_time"": 16.5, ""episode_id"": ""p3c_runtime"", ""fault_control_enabled"": true, ""fault_seed"": 1, ""gazebo_seed"": 1, ""ledger_path"": ""/home/zhuyulab/ns3-workspace/ros2_ws/ros2-multi-robot-automap/log/p3c5/p3c_monitor_v11/ledger.jsonl"", ""mission_mode"": ""rally"", ""requested"": {""ack_timeout_sec"": 5.0, ""blackout_intervals"": ""[]"", ""downlink_delay_sec"": 0.0, ""downlink_loss_rate"": 0.0, ""drop_message_types"": """", ""duplicate_rate"": 0.0, ""max_retries"": 2, ""network_mode"": ""fault"", ""queue_capacity"": 0, ""reorder_step_sec"": 0.05, ""reorder_window"": 0, ""uplink_delay_sec"": 0.0, ""uplink_loss_rate"": 0.0}, ""revision"": 2, ""semantics"": ""in-flight attempts retain their transmission configuration; new attempts use this revision"", ""world"": ""synthetic_component""}",1,10.0,1,0.0,186,,ack,rally,0.0,True,transport_sample,,,0,,,,"{""uplink"": {""capacity"": 4096, ""in_flight"": 1, ""pending_reliable_or_unresolved"": 1, ""scheduled_events"": 1}}",all,0,,1,1,all,17.0,,,0,,,,,,0,,,,16.0,,,0,,,,synthetic_component
0.0,0.0,4,0.0,,,,,,1.0,1.0,0.75,0.375,1.0,0.0,1.0,0.69999999992433,0,,,0.0,0.0,0.75,0.0,1.0,2124,3,2832,4,2832,4,2832,4,1,3,3,3,2124,2124,3,0,0,0,0,4,2832,4,0,0,0,0,0,0,0,0,0,0,0,0,uplink,6.75,p3c_runtime,10.25,"{""admission_protocol"": false, ""effective"": {""downlink"": {""ack_timeout_sec"": 5.0, ""blackout_intervals"": [], ""delay_sec"": 0.0, ""drop_types"": [], ""duplicate_rate"": 0.0, ""loss_rate"": 0.0, ""max_retries"": 2, ""queue_capacity"": 4096, ""reorder_step_sec"": 0.05, ""reorder_window"": 0, ""seed"": 610839777}, ""uplink"": {""ack_timeout_sec"": 5.0, ""blackout_intervals"": [], ""delay_sec"": 0.0, ""drop_types"": [], ""duplicate_rate"": 0.0, ""loss_rate"": 0.0, ""max_retries"": 2, ""queue_capacity"": 4096, ""reorder_step_sec"": 0.05, ""reorder_window"": 0, ""seed"": 324508638}}, ""effective_sim_time"": 16.5, ""episode_id"": ""p3c_runtime"", ""fault_control_enabled"": true, ""fault_seed"": 1, ""gazebo_seed"": 1, ""ledger_path"": ""/home/zhuyulab/ns3-workspace/ros2_ws/ros2-multi-robot-automap/log/p3c5/p3c_monitor_v11/ledger.jsonl"", ""mission_mode"": ""rally"", ""requested"": {""ack_timeout_sec"": 5.0, ""blackout_intervals"": ""[]"", ""downlink_delay_sec"": 0.0, ""downlink_loss_rate"": 0.0, ""drop_message_types"": """", ""duplicate_rate"": 0.0, ""max_retries"": 2, ""network_mode"": ""fault"", ""queue_capacity"": 0, ""reorder_step_sec"": 0.05, ""reorder_window"": 0, ""uplink_delay_sec"": 0.0, ""uplink_loss_rate"": 0.0}, ""revision"": 2, ""semantics"": ""in-flight attempts retain their transmission configuration; new attempts use this revision"", ""world"": ""synthetic_component""}",1,2.0,1,2124.0,186,0.75,pose_state,rally,2832.0,True,transport_sample,0.0,0.0,4,0.0,,,"{""uplink"": {""capacity"": 4096, ""in_flight"": 1, ""pending_reliable_or_unresolved"": 1, ""scheduled_events"": 1}}",all,0,0.0,1,1,all,17.0,0.25,0.16666666666666666,3,0.25,,,0.0,0.0,3,0.0,,,16.0,0.0,0.0,3,0.0,,,synthetic_component
,,0,,,,,,,1.0,1.0,6.75,6.25,1.0,0.0,1.0,6.700000000098953,0,,,0.0,0.0,,,,0,0,0,0,0,0,0,0,0,0,0,0,0,0,0,0,0,0,0,0,0,0,0,0,0,0,0,0,0,0,0,0,0,0,downlink,6.75,p3c_runtime,10.25,"{""admission_protocol"": false, ""effective"": {""downlink"": {""ack_timeout_sec"": 5.0, ""blackout_intervals"": [], ""delay_sec"": 0.0, ""drop_types"": [], ""duplicate_rate"": 0.0, ""loss_rate"": 0.0, ""max_retries"": 2, ""queue_capacity"": 4096, ""reorder_step_sec"": 0.05, ""reorder_window"": 0, ""seed"": 610839777}, ""uplink"": {""ack_timeout_sec"": 5.0, ""blackout_intervals"": [], ""delay_sec"": 0.0, ""drop_types"": [], ""duplicate_rate"": 0.0, ""loss_rate"": 0.0, ""max_retries"": 2, ""queue_capacity"": 4096, ""reorder_step_sec"": 0.05, ""reorder_window"": 0, ""seed"": 324508638}}, ""effective_sim_time"": 16.5, ""episode_id"": ""p3c_runtime"", ""fault_control_enabled"": true, ""fault_seed"": 1, ""gazebo_seed"": 1, ""ledger_path"": ""/home/zhuyulab/ns3-workspace/ros2_ws/ros2-multi-robot-automap/log/p3c5/p3c_monitor_v11/ledger.jsonl"", ""mission_mode"": ""rally"", ""requested"": {""ack_timeout_sec"": 5.0, ""blackout_intervals"": ""[]"", ""downlink_delay_sec"": 0.0, ""downlink_loss_rate"": 0.0, ""drop_message_types"": """", ""duplicate_rate"": 0.0, ""max_retries"": 2, ""network_mode"": ""fault"", ""queue_capacity"": 0, ""reorder_step_sec"": 0.05, ""reorder_window"": 0, ""uplink_delay_sec"": 0.0, ""uplink_loss_rate"": 0.0}, ""revision"": 2, ""semantics"": ""in-flight attempts retain their transmission configuration; new attempts use this revision"", ""world"": ""synthetic_component""}",1,10.0,1,0.0,186,,task_state,rally,0.0,True,transport_sample,,,0,,,,"{""downlink"": {""capacity"": 4096, ""in_flight"": 0, ""pending_reliable_or_unresolved"": 0, ""scheduled_events"": 0}}",tb1,0,,1,1,headquarters,17.0,,,0,,,,,,0,,,,16.0,,,0,,,,synthetic_component
,,0,,,,,,,1.0,1.0,6.5,6.0,1.0,0.0,1.0,6.4500000007101335,0,,,0.0,0.0,,,,0,0,0,0,0,0,0,0,0,0,0,0,0,0,0,0,0,0,0,0,0,0,0,0,0,0,0,0,0,0,0,0,0,0,uplink,6.75,p3c_runtime,10.25,"{""admission_protocol"": false, ""effective"": {""downlink"": {""ack_timeout_sec"": 5.0, ""blackout_intervals"": [], ""delay_sec"": 0.0, ""drop_types"": [], ""duplicate_rate"": 0.0, ""loss_rate"": 0.0, ""max_retries"": 2, ""queue_capacity"": 4096, ""reorder_step_sec"": 0.05, ""reorder_window"": 0, ""seed"": 610839777}, ""uplink"": {""ack_timeout_sec"": 5.0, ""blackout_intervals"": [], ""delay_sec"": 0.0, ""drop_types"": [], ""duplicate_rate"": 0.0, ""loss_rate"": 0.0, ""max_retries"": 2, ""queue_capacity"": 4096, ""reorder_step_sec"": 0.05, ""reorder_window"": 0, ""seed"": 324508638}}, ""effective_sim_time"": 16.5, ""episode_id"": ""p3c_runtime"", ""fault_control_enabled"": true, ""fault_seed"": 1, ""gazebo_seed"": 1, ""ledger_path"": ""/home/zhuyulab/ns3-workspace/ros2_ws/ros2-multi-robot-automap/log/p3c5/p3c_monitor_v11/ledger.jsonl"", ""mission_mode"": ""rally"", ""requested"": {""ack_timeout_sec"": 5.0, ""blackout_intervals"": ""[]"", ""downlink_delay_sec"": 0.0, ""downlink_loss_rate"": 0.0, ""drop_message_types"": """", ""duplicate_rate"": 0.0, ""max_retries"": 2, ""network_mode"": ""fault"", ""queue_capacity"": 0, ""reorder_step_sec"": 0.05, ""reorder_window"": 0, ""uplink_delay_sec"": 0.0, ""uplink_loss_rate"": 0.0}, ""revision"": 2, ""semantics"": ""in-flight attempts retain their transmission configuration; new attempts use this revision"", ""world"": ""synthetic_component""}",1,10.0,1,0.0,186,,ack,rally,0.0,True,transport_sample,,,0,,,,"{""uplink"": {""capacity"": 4096, ""in_flight"": 1, ""pending_reliable_or_unresolved"": 1, ""scheduled_events"": 1}}",headquarters,0,,1,1,tb1,17.0,,,0,,,,,,0,,,,16.0,,,0,,,,synthetic_component
0.0,0.0,4,0.0,,,,,,1.0,1.0,0.75,0.375,1.0,0.0,1.0,0.69999999992433,0,,,0.0,0.0,0.75,0.0,1.0,2124,3,2832,4,2832,4,2832,4,1,3,3,3,2124,2124,3,0,0,0,0,4,2832,4,0,0,0,0,0,0,0,0,0,0,0,0,uplink,6.75,p3c_runtime,10.25,"{""admission_protocol"": false, ""effective"": {""downlink"": {""ack_timeout_sec"": 5.0, ""blackout_intervals"": [], ""delay_sec"": 0.0, ""drop_types"": [], ""duplicate_rate"": 0.0, ""loss_rate"": 0.0, ""max_retries"": 2, ""queue_capacity"": 4096, ""reorder_step_sec"": 0.05, ""reorder_window"": 0, ""seed"": 610839777}, ""uplink"": {""ack_timeout_sec"": 5.0, ""blackout_intervals"": [], ""delay_sec"": 0.0, ""drop_types"": [], ""duplicate_rate"": 0.0, ""loss_rate"": 0.0, ""max_retries"": 2, ""queue_capacity"": 4096, ""reorder_step_sec"": 0.05, ""reorder_window"": 0, ""seed"": 324508638}}, ""effective_sim_time"": 16.5, ""episode_id"": ""p3c_runtime"", ""fault_control_enabled"": true, ""fault_seed"": 1, ""gazebo_seed"": 1, ""ledger_path"": ""/home/zhuyulab/ns3-workspace/ros2_ws/ros2-multi-robot-automap/log/p3c5/p3c_monitor_v11/ledger.jsonl"", ""mission_mode"": ""rally"", ""requested"": {""ack_timeout_sec"": 5.0, ""blackout_intervals"": ""[]"", ""downlink_delay_sec"": 0.0, ""downlink_loss_rate"": 0.0, ""drop_message_types"": """", ""duplicate_rate"": 0.0, ""max_retries"": 2, ""network_mode"": ""fault"", ""queue_capacity"": 0, ""reorder_step_sec"": 0.05, ""reorder_window"": 0, ""uplink_delay_sec"": 0.0, ""uplink_loss_rate"": 0.0}, ""revision"": 2, ""semantics"": ""in-flight attempts retain their transmission configuration; new attempts use this revision"", ""world"": ""synthetic_component""}",1,2.0,1,2124.0,186,0.75,pose_state,rally,2832.0,True,transport_sample,0.0,0.0,4,0.0,,,"{""uplink"": {""capacity"": 4096, ""in_flight"": 1, ""pending_reliable_or_unresolved"": 1, ""scheduled_events"": 1}}",headquarters,0,0.0,1,1,tb1,17.0,0.25,0.16666666666666666,3,0.25,,,0.0,0.0,3,0.0,,,16.0,0.0,0.0,3,0.0,,,synthetic_component
0.0,0.0,4,0.0,,,,,,1.0,2.0,7.5,3.6875,2.0,0.0,2.0,7.400000000197906,0,,,0.0,0.0,1.0,0.2,0.8,2832,4,2832,4,2832,4,2832,4,2,4,4,4,2832,2832,4,1,708,0,0,4,2832,4,0,1,708,0,0,0,0,0,0,0,0,0,uplink,7.75,p3c_runtime,10.25,"{""admission_protocol"": false, ""effective"": {""downlink"": {""ack_timeout_sec"": 5.0, ""blackout_intervals"": [], ""delay_sec"": 0.0, ""drop_types"": [], ""duplicate_rate"": 0.0, ""loss_rate"": 0.0, ""max_retries"": 2, ""queue_capacity"": 4096, ""reorder_step_sec"": 0.05, ""reorder_window"": 0, ""seed"": 610839777}, ""uplink"": {""ack_timeout_sec"": 5.0, ""blackout_intervals"": [], ""delay_sec"": 0.0, ""drop_types"": [], ""duplicate_rate"": 0.0, ""loss_rate"": 0.0, ""max_retries"": 2, ""queue_capacity"": 4096, ""reorder_step_sec"": 0.05, ""reorder_window"": 0, ""seed"": 324508638}}, ""effective_sim_time"": 16.5, ""episode_id"": ""p3c_runtime"", ""fault_control_enabled"": true, ""fault_seed"": 1, ""gazebo_seed"": 1, ""ledger_path"": ""/home/zhuyulab/ns3-workspace/ros2_ws/ros2-multi-robot-automap/log/p3c5/p3c_monitor_v11/ledger.jsonl"", ""mission_mode"": ""rally"", ""requested"": {""ack_timeout_sec"": 5.0, ""blackout_intervals"": ""[]"", ""downlink_delay_sec"": 0.0, ""downlink_loss_rate"": 0.0, ""drop_message_types"": """", ""duplicate_rate"": 0.0, ""max_retries"": 2, ""network_mode"": ""fault"", ""queue_capacity"": 0, ""reorder_step_sec"": 0.05, ""reorder_window"": 0, ""uplink_delay_sec"": 0.0, ""uplink_loss_rate"": 0.0}, ""revision"": 2, ""semantics"": ""in-flight attempts retain their transmission configuration; new attempts use this revision"", ""world"": ""synthetic_component""}",1,,1,2832.0,212,1.0,all,rally,2832.0,True,transport_sample,0.0,0.0,4,0.0,,,"{""uplink"": {""capacity"": 4096, ""in_flight"": 0, ""pending_reliable_or_unresolved"": 0, ""scheduled_events"": 0}}",all,0,0.0,1,1,all,18.0,0.25,0.25,4,0.25,,,0.0,0.0,4,0.0,,,17.0,0.0,0.0,4,0.0,,,synthetic_component
,,0,,,,,,,1.0,1.0,7.75,7.25,1.0,0.0,1.0,7.699999999866122,0,,,0.0,0.0,,,,0,0,0,0,0,0,0,0,0,0,0,0,0,0,0,0,0,0,0,0,0,0,0,0,0,0,0,0,0,0,0,0,0,0,downlink,7.75,p3c_runtime,10.25,"{""admission_protocol"": false, ""effective"": {""downlink"": {""ack_timeout_sec"": 5.0, ""blackout_intervals"": [], ""delay_sec"": 0.0, ""drop_types"": [], ""duplicate_rate"": 0.0, ""loss_rate"": 0.0, ""max_retries"": 2, ""queue_capacity"": 4096, ""reorder_step_sec"": 0.05, ""reorder_window"": 0, ""seed"": 610839777}, ""uplink"": {""ack_timeout_sec"": 5.0, ""blackout_intervals"": [], ""delay_sec"": 0.0, ""drop_types"": [], ""duplicate_rate"": 0.0, ""loss_rate"": 0.0, ""max_retries"": 2, ""queue_capacity"": 4096, ""reorder_step_sec"": 0.05, ""reorder_window"": 0, ""seed"": 324508638}}, ""effective_sim_time"": 16.5, ""episode_id"": ""p3c_runtime"", ""fault_control_enabled"": true, ""fault_seed"": 1, ""gazebo_seed"": 1, ""ledger_path"": ""/home/zhuyulab/ns3-workspace/ros2_ws/ros2-multi-robot-automap/log/p3c5/p3c_monitor_v11/ledger.jsonl"", ""mission_mode"": ""rally"", ""requested"": {""ack_timeout_sec"": 5.0, ""blackout_intervals"": ""[]"", ""downlink_delay_sec"": 0.0, ""downlink_loss_rate"": 0.0, ""drop_message_types"": """", ""duplicate_rate"": 0.0, ""max_retries"": 2, ""network_mode"": ""fault"", ""queue_capacity"": 0, ""reorder_step_sec"": 0.05, ""reorder_window"": 0, ""uplink_delay_sec"": 0.0, ""uplink_loss_rate"": 0.0}, ""revision"": 2, ""semantics"": ""in-flight attempts retain their transmission configuration; new attempts use this revision"", ""world"": ""synthetic_component""}",1,10.0,1,0.0,212,,all,rally,0.0,True,transport_sample,,,0,,,,"{""downlink"": {""capacity"": 4096, ""in_flight"": 0, ""pending_reliable_or_unresolved"": 0, ""scheduled_events"": 0}}",all,0,,1,1,all,18.0,,,0,,,,,,0,,,,17.0,,,0,,,,synthetic_component
,,0,,,,,,,1.0,1.0,7.75,7.25,1.0,0.0,1.0,7.699999999866122,0,,,0.0,0.0,,,,0,0,0,0,0,0,0,0,0,0,0,0,0,0,0,0,0,0,0,0,0,0,0,0,0,0,0,0,0,0,0,0,0,0,downlink,7.75,p3c_runtime,10.25,"{""admission_protocol"": false, ""effective"": {""downlink"": {""ack_timeout_sec"": 5.0, ""blackout_intervals"": [], ""delay_sec"": 0.0, ""drop_types"": [], ""duplicate_rate"": 0.0, ""loss_rate"": 0.0, ""max_retries"": 2, ""queue_capacity"": 4096, ""reorder_step_sec"": 0.05, ""reorder_window"": 0, ""seed"": 610839777}, ""uplink"": {""ack_timeout_sec"": 5.0, ""blackout_intervals"": [], ""delay_sec"": 0.0, ""drop_types"": [], ""duplicate_rate"": 0.0, ""loss_rate"": 0.0, ""max_retries"": 2, ""queue_capacity"": 4096, ""reorder_step_sec"": 0.05, ""reorder_window"": 0, ""seed"": 324508638}}, ""effective_sim_time"": 16.5, ""episode_id"": ""p3c_runtime"", ""fault_control_enabled"": true, ""fault_seed"": 1, ""gazebo_seed"": 1, ""ledger_path"": ""/home/zhuyulab/ns3-workspace/ros2_ws/ros2-multi-robot-automap/log/p3c5/p3c_monitor_v11/ledger.jsonl"", ""mission_mode"": ""rally"", ""requested"": {""ack_timeout_sec"": 5.0, ""blackout_intervals"": ""[]"", ""downlink_delay_sec"": 0.0, ""downlink_loss_rate"": 0.0, ""drop_message_types"": """", ""duplicate_rate"": 0.0, ""max_retries"": 2, ""network_mode"": ""fault"", ""queue_capacity"": 0, ""reorder_step_sec"": 0.05, ""reorder_window"": 0, ""uplink_delay_sec"": 0.0, ""uplink_loss_rate"": 0.0}, ""revision"": 2, ""semantics"": ""in-flight attempts retain their transmission configuration; new attempts use this revision"", ""world"": ""synthetic_component""}",1,10.0,1,0.0,212,,task_state,rally,0.0,True,transport_sample,,,0,,,,"{""downlink"": {""capacity"": 4096, ""in_flight"": 0, ""pending_reliable_or_unresolved"": 0, ""scheduled_events"": 0}}",all,0,,1,1,all,18.0,,,0,,,,,,0,,,,17.0,,,0,,,,synthetic_component
,,0,,,,,,,1.0,1.0,7.5,7.0,1.0,0.0,1.0,7.449999999662396,0,,,0.0,0.0,,,,0,0,0,0,0,0,0,0,0,0,0,0,0,0,0,0,0,0,0,0,0,0,0,0,0,0,0,0,0,0,0,0,0,0,uplink,7.75,p3c_runtime,10.25,"{""admission_protocol"": false, ""effective"": {""downlink"": {""ack_timeout_sec"": 5.0, ""blackout_intervals"": [], ""delay_sec"": 0.0, ""drop_types"": [], ""duplicate_rate"": 0.0, ""loss_rate"": 0.0, ""max_retries"": 2, ""queue_capacity"": 4096, ""reorder_step_sec"": 0.05, ""reorder_window"": 0, ""seed"": 610839777}, ""uplink"": {""ack_timeout_sec"": 5.0, ""blackout_intervals"": [], ""delay_sec"": 0.0, ""drop_types"": [], ""duplicate_rate"": 0.0, ""loss_rate"": 0.0, ""max_retries"": 2, ""queue_capacity"": 4096, ""reorder_step_sec"": 0.05, ""reorder_window"": 0, ""seed"": 324508638}}, ""effective_sim_time"": 16.5, ""episode_id"": ""p3c_runtime"", ""fault_control_enabled"": true, ""fault_seed"": 1, ""gazebo_seed"": 1, ""ledger_path"": ""/home/zhuyulab/ns3-workspace/ros2_ws/ros2-multi-robot-automap/log/p3c5/p3c_monitor_v11/ledger.jsonl"", ""mission_mode"": ""rally"", ""requested"": {""ack_timeout_sec"": 5.0, ""blackout_intervals"": ""[]"", ""downlink_delay_sec"": 0.0, ""downlink_loss_rate"": 0.0, ""drop_message_types"": """", ""duplicate_rate"": 0.0, ""max_retries"": 2, ""network_mode"": ""fault"", ""queue_capacity"": 0, ""reorder_step_sec"": 0.05, ""reorder_window"": 0, ""uplink_delay_sec"": 0.0, ""uplink_loss_rate"": 0.0}, ""revision"": 2, ""semantics"": ""in-flight attempts retain their transmission configuration; new attempts use this revision"", ""world"": ""synthetic_component""}",1,10.0,1,0.0,212,,ack,rally,0.0,True,transport_sample,,,0,,,,"{""uplink"": {""capacity"": 4096, ""in_flight"": 0, ""pending_reliable_or_unresolved"": 0, ""scheduled_events"": 0}}",all,0,,1,1,all,18.0,,,0,,,,,,0,,,,17.0,,,0,,,,synthetic_component
0.0,0.0,4,0.0,,,,,,1.0,1.0,0.5,0.375,1.0,0.0,1.0,0.48749999998835847,0,,,0.0,0.0,1.0,0.2,0.8,2832,4,2832,4,2832,4,2832,4,2,4,4,4,2832,2832,4,1,708,0,0,4,2832,4,0,1,708,0,0,0,0,0,0,0,0,0,uplink,7.75,p3c_runtime,10.25,"{""admission_protocol"": false, ""effective"": {""downlink"": {""ack_timeout_sec"": 5.0, ""blackout_intervals"": [], ""delay_sec"": 0.0, ""drop_types"": [], ""duplicate_rate"": 0.0, ""loss_rate"": 0.0, ""max_retries"": 2, ""queue_capacity"": 4096, ""reorder_step_sec"": 0.05, ""reorder_window"": 0, ""seed"": 610839777}, ""uplink"": {""ack_timeout_sec"": 5.0, ""blackout_intervals"": [], ""delay_sec"": 0.0, ""drop_types"": [], ""duplicate_rate"": 0.0, ""loss_rate"": 0.0, ""max_retries"": 2, ""queue_capacity"": 4096, ""reorder_step_sec"": 0.05, ""reorder_window"": 0, ""seed"": 324508638}}, ""effective_sim_time"": 16.5, ""episode_id"": ""p3c_runtime"", ""fault_control_enabled"": true, ""fault_seed"": 1, ""gazebo_seed"": 1, ""ledger_path"": ""/home/zhuyulab/ns3-workspace/ros2_ws/ros2-multi-robot-automap/log/p3c5/p3c_monitor_v11/ledger.jsonl"", ""mission_mode"": ""rally"", ""requested"": {""ack_timeout_sec"": 5.0, ""blackout_intervals"": ""[]"", ""downlink_delay_sec"": 0.0, ""downlink_loss_rate"": 0.0, ""drop_message_types"": """", ""duplicate_rate"": 0.0, ""max_retries"": 2, ""network_mode"": ""fault"", ""queue_capacity"": 0, ""reorder_step_sec"": 0.05, ""reorder_window"": 0, ""uplink_delay_sec"": 0.0, ""uplink_loss_rate"": 0.0}, ""revision"": 2, ""semantics"": ""in-flight attempts retain their transmission configuration; new attempts use this revision"", ""world"": ""synthetic_component""}",1,2.0,1,2832.0,212,1.0,pose_state,rally,2832.0,True,transport_sample,0.0,0.0,4,0.0,,,"{""uplink"": {""capacity"": 4096, ""in_flight"": 0, ""pending_reliable_or_unresolved"": 0, ""scheduled_events"": 0}}",all,0,0.0,1,1,all,18.0,0.25,0.25,4,0.25,,,0.0,0.0,4,0.0,,,17.0,0.0,0.0,4,0.0,,,synthetic_component
,,0,,,,,,,1.0,1.0,7.75,7.25,1.0,0.0,1.0,7.699999999866122,0,,,0.0,0.0,,,,0,0,0,0,0,0,0,0,0,0,0,0,0,0,0,0,0,0,0,0,0,0,0,0,0,0,0,0,0,0,0,0,0,0,downlink,7.75,p3c_runtime,10.25,"{""admission_protocol"": false, ""effective"": {""downlink"": {""ack_timeout_sec"": 5.0, ""blackout_intervals"": [], ""delay_sec"": 0.0, ""drop_types"": [], ""duplicate_rate"": 0.0, ""loss_rate"": 0.0, ""max_retries"": 2, ""queue_capacity"": 4096, ""reorder_step_sec"": 0.05, ""reorder_window"": 0, ""seed"": 610839777}, ""uplink"": {""ack_timeout_sec"": 5.0, ""blackout_intervals"": [], ""delay_sec"": 0.0, ""drop_types"": [], ""duplicate_rate"": 0.0, ""loss_rate"": 0.0, ""max_retries"": 2, ""queue_capacity"": 4096, ""reorder_step_sec"": 0.05, ""reorder_window"": 0, ""seed"": 324508638}}, ""effective_sim_time"": 16.5, ""episode_id"": ""p3c_runtime"", ""fault_control_enabled"": true, ""fault_seed"": 1, ""gazebo_seed"": 1, ""ledger_path"": ""/home/zhuyulab/ns3-workspace/ros2_ws/ros2-multi-robot-automap/log/p3c5/p3c_monitor_v11/ledger.jsonl"", ""mission_mode"": ""rally"", ""requested"": {""ack_timeout_sec"": 5.0, ""blackout_intervals"": ""[]"", ""downlink_delay_sec"": 0.0, ""downlink_loss_rate"": 0.0, ""drop_message_types"": """", ""duplicate_rate"": 0.0, ""max_retries"": 2, ""network_mode"": ""fault"", ""queue_capacity"": 0, ""reorder_step_sec"": 0.05, ""reorder_window"": 0, ""uplink_delay_sec"": 0.0, ""uplink_loss_rate"": 0.0}, ""revision"": 2, ""semantics"": ""in-flight attempts retain their transmission configuration; new attempts use this revision"", ""world"": ""synthetic_component""}",1,10.0,1,0.0,212,,task_state,rally,0.0,True,transport_sample,,,0,,,,"{""downlink"": {""capacity"": 4096, ""in_flight"": 0, ""pending_reliable_or_unresolved"": 0, ""scheduled_events"": 0}}",tb1,0,,1,1,headquarters,18.0,,,0,,,,,,0,,,,17.0,,,0,,,,synthetic_component
,,0,,,,,,,1.0,1.0,7.5,7.0,1.0,0.0,1.0,7.449999999662396,0,,,0.0,0.0,,,,0,0,0,0,0,0,0,0,0,0,0,0,0,0,0,0,0,0,0,0,0,0,0,0,0,0,0,0,0,0,0,0,0,0,uplink,7.75,p3c_runtime,10.25,"{""admission_protocol"": false, ""effective"": {""downlink"": {""ack_timeout_sec"": 5.0, ""blackout_intervals"": [], ""delay_sec"": 0.0, ""drop_types"": [], ""duplicate_rate"": 0.0, ""loss_rate"": 0.0, ""max_retries"": 2, ""queue_capacity"": 4096, ""reorder_step_sec"": 0.05, ""reorder_window"": 0, ""seed"": 610839777}, ""uplink"": {""ack_timeout_sec"": 5.0, ""blackout_intervals"": [], ""delay_sec"": 0.0, ""drop_types"": [], ""duplicate_rate"": 0.0, ""loss_rate"": 0.0, ""max_retries"": 2, ""queue_capacity"": 4096, ""reorder_step_sec"": 0.05, ""reorder_window"": 0, ""seed"": 324508638}}, ""effective_sim_time"": 16.5, ""episode_id"": ""p3c_runtime"", ""fault_control_enabled"": true, ""fault_seed"": 1, ""gazebo_seed"": 1, ""ledger_path"": ""/home/zhuyulab/ns3-workspace/ros2_ws/ros2-multi-robot-automap/log/p3c5/p3c_monitor_v11/ledger.jsonl"", ""mission_mode"": ""rally"", ""requested"": {""ack_timeout_sec"": 5.0, ""blackout_intervals"": ""[]"", ""downlink_delay_sec"": 0.0, ""downlink_loss_rate"": 0.0, ""drop_message_types"": """", ""duplicate_rate"": 0.0, ""max_retries"": 2, ""network_mode"": ""fault"", ""queue_capacity"": 0, ""reorder_step_sec"": 0.05, ""reorder_window"": 0, ""uplink_delay_sec"": 0.0, ""uplink_loss_rate"": 0.0}, ""revision"": 2, ""semantics"": ""in-flight attempts retain their transmission configuration; new attempts use this revision"", ""world"": ""synthetic_component""}",1,10.0,1,0.0,212,,ack,rally,0.0,True,transport_sample,,,0,,,,"{""uplink"": {""capacity"": 4096, ""in_flight"": 0, ""pending_reliable_or_unresolved"": 0, ""scheduled_events"": 0}}",headquarters,0,,1,1,tb1,18.0,,,0,,,,,,0,,,,17.0,,,0,,,,synthetic_component
0.0,0.0,4,0.0,,,,,,1.0,1.0,0.5,0.375,1.0,0.0,1.0,0.48749999998835847,0,,,0.0,0.0,1.0,0.2,0.8,2832,4,2832,4,2832,4,2832,4,2,4,4,4,2832,2832,4,1,708,0,0,4,2832,4,0,1,708,0,0,0,0,0,0,0,0,0,uplink,7.75,p3c_runtime,10.25,"{""admission_protocol"": false, ""effective"": {""downlink"": {""ack_timeout_sec"": 5.0, ""blackout_intervals"": [], ""delay_sec"": 0.0, ""drop_types"": [], ""duplicate_rate"": 0.0, ""loss_rate"": 0.0, ""max_retries"": 2, ""queue_capacity"": 4096, ""reorder_step_sec"": 0.05, ""reorder_window"": 0, ""seed"": 610839777}, ""uplink"": {""ack_timeout_sec"": 5.0, ""blackout_intervals"": [], ""delay_sec"": 0.0, ""drop_types"": [], ""duplicate_rate"": 0.0, ""loss_rate"": 0.0, ""max_retries"": 2, ""queue_capacity"": 4096, ""reorder_step_sec"": 0.05, ""reorder_window"": 0, ""seed"": 324508638}}, ""effective_sim_time"": 16.5, ""episode_id"": ""p3c_runtime"", ""fault_control_enabled"": true, ""fault_seed"": 1, ""gazebo_seed"": 1, ""ledger_path"": ""/home/zhuyulab/ns3-workspace/ros2_ws/ros2-multi-robot-automap/log/p3c5/p3c_monitor_v11/ledger.jsonl"", ""mission_mode"": ""rally"", ""requested"": {""ack_timeout_sec"": 5.0, ""blackout_intervals"": ""[]"", ""downlink_delay_sec"": 0.0, ""downlink_loss_rate"": 0.0, ""drop_message_types"": """", ""duplicate_rate"": 0.0, ""max_retries"": 2, ""network_mode"": ""fault"", ""queue_capacity"": 0, ""reorder_step_sec"": 0.05, ""reorder_window"": 0, ""uplink_delay_sec"": 0.0, ""uplink_loss_rate"": 0.0}, ""revision"": 2, ""semantics"": ""in-flight attempts retain their transmission configuration; new attempts use this revision"", ""world"": ""synthetic_component""}",1,2.0,1,2832.0,212,1.0,pose_state,rally,2832.0,True,transport_sample,0.0,0.0,4,0.0,,,"{""uplink"": {""capacity"": 4096, ""in_flight"": 0, ""pending_reliable_or_unresolved"": 0, ""scheduled_events"": 0}}",headquarters,0,0.0,1,1,tb1,18.0,0.25,0.25,4,0.25,,,0.0,0.0,4,0.0,,,17.0,0.0,0.0,4,0.0,,,synthetic_component
0.0,0.0,4,0.0,,,,,,1.0,2.0,8.5,4.1875,2.0,0.0,2.0,8.399999999033753,0,,,0.0,0.0,1.0,0.0,1.0,2832,4,2832,4,2832,4,2832,4,1,4,4,4,2832,2832,4,0,0,0,0,4,2832,4,0,0,0,0,0,0,0,0,0,0,0,0,uplink,8.75,p3c_runtime,10.25,"{""admission_protocol"": false, ""effective"": {""downlink"": {""ack_timeout_sec"": 5.0, ""blackout_intervals"": [], ""delay_sec"": 0.0, ""drop_types"": [], ""duplicate_rate"": 0.0, ""loss_rate"": 0.0, ""max_retries"": 2, ""queue_capacity"": 4096, ""reorder_step_sec"": 0.05, ""reorder_window"": 0, ""seed"": 610839777}, ""uplink"": {""ack_timeout_sec"": 5.0, ""blackout_intervals"": [], ""delay_sec"": 0.0, ""drop_types"": [], ""duplicate_rate"": 0.0, ""loss_rate"": 0.0, ""max_retries"": 2, ""queue_capacity"": 4096, ""reorder_step_sec"": 0.05, ""reorder_window"": 0, ""seed"": 324508638}}, ""effective_sim_time"": 16.5, ""episode_id"": ""p3c_runtime"", ""fault_control_enabled"": true, ""fault_seed"": 1, ""gazebo_seed"": 1, ""ledger_path"": ""/home/zhuyulab/ns3-workspace/ros2_ws/ros2-multi-robot-automap/log/p3c5/p3c_monitor_v11/ledger.jsonl"", ""mission_mode"": ""rally"", ""requested"": {""ack_timeout_sec"": 5.0, ""blackout_intervals"": ""[]"", ""downlink_delay_sec"": 0.0, ""downlink_loss_rate"": 0.0, ""drop_message_types"": """", ""duplicate_rate"": 0.0, ""max_retries"": 2, ""network_mode"": ""fault"", ""queue_capacity"": 0, ""reorder_step_sec"": 0.05, ""reorder_window"": 0, ""uplink_delay_sec"": 0.0, ""uplink_loss_rate"": 0.0}, ""revision"": 2, ""semantics"": ""in-flight attempts retain their transmission configuration; new attempts use this revision"", ""world"": ""synthetic_component""}",1,,1,2832.0,237,1.0,all,rally,2832.0,True,transport_sample,0.0,0.0,4,0.0,,,"{""uplink"": {""capacity"": 4096, ""in_flight"": 0, ""pending_reliable_or_unresolved"": 0, ""scheduled_events"": 0}}",all,0,0.0,1,1,all,19.0,0.25,0.25,4,0.25,,,0.0,0.0,4,0.0,,,18.0,0.0,0.0,4,0.0,,,synthetic_component
,,0,,,,,,,1.0,1.0,8.75,8.25,1.0,0.0,1.0,8.699999999516876,0,,,0.0,0.0,,,,0,0,0,0,0,0,0,0,0,0,0,0,0,0,0,0,0,0,0,0,0,0,0,0,0,0,0,0,0,0,0,0,0,0,downlink,8.75,p3c_runtime,10.25,"{""admission_protocol"": false, ""effective"": {""downlink"": {""ack_timeout_sec"": 5.0, ""blackout_intervals"": [], ""delay_sec"": 0.0, ""drop_types"": [], ""duplicate_rate"": 0.0, ""loss_rate"": 0.0, ""max_retries"": 2, ""queue_capacity"": 4096, ""reorder_step_sec"": 0.05, ""reorder_window"": 0, ""seed"": 610839777}, ""uplink"": {""ack_timeout_sec"": 5.0, ""blackout_intervals"": [], ""delay_sec"": 0.0, ""drop_types"": [], ""duplicate_rate"": 0.0, ""loss_rate"": 0.0, ""max_retries"": 2, ""queue_capacity"": 4096, ""reorder_step_sec"": 0.05, ""reorder_window"": 0, ""seed"": 324508638}}, ""effective_sim_time"": 16.5, ""episode_id"": ""p3c_runtime"", ""fault_control_enabled"": true, ""fault_seed"": 1, ""gazebo_seed"": 1, ""ledger_path"": ""/home/zhuyulab/ns3-workspace/ros2_ws/ros2-multi-robot-automap/log/p3c5/p3c_monitor_v11/ledger.jsonl"", ""mission_mode"": ""rally"", ""requested"": {""ack_timeout_sec"": 5.0, ""blackout_intervals"": ""[]"", ""downlink_delay_sec"": 0.0, ""downlink_loss_rate"": 0.0, ""drop_message_types"": """", ""duplicate_rate"": 0.0, ""max_retries"": 2, ""network_mode"": ""fault"", ""queue_capacity"": 0, ""reorder_step_sec"": 0.05, ""reorder_window"": 0, ""uplink_delay_sec"": 0.0, ""uplink_loss_rate"": 0.0}, ""revision"": 2, ""semantics"": ""in-flight attempts retain their transmission configuration; new attempts use this revision"", ""world"": ""synthetic_component""}",1,10.0,1,0.0,237,,all,rally,0.0,True,transport_sample,,,0,,,,"{""downlink"": {""capacity"": 4096, ""in_flight"": 0, ""pending_reliable_or_unresolved"": 0, ""scheduled_events"": 0}}",all,0,,1,1,all,19.0,,,0,,,,,,0,,,,18.0,,,0,,,,synthetic_component
,,0,,,,,,,1.0,1.0,8.75,8.25,1.0,0.0,1.0,8.699999999516876,0,,,0.0,0.0,,,,0,0,0,0,0,0,0,0,0,0,0,0,0,0,0,0,0,0,0,0,0,0,0,0,0,0,0,0,0,0,0,0,0,0,downlink,8.75,p3c_runtime,10.25,"{""admission_protocol"": false, ""effective"": {""downlink"": {""ack_timeout_sec"": 5.0, ""blackout_intervals"": [], ""delay_sec"": 0.0, ""drop_types"": [], ""duplicate_rate"": 0.0, ""loss_rate"": 0.0, ""max_retries"": 2, ""queue_capacity"": 4096, ""reorder_step_sec"": 0.05, ""reorder_window"": 0, ""seed"": 610839777}, ""uplink"": {""ack_timeout_sec"": 5.0, ""blackout_intervals"": [], ""delay_sec"": 0.0, ""drop_types"": [], ""duplicate_rate"": 0.0, ""loss_rate"": 0.0, ""max_retries"": 2, ""queue_capacity"": 4096, ""reorder_step_sec"": 0.05, ""reorder_window"": 0, ""seed"": 324508638}}, ""effective_sim_time"": 16.5, ""episode_id"": ""p3c_runtime"", ""fault_control_enabled"": true, ""fault_seed"": 1, ""gazebo_seed"": 1, ""ledger_path"": ""/home/zhuyulab/ns3-workspace/ros2_ws/ros2-multi-robot-automap/log/p3c5/p3c_monitor_v11/ledger.jsonl"", ""mission_mode"": ""rally"", ""requested"": {""ack_timeout_sec"": 5.0, ""blackout_intervals"": ""[]"", ""downlink_delay_sec"": 0.0, ""downlink_loss_rate"": 0.0, ""drop_message_types"": """", ""duplicate_rate"": 0.0, ""max_retries"": 2, ""network_mode"": ""fault"", ""queue_capacity"": 0, ""reorder_step_sec"": 0.05, ""reorder_window"": 0, ""uplink_delay_sec"": 0.0, ""uplink_loss_rate"": 0.0}, ""revision"": 2, ""semantics"": ""in-flight attempts retain their transmission configuration; new attempts use this revision"", ""world"": ""synthetic_component""}",1,10.0,1,0.0,237,,task_state,rally,0.0,True,transport_sample,,,0,,,,"{""downlink"": {""capacity"": 4096, ""in_flight"": 0, ""pending_reliable_or_unresolved"": 0, ""scheduled_events"": 0}}",all,0,,1,1,all,19.0,,,0,,,,,,0,,,,18.0,,,0,,,,synthetic_component
,,0,,,,,,,1.0,1.0,8.5,8.0,1.0,0.0,1.0,8.450000000011642,0,,,0.0,0.0,,,,0,0,0,0,0,0,0,0,0,0,0,0,0,0,0,0,0,0,0,0,0,0,0,0,0,0,0,0,0,0,0,0,0,0,uplink,8.75,p3c_runtime,10.25,"{""admission_protocol"": false, ""effective"": {""downlink"": {""ack_timeout_sec"": 5.0, ""blackout_intervals"": [], ""delay_sec"": 0.0, ""drop_types"": [], ""duplicate_rate"": 0.0, ""loss_rate"": 0.0, ""max_retries"": 2, ""queue_capacity"": 4096, ""reorder_step_sec"": 0.05, ""reorder_window"": 0, ""seed"": 610839777}, ""uplink"": {""ack_timeout_sec"": 5.0, ""blackout_intervals"": [], ""delay_sec"": 0.0, ""drop_types"": [], ""duplicate_rate"": 0.0, ""loss_rate"": 0.0, ""max_retries"": 2, ""queue_capacity"": 4096, ""reorder_step_sec"": 0.05, ""reorder_window"": 0, ""seed"": 324508638}}, ""effective_sim_time"": 16.5, ""episode_id"": ""p3c_runtime"", ""fault_control_enabled"": true, ""fault_seed"": 1, ""gazebo_seed"": 1, ""ledger_path"": ""/home/zhuyulab/ns3-workspace/ros2_ws/ros2-multi-robot-automap/log/p3c5/p3c_monitor_v11/ledger.jsonl"", ""mission_mode"": ""rally"", ""requested"": {""ack_timeout_sec"": 5.0, ""blackout_intervals"": ""[]"", ""downlink_delay_sec"": 0.0, ""downlink_loss_rate"": 0.0, ""drop_message_types"": """", ""duplicate_rate"": 0.0, ""max_retries"": 2, ""network_mode"": ""fault"", ""queue_capacity"": 0, ""reorder_step_sec"": 0.05, ""reorder_window"": 0, ""uplink_delay_sec"": 0.0, ""uplink_loss_rate"": 0.0}, ""revision"": 2, ""semantics"": ""in-flight attempts retain their transmission configuration; new attempts use this revision"", ""world"": ""synthetic_component""}",1,10.0,1,0.0,237,,ack,rally,0.0,True,transport_sample,,,0,,,,"{""uplink"": {""capacity"": 4096, ""in_flight"": 0, ""pending_reliable_or_unresolved"": 0, ""scheduled_events"": 0}}",all,0,,1,1,all,19.0,,,0,,,,,,0,,,,18.0,,,0,,,,synthetic_component
0.0,0.0,4,0.0,,,,,,1.0,1.0,0.5,0.375,1.0,0.0,1.0,0.48749999998835847,0,,,0.0,0.0,1.0,0.0,1.0,2832,4,2832,4,2832,4,2832,4,1,4,4,4,2832,2832,4,0,0,0,0,4,2832,4,0,0,0,0,0,0,0,0,0,0,0,0,uplink,8.75,p3c_runtime,10.25,"{""admission_protocol"": false, ""effective"": {""downlink"": {""ack_timeout_sec"": 5.0, ""blackout_intervals"": [], ""delay_sec"": 0.0, ""drop_types"": [], ""duplicate_rate"": 0.0, ""loss_rate"": 0.0, ""max_retries"": 2, ""queue_capacity"": 4096, ""reorder_step_sec"": 0.05, ""reorder_window"": 0, ""seed"": 610839777}, ""uplink"": {""ack_timeout_sec"": 5.0, ""blackout_intervals"": [], ""delay_sec"": 0.0, ""drop_types"": [], ""duplicate_rate"": 0.0, ""loss_rate"": 0.0, ""max_retries"": 2, ""queue_capacity"": 4096, ""reorder_step_sec"": 0.05, ""reorder_window"": 0, ""seed"": 324508638}}, ""effective_sim_time"": 16.5, ""episode_id"": ""p3c_runtime"", ""fault_control_enabled"": true, ""fault_seed"": 1, ""gazebo_seed"": 1, ""ledger_path"": ""/home/zhuyulab/ns3-workspace/ros2_ws/ros2-multi-robot-automap/log/p3c5/p3c_monitor_v11/ledger.jsonl"", ""mission_mode"": ""rally"", ""requested"": {""ack_timeout_sec"": 5.0, ""blackout_intervals"": ""[]"", ""downlink_delay_sec"": 0.0, ""downlink_loss_rate"": 0.0, ""drop_message_types"": """", ""duplicate_rate"": 0.0, ""max_retries"": 2, ""network_mode"": ""fault"", ""queue_capacity"": 0, ""reorder_step_sec"": 0.05, ""reorder_window"": 0, ""uplink_delay_sec"": 0.0, ""uplink_loss_rate"": 0.0}, ""revision"": 2, ""semantics"": ""in-flight attempts retain their transmission configuration; new attempts use this revision"", ""world"": ""synthetic_component""}",1,2.0,1,2832.0,237,1.0,pose_state,rally,2832.0,True,transport_sample,0.0,0.0,4,0.0,,,"{""uplink"": {""capacity"": 4096, ""in_flight"": 0, ""pending_reliable_or_unresolved"": 0, ""scheduled_events"": 0}}",all,0,0.0,1,1,all,19.0,0.25,0.25,4,0.25,,,0.0,0.0,4,0.0,,,18.0,0.0,0.0,4,0.0,,,synthetic_component
,,0,,,,,,,1.0,1.0,8.75,8.25,1.0,0.0,1.0,8.699999999516876,0,,,0.0,0.0,,,,0,0,0,0,0,0,0,0,0,0,0,0,0,0,0,0,0,0,0,0,0,0,0,0,0,0,0,0,0,0,0,0,0,0,downlink,8.75,p3c_runtime,10.25,"{""admission_protocol"": false, ""effective"": {""downlink"": {""ack_timeout_sec"": 5.0, ""blackout_intervals"": [], ""delay_sec"": 0.0, ""drop_types"": [], ""duplicate_rate"": 0.0, ""loss_rate"": 0.0, ""max_retries"": 2, ""queue_capacity"": 4096, ""reorder_step_sec"": 0.05, ""reorder_window"": 0, ""seed"": 610839777}, ""uplink"": {""ack_timeout_sec"": 5.0, ""blackout_intervals"": [], ""delay_sec"": 0.0, ""drop_types"": [], ""duplicate_rate"": 0.0, ""loss_rate"": 0.0, ""max_retries"": 2, ""queue_capacity"": 4096, ""reorder_step_sec"": 0.05, ""reorder_window"": 0, ""seed"": 324508638}}, ""effective_sim_time"": 16.5, ""episode_id"": ""p3c_runtime"", ""fault_control_enabled"": true, ""fault_seed"": 1, ""gazebo_seed"": 1, ""ledger_path"": ""/home/zhuyulab/ns3-workspace/ros2_ws/ros2-multi-robot-automap/log/p3c5/p3c_monitor_v11/ledger.jsonl"", ""mission_mode"": ""rally"", ""requested"": {""ack_timeout_sec"": 5.0, ""blackout_intervals"": ""[]"", ""downlink_delay_sec"": 0.0, ""downlink_loss_rate"": 0.0, ""drop_message_types"": """", ""duplicate_rate"": 0.0, ""max_retries"": 2, ""network_mode"": ""fault"", ""queue_capacity"": 0, ""reorder_step_sec"": 0.05, ""reorder_window"": 0, ""uplink_delay_sec"": 0.0, ""uplink_loss_rate"": 0.0}, ""revision"": 2, ""semantics"": ""in-flight attempts retain their transmission configuration; new attempts use this revision"", ""world"": ""synthetic_component""}",1,10.0,1,0.0,237,,task_state,rally,0.0,True,transport_sample,,,0,,,,"{""downlink"": {""capacity"": 4096, ""in_flight"": 0, ""pending_reliable_or_unresolved"": 0, ""scheduled_events"": 0}}",tb1,0,,1,1,headquarters,19.0,,,0,,,,,,0,,,,18.0,,,0,,,,synthetic_component
,,0,,,,,,,1.0,1.0,8.5,8.0,1.0,0.0,1.0,8.450000000011642,0,,,0.0,0.0,,,,0,0,0,0,0,0,0,0,0,0,0,0,0,0,0,0,0,0,0,0,0,0,0,0,0,0,0,0,0,0,0,0,0,0,uplink,8.75,p3c_runtime,10.25,"{""admission_protocol"": false, ""effective"": {""downlink"": {""ack_timeout_sec"": 5.0, ""blackout_intervals"": [], ""delay_sec"": 0.0, ""drop_types"": [], ""duplicate_rate"": 0.0, ""loss_rate"": 0.0, ""max_retries"": 2, ""queue_capacity"": 4096, ""reorder_step_sec"": 0.05, ""reorder_window"": 0, ""seed"": 610839777}, ""uplink"": {""ack_timeout_sec"": 5.0, ""blackout_intervals"": [], ""delay_sec"": 0.0, ""drop_types"": [], ""duplicate_rate"": 0.0, ""loss_rate"": 0.0, ""max_retries"": 2, ""queue_capacity"": 4096, ""reorder_step_sec"": 0.05, ""reorder_window"": 0, ""seed"": 324508638}}, ""effective_sim_time"": 16.5, ""episode_id"": ""p3c_runtime"", ""fault_control_enabled"": true, ""fault_seed"": 1, ""gazebo_seed"": 1, ""ledger_path"": ""/home/zhuyulab/ns3-workspace/ros2_ws/ros2-multi-robot-automap/log/p3c5/p3c_monitor_v11/ledger.jsonl"", ""mission_mode"": ""rally"", ""requested"": {""ack_timeout_sec"": 5.0, ""blackout_intervals"": ""[]"", ""downlink_delay_sec"": 0.0, ""downlink_loss_rate"": 0.0, ""drop_message_types"": """", ""duplicate_rate"": 0.0, ""max_retries"": 2, ""network_mode"": ""fault"", ""queue_capacity"": 0, ""reorder_step_sec"": 0.05, ""reorder_window"": 0, ""uplink_delay_sec"": 0.0, ""uplink_loss_rate"": 0.0}, ""revision"": 2, ""semantics"": ""in-flight attempts retain their transmission configuration; new attempts use this revision"", ""world"": ""synthetic_component""}",1,10.0,1,0.0,237,,ack,rally,0.0,True,transport_sample,,,0,,,,"{""uplink"": {""capacity"": 4096, ""in_flight"": 0, ""pending_reliable_or_unresolved"": 0, ""scheduled_events"": 0}}",headquarters,0,,1,1,tb1,19.0,,,0,,,,,,0,,,,18.0,,,0,,,,synthetic_component
0.0,0.0,4,0.0,,,,,,1.0,1.0,0.5,0.375,1.0,0.0,1.0,0.48749999998835847,0,,,0.0,0.0,1.0,0.0,1.0,2832,4,2832,4,2832,4,2832,4,1,4,4,4,2832,2832,4,0,0,0,0,4,2832,4,0,0,0,0,0,0,0,0,0,0,0,0,uplink,8.75,p3c_runtime,10.25,"{""admission_protocol"": false, ""effective"": {""downlink"": {""ack_timeout_sec"": 5.0, ""blackout_intervals"": [], ""delay_sec"": 0.0, ""drop_types"": [], ""duplicate_rate"": 0.0, ""loss_rate"": 0.0, ""max_retries"": 2, ""queue_capacity"": 4096, ""reorder_step_sec"": 0.05, ""reorder_window"": 0, ""seed"": 610839777}, ""uplink"": {""ack_timeout_sec"": 5.0, ""blackout_intervals"": [], ""delay_sec"": 0.0, ""drop_types"": [], ""duplicate_rate"": 0.0, ""loss_rate"": 0.0, ""max_retries"": 2, ""queue_capacity"": 4096, ""reorder_step_sec"": 0.05, ""reorder_window"": 0, ""seed"": 324508638}}, ""effective_sim_time"": 16.5, ""episode_id"": ""p3c_runtime"", ""fault_control_enabled"": true, ""fault_seed"": 1, ""gazebo_seed"": 1, ""ledger_path"": ""/home/zhuyulab/ns3-workspace/ros2_ws/ros2-multi-robot-automap/log/p3c5/p3c_monitor_v11/ledger.jsonl"", ""mission_mode"": ""rally"", ""requested"": {""ack_timeout_sec"": 5.0, ""blackout_intervals"": ""[]"", ""downlink_delay_sec"": 0.0, ""downlink_loss_rate"": 0.0, ""drop_message_types"": """", ""duplicate_rate"": 0.0, ""max_retries"": 2, ""network_mode"": ""fault"", ""queue_capacity"": 0, ""reorder_step_sec"": 0.05, ""reorder_window"": 0, ""uplink_delay_sec"": 0.0, ""uplink_loss_rate"": 0.0}, ""revision"": 2, ""semantics"": ""in-flight attempts retain their transmission configuration; new attempts use this revision"", ""world"": ""synthetic_component""}",1,2.0,1,2832.0,237,1.0,pose_state,rally,2832.0,True,transport_sample,0.0,0.0,4,0.0,,,"{""uplink"": {""capacity"": 4096, ""in_flight"": 0, ""pending_reliable_or_unresolved"": 0, ""scheduled_events"": 0}}",headquarters,0,0.0,1,1,tb1,19.0,0.25,0.25,4,0.25,,,0.0,0.0,4,0.0,,,18.0,0.0,0.0,4,0.0,,,synthetic_component
0.0,0.0,4,0.0,,,,19.75,,0.8888888888888888,2.0,9.5,4.65625,2.25,0.25,2.0,9.399999999033753,0,,,0.25,0.25,0.6,0.0,1.0,2832,4,2832,4,2832,4,2832,4,1,3,3,3,2124,2124,3,0,0,0,0,5,2882,5,0,0,0,1,50,0,0,0,0,0,0,0,uplink,9.75,p3c_runtime,10.25,"{""admission_protocol"": false, ""effective"": {""downlink"": {""ack_timeout_sec"": 5.0, ""blackout_intervals"": [], ""delay_sec"": 0.0, ""drop_types"": [], ""duplicate_rate"": 1.0, ""loss_rate"": 0.0, ""max_retries"": 2, ""queue_capacity"": 1, ""reorder_step_sec"": 0.05, ""reorder_window"": 0, ""seed"": 610839777}, ""uplink"": {""ack_timeout_sec"": 5.0, ""blackout_intervals"": [], ""delay_sec"": 0.8, ""drop_types"": [], ""duplicate_rate"": 1.0, ""loss_rate"": 0.0, ""max_retries"": 2, ""queue_capacity"": 1, ""reorder_step_sec"": 0.05, ""reorder_window"": 0, ""seed"": 324508638}}, ""effective_sim_time"": 19.5, ""episode_id"": ""p3c_runtime"", ""fault_control_enabled"": true, ""fault_seed"": 1, ""gazebo_seed"": 1, ""ledger_path"": ""/home/zhuyulab/ns3-workspace/ros2_ws/ros2-multi-robot-automap/log/p3c5/p3c_monitor_v11/ledger.jsonl"", ""mission_mode"": ""rally"", ""requested"": {""ack_timeout_sec"": 5.0, ""blackout_intervals"": ""[]"", ""downlink_delay_sec"": 0.0, ""downlink_loss_rate"": 0.0, ""drop_message_types"": """", ""duplicate_rate"": 1.0, ""max_retries"": 2, ""network_mode"": ""fault"", ""queue_capacity"": 1, ""reorder_step_sec"": 0.05, ""reorder_window"": 0, ""uplink_delay_sec"": 0.8, ""uplink_loss_rate"": 0.0}, ""revision"": 3, ""semantics"": ""in-flight attempts retain their transmission configuration; new attempts use this revision"", ""world"": ""synthetic_component""}",1,,1,2832.0,260,0.6,all,rally,2882.0,True,transport_sample,0.0,0.0,4,0.0,,,"{""uplink"": {""capacity"": 1, ""in_flight"": 1, ""pending_reliable_or_unresolved"": 1, ""scheduled_events"": 1}}",all,0,0.0,1,1,all,20.0,0.25,0.1875,4,0.25,,,0.0,0.0,3,0.0,,,19.0,0.0,0.0,3,0.0,,,synthetic_component
,,0,,,,,,,1.0,1.0,9.75,9.25,1.0,0.0,1.0,9.699999999575084,0,,,0.0,0.0,,,,0,0,0,0,0,0,0,0,0,0,0,0,0,0,0,0,0,0,0,0,0,0,0,0,0,0,0,0,0,0,0,0,0,0,downlink,9.75,p3c_runtime,10.25,"{""admission_protocol"": false, ""effective"": {""downlink"": {""ack_timeout_sec"": 5.0, ""blackout_intervals"": [], ""delay_sec"": 0.0, ""drop_types"": [], ""duplicate_rate"": 1.0, ""loss_rate"": 0.0, ""max_retries"": 2, ""queue_capacity"": 1, ""reorder_step_sec"": 0.05, ""reorder_window"": 0, ""seed"": 610839777}, ""uplink"": {""ack_timeout_sec"": 5.0, ""blackout_intervals"": [], ""delay_sec"": 0.8, ""drop_types"": [], ""duplicate_rate"": 1.0, ""loss_rate"": 0.0, ""max_retries"": 2, ""queue_capacity"": 1, ""reorder_step_sec"": 0.05, ""reorder_window"": 0, ""seed"": 324508638}}, ""effective_sim_time"": 19.5, ""episode_id"": ""p3c_runtime"", ""fault_control_enabled"": true, ""fault_seed"": 1, ""gazebo_seed"": 1, ""ledger_path"": ""/home/zhuyulab/ns3-workspace/ros2_ws/ros2-multi-robot-automap/log/p3c5/p3c_monitor_v11/ledger.jsonl"", ""mission_mode"": ""rally"", ""requested"": {""ack_timeout_sec"": 5.0, ""blackout_intervals"": ""[]"", ""downlink_delay_sec"": 0.0, ""downlink_loss_rate"": 0.0, ""drop_message_types"": """", ""duplicate_rate"": 1.0, ""max_retries"": 2, ""network_mode"": ""fault"", ""queue_capacity"": 1, ""reorder_step_sec"": 0.05, ""reorder_window"": 0, ""uplink_delay_sec"": 0.8, ""uplink_loss_rate"": 0.0}, ""revision"": 3, ""semantics"": ""in-flight attempts retain their transmission configuration; new attempts use this revision"", ""world"": ""synthetic_component""}",1,10.0,1,0.0,260,,all,rally,0.0,True,transport_sample,,,0,,,,"{""downlink"": {""capacity"": 1, ""in_flight"": 0, ""pending_reliable_or_unresolved"": 0, ""scheduled_events"": 0}}",all,0,,1,1,all,20.0,,,0,,,,,,0,,,,19.0,,,0,,,,synthetic_component
,,0,,,,,,,1.0,1.0,9.75,9.25,1.0,0.0,1.0,9.699999999575084,0,,,0.0,0.0,,,,0,0,0,0,0,0,0,0,0,0,0,0,0,0,0,0,0,0,0,0,0,0,0,0,0,0,0,0,0,0,0,0,0,0,downlink,9.75,p3c_runtime,10.25,"{""admission_protocol"": false, ""effective"": {""downlink"": {""ack_timeout_sec"": 5.0, ""blackout_intervals"": [], ""delay_sec"": 0.0, ""drop_types"": [], ""duplicate_rate"": 1.0, ""loss_rate"": 0.0, ""max_retries"": 2, ""queue_capacity"": 1, ""reorder_step_sec"": 0.05, ""reorder_window"": 0, ""seed"": 610839777}, ""uplink"": {""ack_timeout_sec"": 5.0, ""blackout_intervals"": [], ""delay_sec"": 0.8, ""drop_types"": [], ""duplicate_rate"": 1.0, ""loss_rate"": 0.0, ""max_retries"": 2, ""queue_capacity"": 1, ""reorder_step_sec"": 0.05, ""reorder_window"": 0, ""seed"": 324508638}}, ""effective_sim_time"": 19.5, ""episode_id"": ""p3c_runtime"", ""fault_control_enabled"": true, ""fault_seed"": 1, ""gazebo_seed"": 1, ""ledger_path"": ""/home/zhuyulab/ns3-workspace/ros2_ws/ros2-multi-robot-automap/log/p3c5/p3c_monitor_v11/ledger.jsonl"", ""mission_mode"": ""rally"", ""requested"": {""ack_timeout_sec"": 5.0, ""blackout_intervals"": ""[]"", ""downlink_delay_sec"": 0.0, ""downlink_loss_rate"": 0.0, ""drop_message_types"": """", ""duplicate_rate"": 1.0, ""max_retries"": 2, ""network_mode"": ""fault"", ""queue_capacity"": 1, ""reorder_step_sec"": 0.05, ""reorder_window"": 0, ""uplink_delay_sec"": 0.8, ""uplink_loss_rate"": 0.0}, ""revision"": 3, ""semantics"": ""in-flight attempts retain their transmission configuration; new attempts use this revision"", ""world"": ""synthetic_component""}",1,10.0,1,0.0,260,,task_state,rally,0.0,True,transport_sample,,,0,,,,"{""downlink"": {""capacity"": 1, ""in_flight"": 0, ""pending_reliable_or_unresolved"": 0, ""scheduled_events"": 0}}",all,0,,1,1,all,20.0,,,0,,,,,,0,,,,19.0,,,0,,,,synthetic_component
,,0,,,,,,,1.0,1.0,9.5,9.0,1.0,0.0,1.0,9.449999998963904,0,,,0.0,0.0,,,,0,0,0,0,0,0,0,0,0,0,0,0,0,0,0,0,0,0,0,0,0,0,0,0,0,0,0,0,0,0,0,0,0,0,uplink,9.75,p3c_runtime,10.25,"{""admission_protocol"": false, ""effective"": {""downlink"": {""ack_timeout_sec"": 5.0, ""blackout_intervals"": [], ""delay_sec"": 0.0, ""drop_types"": [], ""duplicate_rate"": 1.0, ""loss_rate"": 0.0, ""max_retries"": 2, ""queue_capacity"": 1, ""reorder_step_sec"": 0.05, ""reorder_window"": 0, ""seed"": 610839777}, ""uplink"": {""ack_timeout_sec"": 5.0, ""blackout_intervals"": [], ""delay_sec"": 0.8, ""drop_types"": [], ""duplicate_rate"": 1.0, ""loss_rate"": 0.0, ""max_retries"": 2, ""queue_capacity"": 1, ""reorder_step_sec"": 0.05, ""reorder_window"": 0, ""seed"": 324508638}}, ""effective_sim_time"": 19.5, ""episode_id"": ""p3c_runtime"", ""fault_control_enabled"": true, ""fault_seed"": 1, ""gazebo_seed"": 1, ""ledger_path"": ""/home/zhuyulab/ns3-workspace/ros2_ws/ros2-multi-robot-automap/log/p3c5/p3c_monitor_v11/ledger.jsonl"", ""mission_mode"": ""rally"", ""requested"": {""ack_timeout_sec"": 5.0, ""blackout_intervals"": ""[]"", ""downlink_delay_sec"": 0.0, ""downlink_loss_rate"": 0.0, ""drop_message_types"": """", ""duplicate_rate"": 1.0, ""max_retries"": 2, ""network_mode"": ""fault"", ""queue_capacity"": 1, ""reorder_step_sec"": 0.05, ""reorder_window"": 0, ""uplink_delay_sec"": 0.8, ""uplink_loss_rate"": 0.0}, ""revision"": 3, ""semantics"": ""in-flight attempts retain their transmission configuration; new attempts use this revision"", ""world"": ""synthetic_component""}",1,10.0,1,0.0,260,,ack,rally,0.0,True,transport_sample,,,0,,,,"{""uplink"": {""capacity"": 1, ""in_flight"": 1, ""pending_reliable_or_unresolved"": 1, ""scheduled_events"": 1}}",all,0,,1,1,all,20.0,,,0,,,,,,0,,,,19.0,,,0,,,,synthetic_component
,,0,,,,,19.75,,0.0,0.0,,,0.25,0.25,0.0,,0,,,0.25,0.25,0.0,,,0,0,0,0,0,0,0,0,0,0,0,0,0,0,0,0,0,0,0,1,50,1,0,0,0,1,50,0,0,0,0,0,0,0,uplink,9.75,p3c_runtime,10.25,"{""admission_protocol"": false, ""effective"": {""downlink"": {""ack_timeout_sec"": 5.0, ""blackout_intervals"": [], ""delay_sec"": 0.0, ""drop_types"": [], ""duplicate_rate"": 1.0, ""loss_rate"": 0.0, ""max_retries"": 2, ""queue_capacity"": 1, ""reorder_step_sec"": 0.05, ""reorder_window"": 0, ""seed"": 610839777}, ""uplink"": {""ack_timeout_sec"": 5.0, ""blackout_intervals"": [], ""delay_sec"": 0.8, ""drop_types"": [], ""duplicate_rate"": 1.0, ""loss_rate"": 0.0, ""max_retries"": 2, ""queue_capacity"": 1, ""reorder_step_sec"": 0.05, ""reorder_window"": 0, ""seed"": 324508638}}, ""effective_sim_time"": 19.5, ""episode_id"": ""p3c_runtime"", ""fault_control_enabled"": true, ""fault_seed"": 1, ""gazebo_seed"": 1, ""ledger_path"": ""/home/zhuyulab/ns3-workspace/ros2_ws/ros2-multi-robot-automap/log/p3c5/p3c_monitor_v11/ledger.jsonl"", ""mission_mode"": ""rally"", ""requested"": {""ack_timeout_sec"": 5.0, ""blackout_intervals"": ""[]"", ""downlink_delay_sec"": 0.0, ""downlink_loss_rate"": 0.0, ""drop_message_types"": """", ""duplicate_rate"": 1.0, ""max_retries"": 2, ""network_mode"": ""fault"", ""queue_capacity"": 1, ""reorder_step_sec"": 0.05, ""reorder_window"": 0, ""uplink_delay_sec"": 0.8, ""uplink_loss_rate"": 0.0}, ""revision"": 3, ""semantics"": ""in-flight attempts retain their transmission configuration; new attempts use this revision"", ""world"": ""synthetic_component""}",1,5.0,1,0.0,260,0.0,map_snapshot,rally,50.0,True,transport_sample,,,0,,,,"{""uplink"": {""capacity"": 1, ""in_flight"": 1, ""pending_reliable_or_unresolved"": 1, ""scheduled_events"": 1}}",all,0,,1,1,all,20.0,,,0,,,,,,0,,,,19.0,,,0,,,,synthetic_component
0.0,0.0,4,0.0,,,,,,1.0,1.0,0.5,0.3125,1.0,0.0,1.0,0.48333333333721384,0,,,0.0,0.0,0.75,0.0,1.0,2832,4,2832,4,2832,4,2832,4,1,3,3,3,2124,2124,3,0,0,0,0,4,2832,4,0,0,0,0,0,0,0,0,0,0,0,0,uplink,9.75,p3c_runtime,10.25,"{""admission_protocol"": false, ""effective"": {""downlink"": {""ack_timeout_sec"": 5.0, ""blackout_intervals"": [], ""delay_sec"": 0.0, ""drop_types"": [], ""duplicate_rate"": 1.0, ""loss_rate"": 0.0, ""max_retries"": 2, ""queue_capacity"": 1, ""reorder_step_sec"": 0.05, ""reorder_window"": 0, ""seed"": 610839777}, ""uplink"": {""ack_timeout_sec"": 5.0, ""blackout_intervals"": [], ""delay_sec"": 0.8, ""drop_types"": [], ""duplicate_rate"": 1.0, ""loss_rate"": 0.0, ""max_retries"": 2, ""queue_capacity"": 1, ""reorder_step_sec"": 0.05, ""reorder_window"": 0, ""seed"": 324508638}}, ""effective_sim_time"": 19.5, ""episode_id"": ""p3c_runtime"", ""fault_control_enabled"": true, ""fault_seed"": 1, ""gazebo_seed"": 1, ""ledger_path"": ""/home/zhuyulab/ns3-workspace/ros2_ws/ros2-multi-robot-automap/log/p3c5/p3c_monitor_v11/ledger.jsonl"", ""mission_mode"": ""rally"", ""requested"": {""ack_timeout_sec"": 5.0, ""blackout_intervals"": ""[]"", ""downlink_delay_sec"": 0.0, ""downlink_loss_rate"": 0.0, ""drop_message_types"": """", ""duplicate_rate"": 1.0, ""max_retries"": 2, ""network_mode"": ""fault"", ""queue_capacity"": 1, ""reorder_step_sec"": 0.05, ""reorder_window"": 0, ""uplink_delay_sec"": 0.8, ""uplink_loss_rate"": 0.0}, ""revision"": 3, ""semantics"": ""in-flight attempts retain their transmission configuration; new attempts use this revision"", ""world"": ""synthetic_component""}",1,2.0,1,2832.0,260,0.75,pose_state,rally,2832.0,True,transport_sample,0.0,0.0,4,0.0,,,"{""uplink"": {""capacity"": 1, ""in_flight"": 1, ""pending_reliable_or_unresolved"": 1, ""scheduled_events"": 1}}",all,0,0.0,1,1,all,20.0,0.25,0.1875,4,0.25,,,0.0,0.0,3,0.0,,,19.0,0.0,0.0,3,0.0,,,synthetic_component
,,0,,,,,,,1.0,1.0,9.75,9.25,1.0,0.0,1.0,9.699999999575084,0,,,0.0,0.0,,,,0,0,0,0,0,0,0,0,0,0,0,0,0,0,0,0,0,0,0,0,0,0,0,0,0,0,0,0,0,0,0,0,0,0,downlink,9.75,p3c_runtime,10.25,"{""admission_protocol"": false, ""effective"": {""downlink"": {""ack_timeout_sec"": 5.0, ""blackout_intervals"": [], ""delay_sec"": 0.0, ""drop_types"": [], ""duplicate_rate"": 1.0, ""loss_rate"": 0.0, ""max_retries"": 2, ""queue_capacity"": 1, ""reorder_step_sec"": 0.05, ""reorder_window"": 0, ""seed"": 610839777}, ""uplink"": {""ack_timeout_sec"": 5.0, ""blackout_intervals"": [], ""delay_sec"": 0.8, ""drop_types"": [], ""duplicate_rate"": 1.0, ""loss_rate"": 0.0, ""max_retries"": 2, ""queue_capacity"": 1, ""reorder_step_sec"": 0.05, ""reorder_window"": 0, ""seed"": 324508638}}, ""effective_sim_time"": 19.5, ""episode_id"": ""p3c_runtime"", ""fault_control_enabled"": true, ""fault_seed"": 1, ""gazebo_seed"": 1, ""ledger_path"": ""/home/zhuyulab/ns3-workspace/ros2_ws/ros2-multi-robot-automap/log/p3c5/p3c_monitor_v11/ledger.jsonl"", ""mission_mode"": ""rally"", ""requested"": {""ack_timeout_sec"": 5.0, ""blackout_intervals"": ""[]"", ""downlink_delay_sec"": 0.0, ""downlink_loss_rate"": 0.0, ""drop_message_types"": """", ""duplicate_rate"": 1.0, ""max_retries"": 2, ""network_mode"": ""fault"", ""queue_capacity"": 1, ""reorder_step_sec"": 0.05, ""reorder_window"": 0, ""uplink_delay_sec"": 0.8, ""uplink_loss_rate"": 0.0}, ""revision"": 3, ""semantics"": ""in-flight attempts retain their transmission configuration; new attempts use this revision"", ""world"": ""synthetic_component""}",1,10.0,1,0.0,260,,task_state,rally,0.0,True,transport_sample,,,0,,,,"{""downlink"": {""capacity"": 1, ""in_flight"": 0, ""pending_reliable_or_unresolved"": 0, ""scheduled_events"": 0}}",tb1,0,,1,1,headquarters,20.0,,,0,,,,,,0,,,,19.0,,,0,,,,synthetic_component
,,0,,,,,,,1.0,1.0,9.5,9.0,1.0,0.0,1.0,9.449999998963904,0,,,0.0,0.0,,,,0,0,0,0,0,0,0,0,0,0,0,0,0,0,0,0,0,0,0,0,0,0,0,0,0,0,0,0,0,0,0,0,0,0,uplink,9.75,p3c_runtime,10.25,"{""admission_protocol"": false, ""effective"": {""downlink"": {""ack_timeout_sec"": 5.0, ""blackout_intervals"": [], ""delay_sec"": 0.0, ""drop_types"": [], ""duplicate_rate"": 1.0, ""loss_rate"": 0.0, ""max_retries"": 2, ""queue_capacity"": 1, ""reorder_step_sec"": 0.05, ""reorder_window"": 0, ""seed"": 610839777}, ""uplink"": {""ack_timeout_sec"": 5.0, ""blackout_intervals"": [], ""delay_sec"": 0.8, ""drop_types"": [], ""duplicate_rate"": 1.0, ""loss_rate"": 0.0, ""max_retries"": 2, ""queue_capacity"": 1, ""reorder_step_sec"": 0.05, ""reorder_window"": 0, ""seed"": 324508638}}, ""effective_sim_time"": 19.5, ""episode_id"": ""p3c_runtime"", ""fault_control_enabled"": true, ""fault_seed"": 1, ""gazebo_seed"": 1, ""ledger_path"": ""/home/zhuyulab/ns3-workspace/ros2_ws/ros2-multi-robot-automap/log/p3c5/p3c_monitor_v11/ledger.jsonl"", ""mission_mode"": ""rally"", ""requested"": {""ack_timeout_sec"": 5.0, ""blackout_intervals"": ""[]"", ""downlink_delay_sec"": 0.0, ""downlink_loss_rate"": 0.0, ""drop_message_types"": """", ""duplicate_rate"": 1.0, ""max_retries"": 2, ""network_mode"": ""fault"", ""queue_capacity"": 1, ""reorder_step_sec"": 0.05, ""reorder_window"": 0, ""uplink_delay_sec"": 0.8, ""uplink_loss_rate"": 0.0}, ""revision"": 3, ""semantics"": ""in-flight attempts retain their transmission configuration; new attempts use this revision"", ""world"": ""synthetic_component""}",1,10.0,1,0.0,260,,ack,rally,0.0,True,transport_sample,,,0,,,,"{""uplink"": {""capacity"": 1, ""in_flight"": 1, ""pending_reliable_or_unresolved"": 1, ""scheduled_events"": 1}}",headquarters,0,,1,1,tb1,20.0,,,0,,,,,,0,,,,19.0,,,0,,,,synthetic_component
,,0,,,,,19.75,,0.0,0.0,,,0.25,0.25,0.0,,0,,,0.25,0.25,0.0,,,0,0,0,0,0,0,0,0,0,0,0,0,0,0,0,0,0,0,0,1,50,1,0,0,0,1,50,0,0,0,0,0,0,0,uplink,9.75,p3c_runtime,10.25,"{""admission_protocol"": false, ""effective"": {""downlink"": {""ack_timeout_sec"": 5.0, ""blackout_intervals"": [], ""delay_sec"": 0.0, ""drop_types"": [], ""duplicate_rate"": 1.0, ""loss_rate"": 0.0, ""max_retries"": 2, ""queue_capacity"": 1, ""reorder_step_sec"": 0.05, ""reorder_window"": 0, ""seed"": 610839777}, ""uplink"": {""ack_timeout_sec"": 5.0, ""blackout_intervals"": [], ""delay_sec"": 0.8, ""drop_types"": [], ""duplicate_rate"": 1.0, ""loss_rate"": 0.0, ""max_retries"": 2, ""queue_capacity"": 1, ""reorder_step_sec"": 0.05, ""reorder_window"": 0, ""seed"": 324508638}}, ""effective_sim_time"": 19.5, ""episode_id"": ""p3c_runtime"", ""fault_control_enabled"": true, ""fault_seed"": 1, ""gazebo_seed"": 1, ""ledger_path"": ""/home/zhuyulab/ns3-workspace/ros2_ws/ros2-multi-robot-automap/log/p3c5/p3c_monitor_v11/ledger.jsonl"", ""mission_mode"": ""rally"", ""requested"": {""ack_timeout_sec"": 5.0, ""blackout_intervals"": ""[]"", ""downlink_delay_sec"": 0.0, ""downlink_loss_rate"": 0.0, ""drop_message_types"": """", ""duplicate_rate"": 1.0, ""max_retries"": 2, ""network_mode"": ""fault"", ""queue_capacity"": 1, ""reorder_step_sec"": 0.05, ""reorder_window"": 0, ""uplink_delay_sec"": 0.8, ""uplink_loss_rate"": 0.0}, ""revision"": 3, ""semantics"": ""in-flight attempts retain their transmission configuration; new attempts use this revision"", ""world"": ""synthetic_component""}",1,5.0,1,0.0,260,0.0,map_snapshot,rally,50.0,True,transport_sample,,,0,,,,"{""uplink"": {""capacity"": 1, ""in_flight"": 1, ""pending_reliable_or_unresolved"": 1, ""scheduled_events"": 1}}",headquarters,0,,1,1,tb1,20.0,,,0,,,,,,0,,,,19.0,,,0,,,,synthetic_component
0.0,0.0,4,0.0,,,,,,1.0,1.0,0.5,0.3125,1.0,0.0,1.0,0.48333333333721384,0,,,0.0,0.0,0.75,0.0,1.0,2832,4,2832,4,2832,4,2832,4,1,3,3,3,2124,2124,3,0,0,0,0,4,2832,4,0,0,0,0,0,0,0,0,0,0,0,0,uplink,9.75,p3c_runtime,10.25,"{""admission_protocol"": false, ""effective"": {""downlink"": {""ack_timeout_sec"": 5.0, ""blackout_intervals"": [], ""delay_sec"": 0.0, ""drop_types"": [], ""duplicate_rate"": 1.0, ""loss_rate"": 0.0, ""max_retries"": 2, ""queue_capacity"": 1, ""reorder_step_sec"": 0.05, ""reorder_window"": 0, ""seed"": 610839777}, ""uplink"": {""ack_timeout_sec"": 5.0, ""blackout_intervals"": [], ""delay_sec"": 0.8, ""drop_types"": [], ""duplicate_rate"": 1.0, ""loss_rate"": 0.0, ""max_retries"": 2, ""queue_capacity"": 1, ""reorder_step_sec"": 0.05, ""reorder_window"": 0, ""seed"": 324508638}}, ""effective_sim_time"": 19.5, ""episode_id"": ""p3c_runtime"", ""fault_control_enabled"": true, ""fault_seed"": 1, ""gazebo_seed"": 1, ""ledger_path"": ""/home/zhuyulab/ns3-workspace/ros2_ws/ros2-multi-robot-automap/log/p3c5/p3c_monitor_v11/ledger.jsonl"", ""mission_mode"": ""rally"", ""requested"": {""ack_timeout_sec"": 5.0, ""blackout_intervals"": ""[]"", ""downlink_delay_sec"": 0.0, ""downlink_loss_rate"": 0.0, ""drop_message_types"": """", ""duplicate_rate"": 1.0, ""max_retries"": 2, ""network_mode"": ""fault"", ""queue_capacity"": 1, ""reorder_step_sec"": 0.05, ""reorder_window"": 0, ""uplink_delay_sec"": 0.8, ""uplink_loss_rate"": 0.0}, ""revision"": 3, ""semantics"": ""in-flight attempts retain their transmission configuration; new attempts use this revision"", ""world"": ""synthetic_component""}",1,2.0,1,2832.0,260,0.75,pose_state,rally,2832.0,True,transport_sample,0.0,0.0,4,0.0,,,"{""uplink"": {""capacity"": 1, ""in_flight"": 1, ""pending_reliable_or_unresolved"": 1, ""scheduled_events"": 1}}",headquarters,0,0.0,1,1,tb1,20.0,0.25,0.1875,4,0.25,,,0.0,0.0,3,0.0,,,19.0,0.0,0.0,3,0.0,,,synthetic_component
,,0,,,,,20.0,20.5,0.5,1.5,10.5,5.46875,3.0,1.0,2.0,10.39999999984866,0,,,1.5,1.5,,0.0,1.0,708,1,0,0,0,0,0,0,1,0,0,1,708,708,1,0,0,1,708,0,0,0,0,0,0,0,0,0,0,0,0,1,0,0,uplink,10.75,p3c_runtime,10.25,"{""admission_protocol"": false, ""effective"": {""downlink"": {""ack_timeout_sec"": 5.0, ""blackout_intervals"": [], ""delay_sec"": 0.0, ""drop_types"": [], ""duplicate_rate"": 0.0, ""loss_rate"": 0.0, ""max_retries"": 2, ""queue_capacity"": 4096, ""reorder_step_sec"": 0.05, ""reorder_window"": 0, ""seed"": 610839777}, ""uplink"": {""ack_timeout_sec"": 5.0, ""blackout_intervals"": [], ""delay_sec"": 0.0, ""drop_types"": [], ""duplicate_rate"": 0.0, ""loss_rate"": 0.0, ""max_retries"": 2, ""queue_capacity"": 4096, ""reorder_step_sec"": 0.05, ""reorder_window"": 0, ""seed"": 324508638}}, ""effective_sim_time"": 21.0, ""episode_id"": ""p3c_runtime"", ""fault_control_enabled"": true, ""fault_seed"": 1, ""gazebo_seed"": 1, ""ledger_path"": ""/home/zhuyulab/ns3-workspace/ros2_ws/ros2-multi-robot-automap/log/p3c5/p3c_monitor_v11/ledger.jsonl"", ""mission_mode"": ""rally"", ""requested"": {""ack_timeout_sec"": 5.0, ""blackout_intervals"": ""[]"", ""downlink_delay_sec"": 0.0, ""downlink_loss_rate"": 0.0, ""drop_message_types"": """", ""duplicate_rate"": 0.0, ""max_retries"": 2, ""network_mode"": ""fault"", ""queue_capacity"": 4096, ""reorder_step_sec"": 0.05, ""reorder_window"": 0, ""uplink_delay_sec"": 0.0, ""uplink_loss_rate"": 0.0}, ""revision"": 4, ""semantics"": ""in-flight attempts retain their transmission configuration; new attempts use this revision"", ""world"": ""synthetic_component""}",1,,1,708.0,266,,all,rally,0.0,True,transport_sample,,,0,,,,"{""uplink"": {""capacity"": 1, ""in_flight"": 0, ""pending_reliable_or_unresolved"": 0, ""scheduled_events"": 0}}",all,0,,1,1,all,21.0,1.0,1.0,1,,,,0.8000000000000007,0.8000000000000007,1,,,,20.0,0.8000000000000007,0.8000000000000007,1,,,,synthetic_component
,,0,,,,,,20.25,0.25,0.25,10.75,10.25,1.0,0.0,1.0,10.6999999989348,0,,,0.75,0.75,,,,0,0,0,0,0,0,0,0,0,0,0,0,0,0,0,0,0,0,0,0,0,0,0,0,0,0,0,0,0,0,0,0,0,0,downlink,10.75,p3c_runtime,10.25,"{""admission_protocol"": false, ""effective"": {""downlink"": {""ack_timeout_sec"": 5.0, ""blackout_intervals"": [], ""delay_sec"": 0.0, ""drop_types"": [], ""duplicate_rate"": 0.0, ""loss_rate"": 0.0, ""max_retries"": 2, ""queue_capacity"": 4096, ""reorder_step_sec"": 0.05, ""reorder_window"": 0, ""seed"": 610839777}, ""uplink"": {""ack_timeout_sec"": 5.0, ""blackout_intervals"": [], ""delay_sec"": 0.0, ""drop_types"": [], ""duplicate_rate"": 0.0, ""loss_rate"": 0.0, ""max_retries"": 2, ""queue_capacity"": 4096, ""reorder_step_sec"": 0.05, ""reorder_window"": 0, ""seed"": 324508638}}, ""effective_sim_time"": 21.0, ""episode_id"": ""p3c_runtime"", ""fault_control_enabled"": true, ""fault_seed"": 1, ""gazebo_seed"": 1, ""ledger_path"": ""/home/zhuyulab/ns3-workspace/ros2_ws/ros2-multi-robot-automap/log/p3c5/p3c_monitor_v11/ledger.jsonl"", ""mission_mode"": ""rally"", ""requested"": {""ack_timeout_sec"": 5.0, ""blackout_intervals"": ""[]"", ""downlink_delay_sec"": 0.0, ""downlink_loss_rate"": 0.0, ""drop_message_types"": """", ""duplicate_rate"": 0.0, ""max_retries"": 2, ""network_mode"": ""fault"", ""queue_capacity"": 4096, ""reorder_step_sec"": 0.05, ""reorder_window"": 0, ""uplink_delay_sec"": 0.0, ""uplink_loss_rate"": 0.0}, ""revision"": 4, ""semantics"": ""in-flight attempts retain their transmission configuration; new attempts use this revision"", ""world"": ""synthetic_component""}",1,10.0,1,0.0,266,,all,rally,0.0,True,transport_sample,,,0,,,,"{""downlink"": {""capacity"": 1, ""in_flight"": 0, ""pending_reliable_or_unresolved"": 0, ""scheduled_events"": 0}}",all,0,,1,1,all,21.0,,,0,,,,,,0,,,,20.0,,,0,,,,synthetic_component
,,0,,,,,,20.25,0.25,0.25,10.75,10.25,1.0,0.0,1.0,10.6999999989348,0,,,0.75,0.75,,,,0,0,0,0,0,0,0,0,0,0,0,0,0,0,0,0,0,0,0,0,0,0,0,0,0,0,0,0,0,0,0,0,0,0,downlink,10.75,p3c_runtime,10.25,"{""admission_protocol"": false, ""effective"": {""downlink"": {""ack_timeout_sec"": 5.0, ""blackout_intervals"": [], ""delay_sec"": 0.0, ""drop_types"": [], ""duplicate_rate"": 0.0, ""loss_rate"": 0.0, ""max_retries"": 2, ""queue_capacity"": 4096, ""reorder_step_sec"": 0.05, ""reorder_window"": 0, ""seed"": 610839777}, ""uplink"": {""ack_timeout_sec"": 5.0, ""blackout_intervals"": [], ""delay_sec"": 0.0, ""drop_types"": [], ""duplicate_rate"": 0.0, ""loss_rate"": 0.0, ""max_retries"": 2, ""queue_capacity"": 4096, ""reorder_step_sec"": 0.05, ""reorder_window"": 0, ""seed"": 324508638}}, ""effective_sim_time"": 21.0, ""episode_id"": ""p3c_runtime"", ""fault_control_enabled"": true, ""fault_seed"": 1, ""gazebo_seed"": 1, ""ledger_path"": ""/home/zhuyulab/ns3-workspace/ros2_ws/ros2-multi-robot-automap/log/p3c5/p3c_monitor_v11/ledger.jsonl"", ""mission_mode"": ""rally"", ""requested"": {""ack_timeout_sec"": 5.0, ""blackout_intervals"": ""[]"", ""downlink_delay_sec"": 0.0, ""downlink_loss_rate"": 0.0, ""drop_message_types"": """", ""duplicate_rate"": 0.0, ""max_retries"": 2, ""network_mode"": ""fault"", ""queue_capacity"": 4096, ""reorder_step_sec"": 0.05, ""reorder_window"": 0, ""uplink_delay_sec"": 0.0, ""uplink_loss_rate"": 0.0}, ""revision"": 4, ""semantics"": ""in-flight attempts retain their transmission configuration; new attempts use this revision"", ""world"": ""synthetic_component""}",1,10.0,1,0.0,266,,task_state,rally,0.0,True,transport_sample,,,0,,,,"{""downlink"": {""capacity"": 1, ""in_flight"": 0, ""pending_reliable_or_unresolved"": 0, ""scheduled_events"": 0}}",all,0,,1,1,all,21.0,,,0,,,,,,0,,,,20.0,,,0,,,,synthetic_component
,,0,,,,,,20.5,0.5,0.5,10.5,10.0,1.0,0.0,1.0,10.44999999931315,0,,,0.5,0.5,,,,0,0,0,0,0,0,0,0,0,0,0,0,0,0,0,0,0,0,0,0,0,0,0,0,0,0,0,0,0,0,0,0,0,0,uplink,10.75,p3c_runtime,10.25,"{""admission_protocol"": false, ""effective"": {""downlink"": {""ack_timeout_sec"": 5.0, ""blackout_intervals"": [], ""delay_sec"": 0.0, ""drop_types"": [], ""duplicate_rate"": 0.0, ""loss_rate"": 0.0, ""max_retries"": 2, ""queue_capacity"": 4096, ""reorder_step_sec"": 0.05, ""reorder_window"": 0, ""seed"": 610839777}, ""uplink"": {""ack_timeout_sec"": 5.0, ""blackout_intervals"": [], ""delay_sec"": 0.0, ""drop_types"": [], ""duplicate_rate"": 0.0, ""loss_rate"": 0.0, ""max_retries"": 2, ""queue_capacity"": 4096, ""reorder_step_sec"": 0.05, ""reorder_window"": 0, ""seed"": 324508638}}, ""effective_sim_time"": 21.0, ""episode_id"": ""p3c_runtime"", ""fault_control_enabled"": true, ""fault_seed"": 1, ""gazebo_seed"": 1, ""ledger_path"": ""/home/zhuyulab/ns3-workspace/ros2_ws/ros2-multi-robot-automap/log/p3c5/p3c_monitor_v11/ledger.jsonl"", ""mission_mode"": ""rally"", ""requested"": {""ack_timeout_sec"": 5.0, ""blackout_intervals"": ""[]"", ""downlink_delay_sec"": 0.0, ""downlink_loss_rate"": 0.0, ""drop_message_types"": """", ""duplicate_rate"": 0.0, ""max_retries"": 2, ""network_mode"": ""fault"", ""queue_capacity"": 4096, ""reorder_step_sec"": 0.05, ""reorder_window"": 0, ""uplink_delay_sec"": 0.0, ""uplink_loss_rate"": 0.0}, ""revision"": 4, ""semantics"": ""in-flight attempts retain their transmission configuration; new attempts use this revision"", ""world"": ""synthetic_component""}",1,10.0,1,0.0,266,,ack,rally,0.0,True,transport_sample,,,0,,,,"{""uplink"": {""capacity"": 1, ""in_flight"": 0, ""pending_reliable_or_unresolved"": 0, ""scheduled_events"": 0}}",all,0,,1,1,all,21.0,,,0,,,,,,0,,,,20.0,,,0,,,,synthetic_component
,,0,,,,,20.0,,0.0,0.0,,,1.0,1.0,0.0,,0,,,1.0,1.0,,,,0,0,0,0,0,0,0,0,0,0,0,0,0,0,0,0,0,0,0,0,0,0,0,0,0,0,0,0,0,0,0,0,0,0,uplink,10.75,p3c_runtime,10.25,"{""admission_protocol"": false, ""effective"": {""downlink"": {""ack_timeout_sec"": 5.0, ""blackout_intervals"": [], ""delay_sec"": 0.0, ""drop_types"": [], ""duplicate_rate"": 0.0, ""loss_rate"": 0.0, ""max_retries"": 2, ""queue_capacity"": 4096, ""reorder_step_sec"": 0.05, ""reorder_window"": 0, ""seed"": 610839777}, ""uplink"": {""ack_timeout_sec"": 5.0, ""blackout_intervals"": [], ""delay_sec"": 0.0, ""drop_types"": [], ""duplicate_rate"": 0.0, ""loss_rate"": 0.0, ""max_retries"": 2, ""queue_capacity"": 4096, ""reorder_step_sec"": 0.05, ""reorder_window"": 0, ""seed"": 324508638}}, ""effective_sim_time"": 21.0, ""episode_id"": ""p3c_runtime"", ""fault_control_enabled"": true, ""fault_seed"": 1, ""gazebo_seed"": 1, ""ledger_path"": ""/home/zhuyulab/ns3-workspace/ros2_ws/ros2-multi-robot-automap/log/p3c5/p3c_monitor_v11/ledger.jsonl"", ""mission_mode"": ""rally"", ""requested"": {""ack_timeout_sec"": 5.0, ""blackout_intervals"": ""[]"", ""downlink_delay_sec"": 0.0, ""downlink_loss_rate"": 0.0, ""drop_message_types"": """", ""duplicate_rate"": 0.0, ""max_retries"": 2, ""network_mode"": ""fault"", ""queue_capacity"": 4096, ""reorder_step_sec"": 0.05, ""reorder_window"": 0, ""uplink_delay_sec"": 0.0, ""uplink_loss_rate"": 0.0}, ""revision"": 4, ""semantics"": ""in-flight attempts retain their transmission configuration; new attempts use this revision"", ""world"": ""synthetic_component""}",1,5.0,1,0.0,266,,map_snapshot,rally,0.0,True,transport_sample,,,0,,,,"{""uplink"": {""capacity"": 1, ""in_flight"": 0, ""pending_reliable_or_unresolved"": 0, ""scheduled_events"": 0}}",all,0,,1,1,all,21.0,,,0,,,,,,0,,,,20.0,,,0,,,,synthetic_component
,,0,,,,,,,1.0,1.0,1.25,0.9375,1.0,0.0,1.0,1.225000000122236,0,,,0.0,0.0,,0.0,1.0,708,1,0,0,0,0,0,0,1,0,0,1,708,708,1,0,0,1,708,0,0,0,0,0,0,0,0,0,0,0,0,1,0,0,uplink,10.75,p3c_runtime,10.25,"{""admission_protocol"": false, ""effective"": {""downlink"": {""ack_timeout_sec"": 5.0, ""blackout_intervals"": [], ""delay_sec"": 0.0, ""drop_types"": [], ""duplicate_rate"": 0.0, ""loss_rate"": 0.0, ""max_retries"": 2, ""queue_capacity"": 4096, ""reorder_step_sec"": 0.05, ""reorder_window"": 0, ""seed"": 610839777}, ""uplink"": {""ack_timeout_sec"": 5.0, ""blackout_intervals"": [], ""delay_sec"": 0.0, ""drop_types"": [], ""duplicate_rate"": 0.0, ""loss_rate"": 0.0, ""max_retries"": 2, ""queue_capacity"": 4096, ""reorder_step_sec"": 0.05, ""reorder_window"": 0, ""seed"": 324508638}}, ""effective_sim_time"": 21.0, ""episode_id"": ""p3c_runtime"", ""fault_control_enabled"": true, ""fault_seed"": 1, ""gazebo_seed"": 1, ""ledger_path"": ""/home/zhuyulab/ns3-workspace/ros2_ws/ros2-multi-robot-automap/log/p3c5/p3c_monitor_v11/ledger.jsonl"", ""mission_mode"": ""rally"", ""requested"": {""ack_timeout_sec"": 5.0, ""blackout_intervals"": ""[]"", ""downlink_delay_sec"": 0.0, ""downlink_loss_rate"": 0.0, ""drop_message_types"": """", ""duplicate_rate"": 0.0, ""max_retries"": 2, ""network_mode"": ""fault"", ""queue_capacity"": 4096, ""reorder_step_sec"": 0.05, ""reorder_window"": 0, ""uplink_delay_sec"": 0.0, ""uplink_loss_rate"": 0.0}, ""revision"": 4, ""semantics"": ""in-flight attempts retain their transmission configuration; new attempts use this revision"", ""world"": ""synthetic_component""}",1,2.0,1,708.0,266,,pose_state,rally,0.0,True,transport_sample,,,0,,,,"{""uplink"": {""capacity"": 1, ""in_flight"": 0, ""pending_reliable_or_unresolved"": 0, ""scheduled_events"": 0}}",all,0,,1,1,all,21.0,1.0,1.0,1,,,,0.8000000000000007,0.8000000000000007,1,,,,20.0,0.8000000000000007,0.8000000000000007,1,,,,synthetic_component
,,0,,,,,,20.25,0.25,0.25,10.75,10.25,1.0,0.0,1.0,10.6999999989348,0,,,0.75,0.75,,,,0,0,0,0,0,0,0,0,0,0,0,0,0,0,0,0,0,0,0,0,0,0,0,0,0,0,0,0,0,0,0,0,0,0,downlink,10.75,p3c_runtime,10.25,"{""admission_protocol"": false, ""effective"": {""downlink"": {""ack_timeout_sec"": 5.0, ""blackout_intervals"": [], ""delay_sec"": 0.0, ""drop_types"": [], ""duplicate_rate"": 0.0, ""loss_rate"": 0.0, ""max_retries"": 2, ""queue_capacity"": 4096, ""reorder_step_sec"": 0.05, ""reorder_window"": 0, ""seed"": 610839777}, ""uplink"": {""ack_timeout_sec"": 5.0, ""blackout_intervals"": [], ""delay_sec"": 0.0, ""drop_types"": [], ""duplicate_rate"": 0.0, ""loss_rate"": 0.0, ""max_retries"": 2, ""queue_capacity"": 4096, ""reorder_step_sec"": 0.05, ""reorder_window"": 0, ""seed"": 324508638}}, ""effective_sim_time"": 21.0, ""episode_id"": ""p3c_runtime"", ""fault_control_enabled"": true, ""fault_seed"": 1, ""gazebo_seed"": 1, ""ledger_path"": ""/home/zhuyulab/ns3-workspace/ros2_ws/ros2-multi-robot-automap/log/p3c5/p3c_monitor_v11/ledger.jsonl"", ""mission_mode"": ""rally"", ""requested"": {""ack_timeout_sec"": 5.0, ""blackout_intervals"": ""[]"", ""downlink_delay_sec"": 0.0, ""downlink_loss_rate"": 0.0, ""drop_message_types"": """", ""duplicate_rate"": 0.0, ""max_retries"": 2, ""network_mode"": ""fault"", ""queue_capacity"": 4096, ""reorder_step_sec"": 0.05, ""reorder_window"": 0, ""uplink_delay_sec"": 0.0, ""uplink_loss_rate"": 0.0}, ""revision"": 4, ""semantics"": ""in-flight attempts retain their transmission configuration; new attempts use this revision"", ""world"": ""synthetic_component""}",1,10.0,1,0.0,266,,task_state,rally,0.0,True,transport_sample,,,0,,,,"{""downlink"": {""capacity"": 1, ""in_flight"": 0, ""pending_reliable_or_unresolved"": 0, ""scheduled_events"": 0}}",tb1,0,,1,1,headquarters,21.0,,,0,,,,,,0,,,,20.0,,,0,,,,synthetic_component
,,0,,,,,,20.5,0.5,0.5,10.5,10.0,1.0,0.0,1.0,10.44999999931315,0,,,0.5,0.5,,,,0,0,0,0,0,0,0,0,0,0,0,0,0,0,0,0,0,0,0,0,0,0,0,0,0,0,0,0,0,0,0,0,0,0,uplink,10.75,p3c_runtime,10.25,"{""admission_protocol"": false, ""effective"": {""downlink"": {""ack_timeout_sec"": 5.0, ""blackout_intervals"": [], ""delay_sec"": 0.0, ""drop_types"": [], ""duplicate_rate"": 0.0, ""loss_rate"": 0.0, ""max_retries"": 2, ""queue_capacity"": 4096, ""reorder_step_sec"": 0.05, ""reorder_window"": 0, ""seed"": 610839777}, ""uplink"": {""ack_timeout_sec"": 5.0, ""blackout_intervals"": [], ""delay_sec"": 0.0, ""drop_types"": [], ""duplicate_rate"": 0.0, ""loss_rate"": 0.0, ""max_retries"": 2, ""queue_capacity"": 4096, ""reorder_step_sec"": 0.05, ""reorder_window"": 0, ""seed"": 324508638}}, ""effective_sim_time"": 21.0, ""episode_id"": ""p3c_runtime"", ""fault_control_enabled"": true, ""fault_seed"": 1, ""gazebo_seed"": 1, ""ledger_path"": ""/home/zhuyulab/ns3-workspace/ros2_ws/ros2-multi-robot-automap/log/p3c5/p3c_monitor_v11/ledger.jsonl"", ""mission_mode"": ""rally"", ""requested"": {""ack_timeout_sec"": 5.0, ""blackout_intervals"": ""[]"", ""downlink_delay_sec"": 0.0, ""downlink_loss_rate"": 0.0, ""drop_message_types"": """", ""duplicate_rate"": 0.0, ""max_retries"": 2, ""network_mode"": ""fault"", ""queue_capacity"": 4096, ""reorder_step_sec"": 0.05, ""reorder_window"": 0, ""uplink_delay_sec"": 0.0, ""uplink_loss_rate"": 0.0}, ""revision"": 4, ""semantics"": ""in-flight attempts retain their transmission configuration; new attempts use this revision"", ""world"": ""synthetic_component""}",1,10.0,1,0.0,266,,ack,rally,0.0,True,transport_sample,,,0,,,,"{""uplink"": {""capacity"": 1, ""in_flight"": 0, ""pending_reliable_or_unresolved"": 0, ""scheduled_events"": 0}}",headquarters,0,,1,1,tb1,21.0,,,0,,,,,,0,,,,20.0,,,0,,,,synthetic_component
,,0,,,,,20.0,,0.0,0.0,,,1.0,1.0,0.0,,0,,,1.0,1.0,,,,0,0,0,0,0,0,0,0,0,0,0,0,0,0,0,0,0,0,0,0,0,0,0,0,0,0,0,0,0,0,0,0,0,0,uplink,10.75,p3c_runtime,10.25,"{""admission_protocol"": false, ""effective"": {""downlink"": {""ack_timeout_sec"": 5.0, ""blackout_intervals"": [], ""delay_sec"": 0.0, ""drop_types"": [], ""duplicate_rate"": 0.0, ""loss_rate"": 0.0, ""max_retries"": 2, ""queue_capacity"": 4096, ""reorder_step_sec"": 0.05, ""reorder_window"": 0, ""seed"": 610839777}, ""uplink"": {""ack_timeout_sec"": 5.0, ""blackout_intervals"": [], ""delay_sec"": 0.0, ""drop_types"": [], ""duplicate_rate"": 0.0, ""loss_rate"": 0.0, ""max_retries"": 2, ""queue_capacity"": 4096, ""reorder_step_sec"": 0.05, ""reorder_window"": 0, ""seed"": 324508638}}, ""effective_sim_time"": 21.0, ""episode_id"": ""p3c_runtime"", ""fault_control_enabled"": true, ""fault_seed"": 1, ""gazebo_seed"": 1, ""ledger_path"": ""/home/zhuyulab/ns3-workspace/ros2_ws/ros2-multi-robot-automap/log/p3c5/p3c_monitor_v11/ledger.jsonl"", ""mission_mode"": ""rally"", ""requested"": {""ack_timeout_sec"": 5.0, ""blackout_intervals"": ""[]"", ""downlink_delay_sec"": 0.0, ""downlink_loss_rate"": 0.0, ""drop_message_types"": """", ""duplicate_rate"": 0.0, ""max_retries"": 2, ""network_mode"": ""fault"", ""queue_capacity"": 4096, ""reorder_step_sec"": 0.05, ""reorder_window"": 0, ""uplink_delay_sec"": 0.0, ""uplink_loss_rate"": 0.0}, ""revision"": 4, ""semantics"": ""in-flight attempts retain their transmission configuration; new attempts use this revision"", ""world"": ""synthetic_component""}",1,5.0,1,0.0,266,,map_snapshot,rally,0.0,True,transport_sample,,,0,,,,"{""uplink"": {""capacity"": 1, ""in_flight"": 0, ""pending_reliable_or_unresolved"": 0, ""scheduled_events"": 0}}",headquarters,0,,1,1,tb1,21.0,,,0,,,,,,0,,,,20.0,,,0,,,,synthetic_component
,,0,,,,,,,1.0,1.0,1.25,0.9375,1.0,0.0,1.0,1.225000000122236,0,,,0.0,0.0,,0.0,1.0,708,1,0,0,0,0,0,0,1,0,0,1,708,708,1,0,0,1,708,0,0,0,0,0,0,0,0,0,0,0,0,1,0,0,uplink,10.75,p3c_runtime,10.25,"{""admission_protocol"": false, ""effective"": {""downlink"": {""ack_timeout_sec"": 5.0, ""blackout_intervals"": [], ""delay_sec"": 0.0, ""drop_types"": [], ""duplicate_rate"": 0.0, ""loss_rate"": 0.0, ""max_retries"": 2, ""queue_capacity"": 4096, ""reorder_step_sec"": 0.05, ""reorder_window"": 0, ""seed"": 610839777}, ""uplink"": {""ack_timeout_sec"": 5.0, ""blackout_intervals"": [], ""delay_sec"": 0.0, ""drop_types"": [], ""duplicate_rate"": 0.0, ""loss_rate"": 0.0, ""max_retries"": 2, ""queue_capacity"": 4096, ""reorder_step_sec"": 0.05, ""reorder_window"": 0, ""seed"": 324508638}}, ""effective_sim_time"": 21.0, ""episode_id"": ""p3c_runtime"", ""fault_control_enabled"": true, ""fault_seed"": 1, ""gazebo_seed"": 1, ""ledger_path"": ""/home/zhuyulab/ns3-workspace/ros2_ws/ros2-multi-robot-automap/log/p3c5/p3c_monitor_v11/ledger.jsonl"", ""mission_mode"": ""rally"", ""requested"": {""ack_timeout_sec"": 5.0, ""blackout_intervals"": ""[]"", ""downlink_delay_sec"": 0.0, ""downlink_loss_rate"": 0.0, ""drop_message_types"": """", ""duplicate_rate"": 0.0, ""max_retries"": 2, ""network_mode"": ""fault"", ""queue_capacity"": 4096, ""reorder_step_sec"": 0.05, ""reorder_window"": 0, ""uplink_delay_sec"": 0.0, ""uplink_loss_rate"": 0.0}, ""revision"": 4, ""semantics"": ""in-flight attempts retain their transmission configuration; new attempts use this revision"", ""world"": ""synthetic_component""}",1,2.0,1,708.0,266,,pose_state,rally,0.0,True,transport_sample,,,0,,,,"{""uplink"": {""capacity"": 1, ""in_flight"": 0, ""pending_reliable_or_unresolved"": 0, ""scheduled_events"": 0}}",headquarters,0,,1,1,tb1,21.0,1.0,1.0,1,,,,0.8000000000000007,0.8000000000000007,1,,,,20.0,0.8000000000000007,0.8000000000000007,1,,,,synthetic_component
0.0,0.0,3,0.0,,,,21.0,21.0,0.3333333333333333,1.0,11.5,5.96875,3.0,1.0,2.0,11.400000000547152,0,,,2.0,2.0,1.0,0.0,1.0,1416,2,2124,3,2124,3,2124,3,0,3,3,3,2124,2124,3,0,0,0,0,3,2124,3,0,0,0,0,0,0,0,0,0,0,0,0,uplink,11.75,p3c_runtime,10.25,"{""admission_protocol"": false, ""effective"": {""downlink"": {""ack_timeout_sec"": 5.0, ""blackout_intervals"": [], ""delay_sec"": 0.0, ""drop_types"": [], ""duplicate_rate"": 0.0, ""loss_rate"": 0.0, ""max_retries"": 2, ""queue_capacity"": 4096, ""reorder_step_sec"": 0.05, ""reorder_window"": 0, ""seed"": 610839777}, ""uplink"": {""ack_timeout_sec"": 5.0, ""blackout_intervals"": [], ""delay_sec"": 0.0, ""drop_types"": [], ""duplicate_rate"": 0.0, ""loss_rate"": 0.0, ""max_retries"": 2, ""queue_capacity"": 4096, ""reorder_step_sec"": 0.05, ""reorder_window"": 0, ""seed"": 324508638}}, ""effective_sim_time"": 21.0, ""episode_id"": ""p3c_runtime"", ""fault_control_enabled"": true, ""fault_seed"": 1, ""gazebo_seed"": 1, ""ledger_path"": ""/home/zhuyulab/ns3-workspace/ros2_ws/ros2-multi-robot-automap/log/p3c5/p3c_monitor_v11/ledger.jsonl"", ""mission_mode"": ""rally"", ""requested"": {""ack_timeout_sec"": 5.0, ""blackout_intervals"": ""[]"", ""downlink_delay_sec"": 0.0, ""downlink_loss_rate"": 0.0, ""drop_message_types"": """", ""duplicate_rate"": 0.0, ""max_retries"": 2, ""network_mode"": ""fault"", ""queue_capacity"": 4096, ""reorder_step_sec"": 0.05, ""reorder_window"": 0, ""uplink_delay_sec"": 0.0, ""uplink_loss_rate"": 0.0}, ""revision"": 4, ""semantics"": ""in-flight attempts retain their transmission configuration; new attempts use this revision"", ""world"": ""synthetic_component""}",1,,1,1416.0,289,1.0,all,rally,2124.0,True,transport_sample,0.0,0.0,3,0.0,,,"{""uplink"": {""capacity"": 4096, ""in_flight"": 0, ""pending_reliable_or_unresolved"": 0, ""scheduled_events"": 0}}",all,0,0.0,1,1,all,22.0,0.25,0.25,2,0.25,,,0.0,0.0,3,0.0,,,21.0,0.0,0.0,3,0.0,,,synthetic_component
,,0,,,,,,21.0,0.0,0.0,11.75,11.25,1.0,0.0,1.0,11.700000000215368,0,,,1.0,1.0,,,,0,0,0,0,0,0,0,0,0,0,0,0,0,0,0,0,0,0,0,0,0,0,0,0,0,0,0,0,0,0,0,0,0,0,downlink,11.75,p3c_runtime,10.25,"{""admission_protocol"": false, ""effective"": {""downlink"": {""ack_timeout_sec"": 5.0, ""blackout_intervals"": [], ""delay_sec"": 0.0, ""drop_types"": [], ""duplicate_rate"": 0.0, ""loss_rate"": 0.0, ""max_retries"": 2, ""queue_capacity"": 4096, ""reorder_step_sec"": 0.05, ""reorder_window"": 0, ""seed"": 610839777}, ""uplink"": {""ack_timeout_sec"": 5.0, ""blackout_intervals"": [], ""delay_sec"": 0.0, ""drop_types"": [], ""duplicate_rate"": 0.0, ""loss_rate"": 0.0, ""max_retries"": 2, ""queue_capacity"": 4096, ""reorder_step_sec"": 0.05, ""reorder_window"": 0, ""seed"": 324508638}}, ""effective_sim_time"": 21.0, ""episode_id"": ""p3c_runtime"", ""fault_control_enabled"": true, ""fault_seed"": 1, ""gazebo_seed"": 1, ""ledger_path"": ""/home/zhuyulab/ns3-workspace/ros2_ws/ros2-multi-robot-automap/log/p3c5/p3c_monitor_v11/ledger.jsonl"", ""mission_mode"": ""rally"", ""requested"": {""ack_timeout_sec"": 5.0, ""blackout_intervals"": ""[]"", ""downlink_delay_sec"": 0.0, ""downlink_loss_rate"": 0.0, ""drop_message_types"": """", ""duplicate_rate"": 0.0, ""max_retries"": 2, ""network_mode"": ""fault"", ""queue_capacity"": 4096, ""reorder_step_sec"": 0.05, ""reorder_window"": 0, ""uplink_delay_sec"": 0.0, ""uplink_loss_rate"": 0.0}, ""revision"": 4, ""semantics"": ""in-flight attempts retain their transmission configuration; new attempts use this revision"", ""world"": ""synthetic_component""}",1,10.0,1,0.0,289,,all,rally,0.0,True,transport_sample,,,0,,,,"{""downlink"": {""capacity"": 4096, ""in_flight"": 0, ""pending_reliable_or_unresolved"": 0, ""scheduled_events"": 0}}",all,0,,1,1,all,22.0,,,0,,,,,,0,,,,21.0,,,0,,,,synthetic_component
,,0,,,,,,21.0,0.0,0.0,11.75,11.25,1.0,0.0,1.0,11.700000000215368,0,,,1.0,1.0,,,,0,0,0,0,0,0,0,0,0,0,0,0,0,0,0,0,0,0,0,0,0,0,0,0,0,0,0,0,0,0,0,0,0,0,downlink,11.75,p3c_runtime,10.25,"{""admission_protocol"": false, ""effective"": {""downlink"": {""ack_timeout_sec"": 5.0, ""blackout_intervals"": [], ""delay_sec"": 0.0, ""drop_types"": [], ""duplicate_rate"": 0.0, ""loss_rate"": 0.0, ""max_retries"": 2, ""queue_capacity"": 4096, ""reorder_step_sec"": 0.05, ""reorder_window"": 0, ""seed"": 610839777}, ""uplink"": {""ack_timeout_sec"": 5.0, ""blackout_intervals"": [], ""delay_sec"": 0.0, ""drop_types"": [], ""duplicate_rate"": 0.0, ""loss_rate"": 0.0, ""max_retries"": 2, ""queue_capacity"": 4096, ""reorder_step_sec"": 0.05, ""reorder_window"": 0, ""seed"": 324508638}}, ""effective_sim_time"": 21.0, ""episode_id"": ""p3c_runtime"", ""fault_control_enabled"": true, ""fault_seed"": 1, ""gazebo_seed"": 1, ""ledger_path"": ""/home/zhuyulab/ns3-workspace/ros2_ws/ros2-multi-robot-automap/log/p3c5/p3c_monitor_v11/ledger.jsonl"", ""mission_mode"": ""rally"", ""requested"": {""ack_timeout_sec"": 5.0, ""blackout_intervals"": ""[]"", ""downlink_delay_sec"": 0.0, ""downlink_loss_rate"": 0.0, ""drop_message_types"": """", ""duplicate_rate"": 0.0, ""max_retries"": 2, ""network_mode"": ""fault"", ""queue_capacity"": 4096, ""reorder_step_sec"": 0.05, ""reorder_window"": 0, ""uplink_delay_sec"": 0.0, ""uplink_loss_rate"": 0.0}, ""revision"": 4, ""semantics"": ""in-flight attempts retain their transmission configuration; new attempts use this revision"", ""world"": ""synthetic_component""}",1,10.0,1,0.0,289,,task_state,rally,0.0,True,transport_sample,,,0,,,,"{""downlink"": {""capacity"": 4096, ""in_flight"": 0, ""pending_reliable_or_unresolved"": 0, ""scheduled_events"": 0}}",all,0,,1,1,all,22.0,,,0,,,,,,0,,,,21.0,,,0,,,,synthetic_component
,,0,,,,,,21.0,0.0,0.0,11.5,11.0,1.0,0.0,1.0,11.450000000942964,0,,,1.0,1.0,,,,0,0,0,0,0,0,0,0,0,0,0,0,0,0,0,0,0,0,0,0,0,0,0,0,0,0,0,0,0,0,0,0,0,0,uplink,11.75,p3c_runtime,10.25,"{""admission_protocol"": false, ""effective"": {""downlink"": {""ack_timeout_sec"": 5.0, ""blackout_intervals"": [], ""delay_sec"": 0.0, ""drop_types"": [], ""duplicate_rate"": 0.0, ""loss_rate"": 0.0, ""max_retries"": 2, ""queue_capacity"": 4096, ""reorder_step_sec"": 0.05, ""reorder_window"": 0, ""seed"": 610839777}, ""uplink"": {""ack_timeout_sec"": 5.0, ""blackout_intervals"": [], ""delay_sec"": 0.0, ""drop_types"": [], ""duplicate_rate"": 0.0, ""loss_rate"": 0.0, ""max_retries"": 2, ""queue_capacity"": 4096, ""reorder_step_sec"": 0.05, ""reorder_window"": 0, ""seed"": 324508638}}, ""effective_sim_time"": 21.0, ""episode_id"": ""p3c_runtime"", ""fault_control_enabled"": true, ""fault_seed"": 1, ""gazebo_seed"": 1, ""ledger_path"": ""/home/zhuyulab/ns3-workspace/ros2_ws/ros2-multi-robot-automap/log/p3c5/p3c_monitor_v11/ledger.jsonl"", ""mission_mode"": ""rally"", ""requested"": {""ack_timeout_sec"": 5.0, ""blackout_intervals"": ""[]"", ""downlink_delay_sec"": 0.0, ""downlink_loss_rate"": 0.0, ""drop_message_types"": """", ""duplicate_rate"": 0.0, ""max_retries"": 2, ""network_mode"": ""fault"", ""queue_capacity"": 4096, ""reorder_step_sec"": 0.05, ""reorder_window"": 0, ""uplink_delay_sec"": 0.0, ""uplink_loss_rate"": 0.0}, ""revision"": 4, ""semantics"": ""in-flight attempts retain their transmission configuration; new attempts use this revision"", ""world"": ""synthetic_component""}",1,10.0,1,0.0,289,,ack,rally,0.0,True,transport_sample,,,0,,,,"{""uplink"": {""capacity"": 4096, ""in_flight"": 0, ""pending_reliable_or_unresolved"": 0, ""scheduled_events"": 0}}",all,0,,1,1,all,22.0,,,0,,,,,,0,,,,21.0,,,0,,,,synthetic_component
,,0,,,,,21.0,,0.0,0.0,,,1.0,1.0,0.0,,0,,,1.0,1.0,,,,0,0,0,0,0,0,0,0,0,0,0,0,0,0,0,0,0,0,0,0,0,0,0,0,0,0,0,0,0,0,0,0,0,0,uplink,11.75,p3c_runtime,10.25,"{""admission_protocol"": false, ""effective"": {""downlink"": {""ack_timeout_sec"": 5.0, ""blackout_intervals"": [], ""delay_sec"": 0.0, ""drop_types"": [], ""duplicate_rate"": 0.0, ""loss_rate"": 0.0, ""max_retries"": 2, ""queue_capacity"": 4096, ""reorder_step_sec"": 0.05, ""reorder_window"": 0, ""seed"": 610839777}, ""uplink"": {""ack_timeout_sec"": 5.0, ""blackout_intervals"": [], ""delay_sec"": 0.0, ""drop_types"": [], ""duplicate_rate"": 0.0, ""loss_rate"": 0.0, ""max_retries"": 2, ""queue_capacity"": 4096, ""reorder_step_sec"": 0.05, ""reorder_window"": 0, ""seed"": 324508638}}, ""effective_sim_time"": 21.0, ""episode_id"": ""p3c_runtime"", ""fault_control_enabled"": true, ""fault_seed"": 1, ""gazebo_seed"": 1, ""ledger_path"": ""/home/zhuyulab/ns3-workspace/ros2_ws/ros2-multi-robot-automap/log/p3c5/p3c_monitor_v11/ledger.jsonl"", ""mission_mode"": ""rally"", ""requested"": {""ack_timeout_sec"": 5.0, ""blackout_intervals"": ""[]"", ""downlink_delay_sec"": 0.0, ""downlink_loss_rate"": 0.0, ""drop_message_types"": """", ""duplicate_rate"": 0.0, ""max_retries"": 2, ""network_mode"": ""fault"", ""queue_capacity"": 4096, ""reorder_step_sec"": 0.05, ""reorder_window"": 0, ""uplink_delay_sec"": 0.0, ""uplink_loss_rate"": 0.0}, ""revision"": 4, ""semantics"": ""in-flight attempts retain their transmission configuration; new attempts use this revision"", ""world"": ""synthetic_component""}",1,5.0,1,0.0,289,,map_snapshot,rally,0.0,True,transport_sample,,,0,,,,"{""uplink"": {""capacity"": 4096, ""in_flight"": 0, ""pending_reliable_or_unresolved"": 0, ""scheduled_events"": 0}}",all,0,,1,1,all,22.0,,,0,,,,,,0,,,,21.0,,,0,,,,synthetic_component
0.0,0.0,3,0.0,,,,,,1.0,1.0,1.75,0.9375,1.0,0.0,1.0,1.69999999992433,0,,,0.0,0.0,1.0,0.0,1.0,1416,2,2124,3,2124,3,2124,3,0,3,3,3,2124,2124,3,0,0,0,0,3,2124,3,0,0,0,0,0,0,0,0,0,0,0,0,uplink,11.75,p3c_runtime,10.25,"{""admission_protocol"": false, ""effective"": {""downlink"": {""ack_timeout_sec"": 5.0, ""blackout_intervals"": [], ""delay_sec"": 0.0, ""drop_types"": [], ""duplicate_rate"": 0.0, ""loss_rate"": 0.0, ""max_retries"": 2, ""queue_capacity"": 4096, ""reorder_step_sec"": 0.05, ""reorder_window"": 0, ""seed"": 610839777}, ""uplink"": {""ack_timeout_sec"": 5.0, ""blackout_intervals"": [], ""delay_sec"": 0.0, ""drop_types"": [], ""duplicate_rate"": 0.0, ""loss_rate"": 0.0, ""max_retries"": 2, ""queue_capacity"": 4096, ""reorder_step_sec"": 0.05, ""reorder_window"": 0, ""seed"": 324508638}}, ""effective_sim_time"": 21.0, ""episode_id"": ""p3c_runtime"", ""fault_control_enabled"": true, ""fault_seed"": 1, ""gazebo_seed"": 1, ""ledger_path"": ""/home/zhuyulab/ns3-workspace/ros2_ws/ros2-multi-robot-automap/log/p3c5/p3c_monitor_v11/ledger.jsonl"", ""mission_mode"": ""rally"", ""requested"": {""ack_timeout_sec"": 5.0, ""blackout_intervals"": ""[]"", ""downlink_delay_sec"": 0.0, ""downlink_loss_rate"": 0.0, ""drop_message_types"": """", ""duplicate_rate"": 0.0, ""max_retries"": 2, ""network_mode"": ""fault"", ""queue_capacity"": 4096, ""reorder_step_sec"": 0.05, ""reorder_window"": 0, ""uplink_delay_sec"": 0.0, ""uplink_loss_rate"": 0.0}, ""revision"": 4, ""semantics"": ""in-flight attempts retain their transmission configuration; new attempts use this revision"", ""world"": ""synthetic_component""}",1,2.0,1,1416.0,289,1.0,pose_state,rally,2124.0,True,transport_sample,0.0,0.0,3,0.0,,,"{""uplink"": {""capacity"": 4096, ""in_flight"": 0, ""pending_reliable_or_unresolved"": 0, ""scheduled_events"": 0}}",all,0,0.0,1,1,all,22.0,0.25,0.25,2,0.25,,,0.0,0.0,3,0.0,,,21.0,0.0,0.0,3,0.0,,,synthetic_component
,,0,,,,,,21.0,0.0,0.0,11.75,11.25,1.0,0.0,1.0,11.700000000215368,0,,,1.0,1.0,,,,0,0,0,0,0,0,0,0,0,0,0,0,0,0,0,0,0,0,0,0,0,0,0,0,0,0,0,0,0,0,0,0,0,0,downlink,11.75,p3c_runtime,10.25,"{""admission_protocol"": false, ""effective"": {""downlink"": {""ack_timeout_sec"": 5.0, ""blackout_intervals"": [], ""delay_sec"": 0.0, ""drop_types"": [], ""duplicate_rate"": 0.0, ""loss_rate"": 0.0, ""max_retries"": 2, ""queue_capacity"": 4096, ""reorder_step_sec"": 0.05, ""reorder_window"": 0, ""seed"": 610839777}, ""uplink"": {""ack_timeout_sec"": 5.0, ""blackout_intervals"": [], ""delay_sec"": 0.0, ""drop_types"": [], ""duplicate_rate"": 0.0, ""loss_rate"": 0.0, ""max_retries"": 2, ""queue_capacity"": 4096, ""reorder_step_sec"": 0.05, ""reorder_window"": 0, ""seed"": 324508638}}, ""effective_sim_time"": 21.0, ""episode_id"": ""p3c_runtime"", ""fault_control_enabled"": true, ""fault_seed"": 1, ""gazebo_seed"": 1, ""ledger_path"": ""/home/zhuyulab/ns3-workspace/ros2_ws/ros2-multi-robot-automap/log/p3c5/p3c_monitor_v11/ledger.jsonl"", ""mission_mode"": ""rally"", ""requested"": {""ack_timeout_sec"": 5.0, ""blackout_intervals"": ""[]"", ""downlink_delay_sec"": 0.0, ""downlink_loss_rate"": 0.0, ""drop_message_types"": """", ""duplicate_rate"": 0.0, ""max_retries"": 2, ""network_mode"": ""fault"", ""queue_capacity"": 4096, ""reorder_step_sec"": 0.05, ""reorder_window"": 0, ""uplink_delay_sec"": 0.0, ""uplink_loss_rate"": 0.0}, ""revision"": 4, ""semantics"": ""in-flight attempts retain their transmission configuration; new attempts use this revision"", ""world"": ""synthetic_component""}",1,10.0,1,0.0,289,,task_state,rally,0.0,True,transport_sample,,,0,,,,"{""downlink"": {""capacity"": 4096, ""in_flight"": 0, ""pending_reliable_or_unresolved"": 0, ""scheduled_events"": 0}}",tb1,0,,1,1,headquarters,22.0,,,0,,,,,,0,,,,21.0,,,0,,,,synthetic_component
,,0,,,,,,21.0,0.0,0.0,11.5,11.0,1.0,0.0,1.0,11.450000000942964,0,,,1.0,1.0,,,,0,0,0,0,0,0,0,0,0,0,0,0,0,0,0,0,0,0,0,0,0,0,0,0,0,0,0,0,0,0,0,0,0,0,uplink,11.75,p3c_runtime,10.25,"{""admission_protocol"": false, ""effective"": {""downlink"": {""ack_timeout_sec"": 5.0, ""blackout_intervals"": [], ""delay_sec"": 0.0, ""drop_types"": [], ""duplicate_rate"": 0.0, ""loss_rate"": 0.0, ""max_retries"": 2, ""queue_capacity"": 4096, ""reorder_step_sec"": 0.05, ""reorder_window"": 0, ""seed"": 610839777}, ""uplink"": {""ack_timeout_sec"": 5.0, ""blackout_intervals"": [], ""delay_sec"": 0.0, ""drop_types"": [], ""duplicate_rate"": 0.0, ""loss_rate"": 0.0, ""max_retries"": 2, ""queue_capacity"": 4096, ""reorder_step_sec"": 0.05, ""reorder_window"": 0, ""seed"": 324508638}}, ""effective_sim_time"": 21.0, ""episode_id"": ""p3c_runtime"", ""fault_control_enabled"": true, ""fault_seed"": 1, ""gazebo_seed"": 1, ""ledger_path"": ""/home/zhuyulab/ns3-workspace/ros2_ws/ros2-multi-robot-automap/log/p3c5/p3c_monitor_v11/ledger.jsonl"", ""mission_mode"": ""rally"", ""requested"": {""ack_timeout_sec"": 5.0, ""blackout_intervals"": ""[]"", ""downlink_delay_sec"": 0.0, ""downlink_loss_rate"": 0.0, ""drop_message_types"": """", ""duplicate_rate"": 0.0, ""max_retries"": 2, ""network_mode"": ""fault"", ""queue_capacity"": 4096, ""reorder_step_sec"": 0.05, ""reorder_window"": 0, ""uplink_delay_sec"": 0.0, ""uplink_loss_rate"": 0.0}, ""revision"": 4, ""semantics"": ""in-flight attempts retain their transmission configuration; new attempts use this revision"", ""world"": ""synthetic_component""}",1,10.0,1,0.0,289,,ack,rally,0.0,True,transport_sample,,,0,,,,"{""uplink"": {""capacity"": 4096, ""in_flight"": 0, ""pending_reliable_or_unresolved"": 0, ""scheduled_events"": 0}}",headquarters,0,,1,1,tb1,22.0,,,0,,,,,,0,,,,21.0,,,0,,,,synthetic_component
,,0,,,,,21.0,,0.0,0.0,,,1.0,1.0,0.0,,0,,,1.0,1.0,,,,0,0,0,0,0,0,0,0,0,0,0,0,0,0,0,0,0,0,0,0,0,0,0,0,0,0,0,0,0,0,0,0,0,0,uplink,11.75,p3c_runtime,10.25,"{""admission_protocol"": false, ""effective"": {""downlink"": {""ack_timeout_sec"": 5.0, ""blackout_intervals"": [], ""delay_sec"": 0.0, ""drop_types"": [], ""duplicate_rate"": 0.0, ""loss_rate"": 0.0, ""max_retries"": 2, ""queue_capacity"": 4096, ""reorder_step_sec"": 0.05, ""reorder_window"": 0, ""seed"": 610839777}, ""uplink"": {""ack_timeout_sec"": 5.0, ""blackout_intervals"": [], ""delay_sec"": 0.0, ""drop_types"": [], ""duplicate_rate"": 0.0, ""loss_rate"": 0.0, ""max_retries"": 2, ""queue_capacity"": 4096, ""reorder_step_sec"": 0.05, ""reorder_window"": 0, ""seed"": 324508638}}, ""effective_sim_time"": 21.0, ""episode_id"": ""p3c_runtime"", ""fault_control_enabled"": true, ""fault_seed"": 1, ""gazebo_seed"": 1, ""ledger_path"": ""/home/zhuyulab/ns3-workspace/ros2_ws/ros2-multi-robot-automap/log/p3c5/p3c_monitor_v11/ledger.jsonl"", ""mission_mode"": ""rally"", ""requested"": {""ack_timeout_sec"": 5.0, ""blackout_intervals"": ""[]"", ""downlink_delay_sec"": 0.0, ""downlink_loss_rate"": 0.0, ""drop_message_types"": """", ""duplicate_rate"": 0.0, ""max_retries"": 2, ""network_mode"": ""fault"", ""queue_capacity"": 4096, ""reorder_step_sec"": 0.05, ""reorder_window"": 0, ""uplink_delay_sec"": 0.0, ""uplink_loss_rate"": 0.0}, ""revision"": 4, ""semantics"": ""in-flight attempts retain their transmission configuration; new attempts use this revision"", ""world"": ""synthetic_component""}",1,5.0,1,0.0,289,,map_snapshot,rally,0.0,True,transport_sample,,,0,,,,"{""uplink"": {""capacity"": 4096, ""in_flight"": 0, ""pending_reliable_or_unresolved"": 0, ""scheduled_events"": 0}}",headquarters,0,,1,1,tb1,22.0,,,0,,,,,,0,,,,21.0,,,0,,,,synthetic_component
0.0,0.0,3,0.0,,,,,,1.0,1.0,1.75,0.9375,1.0,0.0,1.0,1.69999999992433,0,,,0.0,0.0,1.0,0.0,1.0,1416,2,2124,3,2124,3,2124,3,0,3,3,3,2124,2124,3,0,0,0,0,3,2124,3,0,0,0,0,0,0,0,0,0,0,0,0,uplink,11.75,p3c_runtime,10.25,"{""admission_protocol"": false, ""effective"": {""downlink"": {""ack_timeout_sec"": 5.0, ""blackout_intervals"": [], ""delay_sec"": 0.0, ""drop_types"": [], ""duplicate_rate"": 0.0, ""loss_rate"": 0.0, ""max_retries"": 2, ""queue_capacity"": 4096, ""reorder_step_sec"": 0.05, ""reorder_window"": 0, ""seed"": 610839777}, ""uplink"": {""ack_timeout_sec"": 5.0, ""blackout_intervals"": [], ""delay_sec"": 0.0, ""drop_types"": [], ""duplicate_rate"": 0.0, ""loss_rate"": 0.0, ""max_retries"": 2, ""queue_capacity"": 4096, ""reorder_step_sec"": 0.05, ""reorder_window"": 0, ""seed"": 324508638}}, ""effective_sim_time"": 21.0, ""episode_id"": ""p3c_runtime"", ""fault_control_enabled"": true, ""fault_seed"": 1, ""gazebo_seed"": 1, ""ledger_path"": ""/home/zhuyulab/ns3-workspace/ros2_ws/ros2-multi-robot-automap/log/p3c5/p3c_monitor_v11/ledger.jsonl"", ""mission_mode"": ""rally"", ""requested"": {""ack_timeout_sec"": 5.0, ""blackout_intervals"": ""[]"", ""downlink_delay_sec"": 0.0, ""downlink_loss_rate"": 0.0, ""drop_message_types"": """", ""duplicate_rate"": 0.0, ""max_retries"": 2, ""network_mode"": ""fault"", ""queue_capacity"": 4096, ""reorder_step_sec"": 0.05, ""reorder_window"": 0, ""uplink_delay_sec"": 0.0, ""uplink_loss_rate"": 0.0}, ""revision"": 4, ""semantics"": ""in-flight attempts retain their transmission configuration; new attempts use this revision"", ""world"": ""synthetic_component""}",1,2.0,1,1416.0,289,1.0,pose_state,rally,2124.0,True,transport_sample,0.0,0.0,3,0.0,,,"{""uplink"": {""capacity"": 4096, ""in_flight"": 0, ""pending_reliable_or_unresolved"": 0, ""scheduled_events"": 0}}",headquarters,0,0.0,1,1,tb1,22.0,0.25,0.25,2,0.25,,,0.0,0.0,3,0.0,,,21.0,0.0,0.0,3,0.0,,,synthetic_component
0.0,0.0,4,0.0,,,,22.0,22.0,0.3333333333333333,1.0,12.5,6.1875,3.0,1.0,2.0,12.39999999961583,0,,,2.0,2.0,1.0,0.0,1.0,2832,4,2832,4,2832,4,2832,4,1,4,4,4,2832,2832,4,0,0,0,0,4,2832,4,0,0,0,0,0,0,0,0,0,0,0,0,uplink,12.75,p3c_runtime,10.25,"{""admission_protocol"": false, ""effective"": {""downlink"": {""ack_timeout_sec"": 5.0, ""blackout_intervals"": [], ""delay_sec"": 0.0, ""drop_types"": [], ""duplicate_rate"": 0.0, ""loss_rate"": 0.0, ""max_retries"": 2, ""queue_capacity"": 4096, ""reorder_step_sec"": 0.05, ""reorder_window"": 0, ""seed"": 610839777}, ""uplink"": {""ack_timeout_sec"": 5.0, ""blackout_intervals"": [], ""delay_sec"": 0.0, ""drop_types"": [], ""duplicate_rate"": 0.0, ""loss_rate"": 0.0, ""max_retries"": 2, ""queue_capacity"": 4096, ""reorder_step_sec"": 0.05, ""reorder_window"": 0, ""seed"": 324508638}}, ""effective_sim_time"": 21.0, ""episode_id"": ""p3c_runtime"", ""fault_control_enabled"": true, ""fault_seed"": 1, ""gazebo_seed"": 1, ""ledger_path"": ""/home/zhuyulab/ns3-workspace/ros2_ws/ros2-multi-robot-automap/log/p3c5/p3c_monitor_v11/ledger.jsonl"", ""mission_mode"": ""rally"", ""requested"": {""ack_timeout_sec"": 5.0, ""blackout_intervals"": ""[]"", ""downlink_delay_sec"": 0.0, ""downlink_loss_rate"": 0.0, ""drop_message_types"": """", ""duplicate_rate"": 0.0, ""max_retries"": 2, ""network_mode"": ""fault"", ""queue_capacity"": 4096, ""reorder_step_sec"": 0.05, ""reorder_window"": 0, ""uplink_delay_sec"": 0.0, ""uplink_loss_rate"": 0.0}, ""revision"": 4, ""semantics"": ""in-flight attempts retain their transmission configuration; new attempts use this revision"", ""world"": ""synthetic_component""}",1,,1,2832.0,314,1.0,all,rally,2832.0,True,transport_sample,0.0,0.0,4,0.0,,,"{""uplink"": {""capacity"": 4096, ""in_flight"": 0, ""pending_reliable_or_unresolved"": 0, ""scheduled_events"": 0}}",all,0,0.0,1,1,all,23.0,0.25,0.25,4,0.25,,,0.0,0.0,4,0.0,,,22.0,0.0,0.0,4,0.0,,,synthetic_component
,,0,,,,,,22.0,0.0,0.0,12.75,12.25,1.0,0.0,1.0,12.699999998527346,0,,,1.0,1.0,,,,0,0,0,0,0,0,0,0,0,0,0,0,0,0,0,0,0,0,0,0,0,0,0,0,0,0,0,0,0,0,0,0,0,0,downlink,12.75,p3c_runtime,10.25,"{""admission_protocol"": false, ""effective"": {""downlink"": {""ack_timeout_sec"": 5.0, ""blackout_intervals"": [], ""delay_sec"": 0.0, ""drop_types"": [], ""duplicate_rate"": 0.0, ""loss_rate"": 0.0, ""max_retries"": 2, ""queue_capacity"": 4096, ""reorder_step_sec"": 0.05, ""reorder_window"": 0, ""seed"": 610839777}, ""uplink"": {""ack_timeout_sec"": 5.0, ""blackout_intervals"": [], ""delay_sec"": 0.0, ""drop_types"": [], ""duplicate_rate"": 0.0, ""loss_rate"": 0.0, ""max_retries"": 2, ""queue_capacity"": 4096, ""reorder_step_sec"": 0.05, ""reorder_window"": 0, ""seed"": 324508638}}, ""effective_sim_time"": 21.0, ""episode_id"": ""p3c_runtime"", ""fault_control_enabled"": true, ""fault_seed"": 1, ""gazebo_seed"": 1, ""ledger_path"": ""/home/zhuyulab/ns3-workspace/ros2_ws/ros2-multi-robot-automap/log/p3c5/p3c_monitor_v11/ledger.jsonl"", ""mission_mode"": ""rally"", ""requested"": {""ack_timeout_sec"": 5.0, ""blackout_intervals"": ""[]"", ""downlink_delay_sec"": 0.0, ""downlink_loss_rate"": 0.0, ""drop_message_types"": """", ""duplicate_rate"": 0.0, ""max_retries"": 2, ""network_mode"": ""fault"", ""queue_capacity"": 4096, ""reorder_step_sec"": 0.05, ""reorder_window"": 0, ""uplink_delay_sec"": 0.0, ""uplink_loss_rate"": 0.0}, ""revision"": 4, ""semantics"": ""in-flight attempts retain their transmission configuration; new attempts use this revision"", ""world"": ""synthetic_component""}",1,10.0,1,0.0,314,,all,rally,0.0,True,transport_sample,,,0,,,,"{""downlink"": {""capacity"": 4096, ""in_flight"": 0, ""pending_reliable_or_unresolved"": 0, ""scheduled_events"": 0}}",all,0,,1,1,all,23.0,,,0,,,,,,0,,,,22.0,,,0,,,,synthetic_component
,,0,,,,,,22.0,0.0,0.0,12.75,12.25,1.0,0.0,1.0,12.699999998527346,0,,,1.0,1.0,,,,0,0,0,0,0,0,0,0,0,0,0,0,0,0,0,0,0,0,0,0,0,0,0,0,0,0,0,0,0,0,0,0,0,0,downlink,12.75,p3c_runtime,10.25,"{""admission_protocol"": false, ""effective"": {""downlink"": {""ack_timeout_sec"": 5.0, ""blackout_intervals"": [], ""delay_sec"": 0.0, ""drop_types"": [], ""duplicate_rate"": 0.0, ""loss_rate"": 0.0, ""max_retries"": 2, ""queue_capacity"": 4096, ""reorder_step_sec"": 0.05, ""reorder_window"": 0, ""seed"": 610839777}, ""uplink"": {""ack_timeout_sec"": 5.0, ""blackout_intervals"": [], ""delay_sec"": 0.0, ""drop_types"": [], ""duplicate_rate"": 0.0, ""loss_rate"": 0.0, ""max_retries"": 2, ""queue_capacity"": 4096, ""reorder_step_sec"": 0.05, ""reorder_window"": 0, ""seed"": 324508638}}, ""effective_sim_time"": 21.0, ""episode_id"": ""p3c_runtime"", ""fault_control_enabled"": true, ""fault_seed"": 1, ""gazebo_seed"": 1, ""ledger_path"": ""/home/zhuyulab/ns3-workspace/ros2_ws/ros2-multi-robot-automap/log/p3c5/p3c_monitor_v11/ledger.jsonl"", ""mission_mode"": ""rally"", ""requested"": {""ack_timeout_sec"": 5.0, ""blackout_intervals"": ""[]"", ""downlink_delay_sec"": 0.0, ""downlink_loss_rate"": 0.0, ""drop_message_types"": """", ""duplicate_rate"": 0.0, ""max_retries"": 2, ""network_mode"": ""fault"", ""queue_capacity"": 4096, ""reorder_step_sec"": 0.05, ""reorder_window"": 0, ""uplink_delay_sec"": 0.0, ""uplink_loss_rate"": 0.0}, ""revision"": 4, ""semantics"": ""in-flight attempts retain their transmission configuration; new attempts use this revision"", ""world"": ""synthetic_component""}",1,10.0,1,0.0,314,,task_state,rally,0.0,True,transport_sample,,,0,,,,"{""downlink"": {""capacity"": 4096, ""in_flight"": 0, ""pending_reliable_or_unresolved"": 0, ""scheduled_events"": 0}}",all,0,,1,1,all,23.0,,,0,,,,,,0,,,,22.0,,,0,,,,synthetic_component
,,0,,,,,,22.0,0.0,0.0,12.5,12.0,1.0,0.0,1.0,12.449999999080319,0,,,1.0,1.0,,,,0,0,0,0,0,0,0,0,0,0,0,0,0,0,0,0,0,0,0,0,0,0,0,0,0,0,0,0,0,0,0,0,0,0,uplink,12.75,p3c_runtime,10.25,"{""admission_protocol"": false, ""effective"": {""downlink"": {""ack_timeout_sec"": 5.0, ""blackout_intervals"": [], ""delay_sec"": 0.0, ""drop_types"": [], ""duplicate_rate"": 0.0, ""loss_rate"": 0.0, ""max_retries"": 2, ""queue_capacity"": 4096, ""reorder_step_sec"": 0.05, ""reorder_window"": 0, ""seed"": 610839777}, ""uplink"": {""ack_timeout_sec"": 5.0, ""blackout_intervals"": [], ""delay_sec"": 0.0, ""drop_types"": [], ""duplicate_rate"": 0.0, ""loss_rate"": 0.0, ""max_retries"": 2, ""queue_capacity"": 4096, ""reorder_step_sec"": 0.05, ""reorder_window"": 0, ""seed"": 324508638}}, ""effective_sim_time"": 21.0, ""episode_id"": ""p3c_runtime"", ""fault_control_enabled"": true, ""fault_seed"": 1, ""gazebo_seed"": 1, ""ledger_path"": ""/home/zhuyulab/ns3-workspace/ros2_ws/ros2-multi-robot-automap/log/p3c5/p3c_monitor_v11/ledger.jsonl"", ""mission_mode"": ""rally"", ""requested"": {""ack_timeout_sec"": 5.0, ""blackout_intervals"": ""[]"", ""downlink_delay_sec"": 0.0, ""downlink_loss_rate"": 0.0, ""drop_message_types"": """", ""duplicate_rate"": 0.0, ""max_retries"": 2, ""network_mode"": ""fault"", ""queue_capacity"": 4096, ""reorder_step_sec"": 0.05, ""reorder_window"": 0, ""uplink_delay_sec"": 0.0, ""uplink_loss_rate"": 0.0}, ""revision"": 4, ""semantics"": ""in-flight attempts retain their transmission configuration; new attempts use this revision"", ""world"": ""synthetic_component""}",1,10.0,1,0.0,314,,ack,rally,0.0,True,transport_sample,,,0,,,,"{""uplink"": {""capacity"": 4096, ""in_flight"": 0, ""pending_reliable_or_unresolved"": 0, ""scheduled_events"": 0}}",all,0,,1,1,all,23.0,,,0,,,,,,0,,,,22.0,,,0,,,,synthetic_component
,,0,,,,,22.0,,0.0,0.0,,,1.0,1.0,0.0,,0,,,1.0,1.0,,,,0,0,0,0,0,0,0,0,0,0,0,0,0,0,0,0,0,0,0,0,0,0,0,0,0,0,0,0,0,0,0,0,0,0,uplink,12.75,p3c_runtime,10.25,"{""admission_protocol"": false, ""effective"": {""downlink"": {""ack_timeout_sec"": 5.0, ""blackout_intervals"": [], ""delay_sec"": 0.0, ""drop_types"": [], ""duplicate_rate"": 0.0, ""loss_rate"": 0.0, ""max_retries"": 2, ""queue_capacity"": 4096, ""reorder_step_sec"": 0.05, ""reorder_window"": 0, ""seed"": 610839777}, ""uplink"": {""ack_timeout_sec"": 5.0, ""blackout_intervals"": [], ""delay_sec"": 0.0, ""drop_types"": [], ""duplicate_rate"": 0.0, ""loss_rate"": 0.0, ""max_retries"": 2, ""queue_capacity"": 4096, ""reorder_step_sec"": 0.05, ""reorder_window"": 0, ""seed"": 324508638}}, ""effective_sim_time"": 21.0, ""episode_id"": ""p3c_runtime"", ""fault_control_enabled"": true, ""fault_seed"": 1, ""gazebo_seed"": 1, ""ledger_path"": ""/home/zhuyulab/ns3-workspace/ros2_ws/ros2-multi-robot-automap/log/p3c5/p3c_monitor_v11/ledger.jsonl"", ""mission_mode"": ""rally"", ""requested"": {""ack_timeout_sec"": 5.0, ""blackout_intervals"": ""[]"", ""downlink_delay_sec"": 0.0, ""downlink_loss_rate"": 0.0, ""drop_message_types"": """", ""duplicate_rate"": 0.0, ""max_retries"": 2, ""network_mode"": ""fault"", ""queue_capacity"": 4096, ""reorder_step_sec"": 0.05, ""reorder_window"": 0, ""uplink_delay_sec"": 0.0, ""uplink_loss_rate"": 0.0}, ""revision"": 4, ""semantics"": ""in-flight attempts retain their transmission configuration; new attempts use this revision"", ""world"": ""synthetic_component""}",1,5.0,1,0.0,314,,map_snapshot,rally,0.0,True,transport_sample,,,0,,,,"{""uplink"": {""capacity"": 4096, ""in_flight"": 0, ""pending_reliable_or_unresolved"": 0, ""scheduled_events"": 0}}",all,0,,1,1,all,23.0,,,0,,,,,,0,,,,22.0,,,0,,,,synthetic_component
0.0,0.0,4,0.0,,,,,,1.0,1.0,0.5,0.375,1.0,0.0,1.0,0.48749999998835847,0,,,0.0,0.0,1.0,0.0,1.0,2832,4,2832,4,2832,4,2832,4,1,4,4,4,2832,2832,4,0,0,0,0,4,2832,4,0,0,0,0,0,0,0,0,0,0,0,0,uplink,12.75,p3c_runtime,10.25,"{""admission_protocol"": false, ""effective"": {""downlink"": {""ack_timeout_sec"": 5.0, ""blackout_intervals"": [], ""delay_sec"": 0.0, ""drop_types"": [], ""duplicate_rate"": 0.0, ""loss_rate"": 0.0, ""max_retries"": 2, ""queue_capacity"": 4096, ""reorder_step_sec"": 0.05, ""reorder_window"": 0, ""seed"": 610839777}, ""uplink"": {""ack_timeout_sec"": 5.0, ""blackout_intervals"": [], ""delay_sec"": 0.0, ""drop_types"": [], ""duplicate_rate"": 0.0, ""loss_rate"": 0.0, ""max_retries"": 2, ""queue_capacity"": 4096, ""reorder_step_sec"": 0.05, ""reorder_window"": 0, ""seed"": 324508638}}, ""effective_sim_time"": 21.0, ""episode_id"": ""p3c_runtime"", ""fault_control_enabled"": true, ""fault_seed"": 1, ""gazebo_seed"": 1, ""ledger_path"": ""/home/zhuyulab/ns3-workspace/ros2_ws/ros2-multi-robot-automap/log/p3c5/p3c_monitor_v11/ledger.jsonl"", ""mission_mode"": ""rally"", ""requested"": {""ack_timeout_sec"": 5.0, ""blackout_intervals"": ""[]"", ""downlink_delay_sec"": 0.0, ""downlink_loss_rate"": 0.0, ""drop_message_types"": """", ""duplicate_rate"": 0.0, ""max_retries"": 2, ""network_mode"": ""fault"", ""queue_capacity"": 4096, ""reorder_step_sec"": 0.05, ""reorder_window"": 0, ""uplink_delay_sec"": 0.0, ""uplink_loss_rate"": 0.0}, ""revision"": 4, ""semantics"": ""in-flight attempts retain their transmission configuration; new attempts use this revision"", ""world"": ""synthetic_component""}",1,2.0,1,2832.0,314,1.0,pose_state,rally,2832.0,True,transport_sample,0.0,0.0,4,0.0,,,"{""uplink"": {""capacity"": 4096, ""in_flight"": 0, ""pending_reliable_or_unresolved"": 0, ""scheduled_events"": 0}}",all,0,0.0,1,1,all,23.0,0.25,0.25,4,0.25,,,0.0,0.0,4,0.0,,,22.0,0.0,0.0,4,0.0,,,synthetic_component
,,0,,,,,,22.0,0.0,0.0,12.75,12.25,1.0,0.0,1.0,12.699999998527346,0,,,1.0,1.0,,,,0,0,0,0,0,0,0,0,0,0,0,0,0,0,0,0,0,0,0,0,0,0,0,0,0,0,0,0,0,0,0,0,0,0,downlink,12.75,p3c_runtime,10.25,"{""admission_protocol"": false, ""effective"": {""downlink"": {""ack_timeout_sec"": 5.0, ""blackout_intervals"": [], ""delay_sec"": 0.0, ""drop_types"": [], ""duplicate_rate"": 0.0, ""loss_rate"": 0.0, ""max_retries"": 2, ""queue_capacity"": 4096, ""reorder_step_sec"": 0.05, ""reorder_window"": 0, ""seed"": 610839777}, ""uplink"": {""ack_timeout_sec"": 5.0, ""blackout_intervals"": [], ""delay_sec"": 0.0, ""drop_types"": [], ""duplicate_rate"": 0.0, ""loss_rate"": 0.0, ""max_retries"": 2, ""queue_capacity"": 4096, ""reorder_step_sec"": 0.05, ""reorder_window"": 0, ""seed"": 324508638}}, ""effective_sim_time"": 21.0, ""episode_id"": ""p3c_runtime"", ""fault_control_enabled"": true, ""fault_seed"": 1, ""gazebo_seed"": 1, ""ledger_path"": ""/home/zhuyulab/ns3-workspace/ros2_ws/ros2-multi-robot-automap/log/p3c5/p3c_monitor_v11/ledger.jsonl"", ""mission_mode"": ""rally"", ""requested"": {""ack_timeout_sec"": 5.0, ""blackout_intervals"": ""[]"", ""downlink_delay_sec"": 0.0, ""downlink_loss_rate"": 0.0, ""drop_message_types"": """", ""duplicate_rate"": 0.0, ""max_retries"": 2, ""network_mode"": ""fault"", ""queue_capacity"": 4096, ""reorder_step_sec"": 0.05, ""reorder_window"": 0, ""uplink_delay_sec"": 0.0, ""uplink_loss_rate"": 0.0}, ""revision"": 4, ""semantics"": ""in-flight attempts retain their transmission configuration; new attempts use this revision"", ""world"": ""synthetic_component""}",1,10.0,1,0.0,314,,task_state,rally,0.0,True,transport_sample,,,0,,,,"{""downlink"": {""capacity"": 4096, ""in_flight"": 0, ""pending_reliable_or_unresolved"": 0, ""scheduled_events"": 0}}",tb1,0,,1,1,headquarters,23.0,,,0,,,,,,0,,,,22.0,,,0,,,,synthetic_component
,,0,,,,,,22.0,0.0,0.0,12.5,12.0,1.0,0.0,1.0,12.449999999080319,0,,,1.0,1.0,,,,0,0,0,0,0,0,0,0,0,0,0,0,0,0,0,0,0,0,0,0,0,0,0,0,0,0,0,0,0,0,0,0,0,0,uplink,12.75,p3c_runtime,10.25,"{""admission_protocol"": false, ""effective"": {""downlink"": {""ack_timeout_sec"": 5.0, ""blackout_intervals"": [], ""delay_sec"": 0.0, ""drop_types"": [], ""duplicate_rate"": 0.0, ""loss_rate"": 0.0, ""max_retries"": 2, ""queue_capacity"": 4096, ""reorder_step_sec"": 0.05, ""reorder_window"": 0, ""seed"": 610839777}, ""uplink"": {""ack_timeout_sec"": 5.0, ""blackout_intervals"": [], ""delay_sec"": 0.0, ""drop_types"": [], ""duplicate_rate"": 0.0, ""loss_rate"": 0.0, ""max_retries"": 2, ""queue_capacity"": 4096, ""reorder_step_sec"": 0.05, ""reorder_window"": 0, ""seed"": 324508638}}, ""effective_sim_time"": 21.0, ""episode_id"": ""p3c_runtime"", ""fault_control_enabled"": true, ""fault_seed"": 1, ""gazebo_seed"": 1, ""ledger_path"": ""/home/zhuyulab/ns3-workspace/ros2_ws/ros2-multi-robot-automap/log/p3c5/p3c_monitor_v11/ledger.jsonl"", ""mission_mode"": ""rally"", ""requested"": {""ack_timeout_sec"": 5.0, ""blackout_intervals"": ""[]"", ""downlink_delay_sec"": 0.0, ""downlink_loss_rate"": 0.0, ""drop_message_types"": """", ""duplicate_rate"": 0.0, ""max_retries"": 2, ""network_mode"": ""fault"", ""queue_capacity"": 4096, ""reorder_step_sec"": 0.05, ""reorder_window"": 0, ""uplink_delay_sec"": 0.0, ""uplink_loss_rate"": 0.0}, ""revision"": 4, ""semantics"": ""in-flight attempts retain their transmission configuration; new attempts use this revision"", ""world"": ""synthetic_component""}",1,10.0,1,0.0,314,,ack,rally,0.0,True,transport_sample,,,0,,,,"{""uplink"": {""capacity"": 4096, ""in_flight"": 0, ""pending_reliable_or_unresolved"": 0, ""scheduled_events"": 0}}",headquarters,0,,1,1,tb1,23.0,,,0,,,,,,0,,,,22.0,,,0,,,,synthetic_component
,,0,,,,,22.0,,0.0,0.0,,,1.0,1.0,0.0,,0,,,1.0,1.0,,,,0,0,0,0,0,0,0,0,0,0,0,0,0,0,0,0,0,0,0,0,0,0,0,0,0,0,0,0,0,0,0,0,0,0,uplink,12.75,p3c_runtime,10.25,"{""admission_protocol"": false, ""effective"": {""downlink"": {""ack_timeout_sec"": 5.0, ""blackout_intervals"": [], ""delay_sec"": 0.0, ""drop_types"": [], ""duplicate_rate"": 0.0, ""loss_rate"": 0.0, ""max_retries"": 2, ""queue_capacity"": 4096, ""reorder_step_sec"": 0.05, ""reorder_window"": 0, ""seed"": 610839777}, ""uplink"": {""ack_timeout_sec"": 5.0, ""blackout_intervals"": [], ""delay_sec"": 0.0, ""drop_types"": [], ""duplicate_rate"": 0.0, ""loss_rate"": 0.0, ""max_retries"": 2, ""queue_capacity"": 4096, ""reorder_step_sec"": 0.05, ""reorder_window"": 0, ""seed"": 324508638}}, ""effective_sim_time"": 21.0, ""episode_id"": ""p3c_runtime"", ""fault_control_enabled"": true, ""fault_seed"": 1, ""gazebo_seed"": 1, ""ledger_path"": ""/home/zhuyulab/ns3-workspace/ros2_ws/ros2-multi-robot-automap/log/p3c5/p3c_monitor_v11/ledger.jsonl"", ""mission_mode"": ""rally"", ""requested"": {""ack_timeout_sec"": 5.0, ""blackout_intervals"": ""[]"", ""downlink_delay_sec"": 0.0, ""downlink_loss_rate"": 0.0, ""drop_message_types"": """", ""duplicate_rate"": 0.0, ""max_retries"": 2, ""network_mode"": ""fault"", ""queue_capacity"": 4096, ""reorder_step_sec"": 0.05, ""reorder_window"": 0, ""uplink_delay_sec"": 0.0, ""uplink_loss_rate"": 0.0}, ""revision"": 4, ""semantics"": ""in-flight attempts retain their transmission configuration; new attempts use this revision"", ""world"": ""synthetic_component""}",1,5.0,1,0.0,314,,map_snapshot,rally,0.0,True,transport_sample,,,0,,,,"{""uplink"": {""capacity"": 4096, ""in_flight"": 0, ""pending_reliable_or_unresolved"": 0, ""scheduled_events"": 0}}",headquarters,0,,1,1,tb1,23.0,,,0,,,,,,0,,,,22.0,,,0,,,,synthetic_component
0.0,0.0,4,0.0,,,,,,1.0,1.0,0.5,0.375,1.0,0.0,1.0,0.48749999998835847,0,,,0.0,0.0,1.0,0.0,1.0,2832,4,2832,4,2832,4,2832,4,1,4,4,4,2832,2832,4,0,0,0,0,4,2832,4,0,0,0,0,0,0,0,0,0,0,0,0,uplink,12.75,p3c_runtime,10.25,"{""admission_protocol"": false, ""effective"": {""downlink"": {""ack_timeout_sec"": 5.0, ""blackout_intervals"": [], ""delay_sec"": 0.0, ""drop_types"": [], ""duplicate_rate"": 0.0, ""loss_rate"": 0.0, ""max_retries"": 2, ""queue_capacity"": 4096, ""reorder_step_sec"": 0.05, ""reorder_window"": 0, ""seed"": 610839777}, ""uplink"": {""ack_timeout_sec"": 5.0, ""blackout_intervals"": [], ""delay_sec"": 0.0, ""drop_types"": [], ""duplicate_rate"": 0.0, ""loss_rate"": 0.0, ""max_retries"": 2, ""queue_capacity"": 4096, ""reorder_step_sec"": 0.05, ""reorder_window"": 0, ""seed"": 324508638}}, ""effective_sim_time"": 21.0, ""episode_id"": ""p3c_runtime"", ""fault_control_enabled"": true, ""fault_seed"": 1, ""gazebo_seed"": 1, ""ledger_path"": ""/home/zhuyulab/ns3-workspace/ros2_ws/ros2-multi-robot-automap/log/p3c5/p3c_monitor_v11/ledger.jsonl"", ""mission_mode"": ""rally"", ""requested"": {""ack_timeout_sec"": 5.0, ""blackout_intervals"": ""[]"", ""downlink_delay_sec"": 0.0, ""downlink_loss_rate"": 0.0, ""drop_message_types"": """", ""duplicate_rate"": 0.0, ""max_retries"": 2, ""network_mode"": ""fault"", ""queue_capacity"": 4096, ""reorder_step_sec"": 0.05, ""reorder_window"": 0, ""uplink_delay_sec"": 0.0, ""uplink_loss_rate"": 0.0}, ""revision"": 4, ""semantics"": ""in-flight attempts retain their transmission configuration; new attempts use this revision"", ""world"": ""synthetic_component""}",1,2.0,1,2832.0,314,1.0,pose_state,rally,2832.0,True,transport_sample,0.0,0.0,4,0.0,,,"{""uplink"": {""capacity"": 4096, ""in_flight"": 0, ""pending_reliable_or_unresolved"": 0, ""scheduled_events"": 0}}",headquarters,0,0.0,1,1,tb1,23.0,0.25,0.25,4,0.25,,,0.0,0.0,4,0.0,,,22.0,0.0,0.0,4,0.0,,,synthetic_component
0.0,0.0,4,0.0,,,,23.0,23.0,0.3333333333333333,1.0,13.5,6.6875,3.0,1.0,2.0,13.400000000197906,0,,,2.0,2.0,1.0,0.0,1.0,2832,4,2832,4,2832,4,2832,4,1,4,4,4,2832,2832,4,0,0,0,0,4,2832,4,0,0,0,0,0,0,0,0,0,0,0,0,uplink,13.75,p3c_runtime,10.25,"{""admission_protocol"": false, ""effective"": {""downlink"": {""ack_timeout_sec"": 5.0, ""blackout_intervals"": [], ""delay_sec"": 0.0, ""drop_types"": [], ""duplicate_rate"": 0.0, ""loss_rate"": 0.0, ""max_retries"": 2, ""queue_capacity"": 4096, ""reorder_step_sec"": 0.05, ""reorder_window"": 0, ""seed"": 610839777}, ""uplink"": {""ack_timeout_sec"": 5.0, ""blackout_intervals"": [], ""delay_sec"": 0.0, ""drop_types"": [], ""duplicate_rate"": 0.0, ""loss_rate"": 0.0, ""max_retries"": 2, ""queue_capacity"": 4096, ""reorder_step_sec"": 0.05, ""reorder_window"": 0, ""seed"": 324508638}}, ""effective_sim_time"": 21.0, ""episode_id"": ""p3c_runtime"", ""fault_control_enabled"": true, ""fault_seed"": 1, ""gazebo_seed"": 1, ""ledger_path"": ""/home/zhuyulab/ns3-workspace/ros2_ws/ros2-multi-robot-automap/log/p3c5/p3c_monitor_v11/ledger.jsonl"", ""mission_mode"": ""rally"", ""requested"": {""ack_timeout_sec"": 5.0, ""blackout_intervals"": ""[]"", ""downlink_delay_sec"": 0.0, ""downlink_loss_rate"": 0.0, ""drop_message_types"": """", ""duplicate_rate"": 0.0, ""max_retries"": 2, ""network_mode"": ""fault"", ""queue_capacity"": 4096, ""reorder_step_sec"": 0.05, ""reorder_window"": 0, ""uplink_delay_sec"": 0.0, ""uplink_loss_rate"": 0.0}, ""revision"": 4, ""semantics"": ""in-flight attempts retain their transmission configuration; new attempts use this revision"", ""world"": ""synthetic_component""}",1,,1,2832.0,339,1.0,all,rally,2832.0,True,transport_sample,0.0,0.0,4,0.0,,,"{""uplink"": {""capacity"": 4096, ""in_flight"": 0, ""pending_reliable_or_unresolved"": 0, ""scheduled_events"": 0}}",all,0,0.0,1,1,all,24.0,0.25,0.25,4,0.25,,,0.0,0.0,4,0.0,,,23.0,0.0,0.0,4,0.0,,,synthetic_component
,,0,,,,,,23.0,0.0,0.0,13.75,13.25,1.0,0.0,1.0,13.700000001263106,0,,,1.0,1.0,,,,0,0,0,0,0,0,0,0,0,0,0,0,0,0,0,0,0,0,0,0,0,0,0,0,0,0,0,0,0,0,0,0,0,0,downlink,13.75,p3c_runtime,10.25,"{""admission_protocol"": false, ""effective"": {""downlink"": {""ack_timeout_sec"": 5.0, ""blackout_intervals"": [], ""delay_sec"": 0.0, ""drop_types"": [], ""duplicate_rate"": 0.0, ""loss_rate"": 0.0, ""max_retries"": 2, ""queue_capacity"": 4096, ""reorder_step_sec"": 0.05, ""reorder_window"": 0, ""seed"": 610839777}, ""uplink"": {""ack_timeout_sec"": 5.0, ""blackout_intervals"": [], ""delay_sec"": 0.0, ""drop_types"": [], ""duplicate_rate"": 0.0, ""loss_rate"": 0.0, ""max_retries"": 2, ""queue_capacity"": 4096, ""reorder_step_sec"": 0.05, ""reorder_window"": 0, ""seed"": 324508638}}, ""effective_sim_time"": 21.0, ""episode_id"": ""p3c_runtime"", ""fault_control_enabled"": true, ""fault_seed"": 1, ""gazebo_seed"": 1, ""ledger_path"": ""/home/zhuyulab/ns3-workspace/ros2_ws/ros2-multi-robot-automap/log/p3c5/p3c_monitor_v11/ledger.jsonl"", ""mission_mode"": ""rally"", ""requested"": {""ack_timeout_sec"": 5.0, ""blackout_intervals"": ""[]"", ""downlink_delay_sec"": 0.0, ""downlink_loss_rate"": 0.0, ""drop_message_types"": """", ""duplicate_rate"": 0.0, ""max_retries"": 2, ""network_mode"": ""fault"", ""queue_capacity"": 4096, ""reorder_step_sec"": 0.05, ""reorder_window"": 0, ""uplink_delay_sec"": 0.0, ""uplink_loss_rate"": 0.0}, ""revision"": 4, ""semantics"": ""in-flight attempts retain their transmission configuration; new attempts use this revision"", ""world"": ""synthetic_component""}",1,10.0,1,0.0,339,,all,rally,0.0,True,transport_sample,,,0,,,,"{""downlink"": {""capacity"": 4096, ""in_flight"": 0, ""pending_reliable_or_unresolved"": 0, ""scheduled_events"": 0}}",all,0,,1,1,all,24.0,,,0,,,,,,0,,,,23.0,,,0,,,,synthetic_component
,,0,,,,,,23.0,0.0,0.0,13.75,13.25,1.0,0.0,1.0,13.700000001263106,0,,,1.0,1.0,,,,0,0,0,0,0,0,0,0,0,0,0,0,0,0,0,0,0,0,0,0,0,0,0,0,0,0,0,0,0,0,0,0,0,0,downlink,13.75,p3c_runtime,10.25,"{""admission_protocol"": false, ""effective"": {""downlink"": {""ack_timeout_sec"": 5.0, ""blackout_intervals"": [], ""delay_sec"": 0.0, ""drop_types"": [], ""duplicate_rate"": 0.0, ""loss_rate"": 0.0, ""max_retries"": 2, ""queue_capacity"": 4096, ""reorder_step_sec"": 0.05, ""reorder_window"": 0, ""seed"": 610839777}, ""uplink"": {""ack_timeout_sec"": 5.0, ""blackout_intervals"": [], ""delay_sec"": 0.0, ""drop_types"": [], ""duplicate_rate"": 0.0, ""loss_rate"": 0.0, ""max_retries"": 2, ""queue_capacity"": 4096, ""reorder_step_sec"": 0.05, ""reorder_window"": 0, ""seed"": 324508638}}, ""effective_sim_time"": 21.0, ""episode_id"": ""p3c_runtime"", ""fault_control_enabled"": true, ""fault_seed"": 1, ""gazebo_seed"": 1, ""ledger_path"": ""/home/zhuyulab/ns3-workspace/ros2_ws/ros2-multi-robot-automap/log/p3c5/p3c_monitor_v11/ledger.jsonl"", ""mission_mode"": ""rally"", ""requested"": {""ack_timeout_sec"": 5.0, ""blackout_intervals"": ""[]"", ""downlink_delay_sec"": 0.0, ""downlink_loss_rate"": 0.0, ""drop_message_types"": """", ""duplicate_rate"": 0.0, ""max_retries"": 2, ""network_mode"": ""fault"", ""queue_capacity"": 4096, ""reorder_step_sec"": 0.05, ""reorder_window"": 0, ""uplink_delay_sec"": 0.0, ""uplink_loss_rate"": 0.0}, ""revision"": 4, ""semantics"": ""in-flight attempts retain their transmission configuration; new attempts use this revision"", ""world"": ""synthetic_component""}",1,10.0,1,0.0,339,,task_state,rally,0.0,True,transport_sample,,,0,,,,"{""downlink"": {""capacity"": 4096, ""in_flight"": 0, ""pending_reliable_or_unresolved"": 0, ""scheduled_events"": 0}}",all,0,,1,1,all,24.0,,,0,,,,,,0,,,,23.0,,,0,,,,synthetic_component
,,0,,,,,,23.0,0.0,0.0,13.5,13.0,1.0,0.0,1.0,13.44999999931315,0,,,1.0,1.0,,,,0,0,0,0,0,0,0,0,0,0,0,0,0,0,0,0,0,0,0,0,0,0,0,0,0,0,0,0,0,0,0,0,0,0,uplink,13.75,p3c_runtime,10.25,"{""admission_protocol"": false, ""effective"": {""downlink"": {""ack_timeout_sec"": 5.0, ""blackout_intervals"": [], ""delay_sec"": 0.0, ""drop_types"": [], ""duplicate_rate"": 0.0, ""loss_rate"": 0.0, ""max_retries"": 2, ""queue_capacity"": 4096, ""reorder_step_sec"": 0.05, ""reorder_window"": 0, ""seed"": 610839777}, ""uplink"": {""ack_timeout_sec"": 5.0, ""blackout_intervals"": [], ""delay_sec"": 0.0, ""drop_types"": [], ""duplicate_rate"": 0.0, ""loss_rate"": 0.0, ""max_retries"": 2, ""queue_capacity"": 4096, ""reorder_step_sec"": 0.05, ""reorder_window"": 0, ""seed"": 324508638}}, ""effective_sim_time"": 21.0, ""episode_id"": ""p3c_runtime"", ""fault_control_enabled"": true, ""fault_seed"": 1, ""gazebo_seed"": 1, ""ledger_path"": ""/home/zhuyulab/ns3-workspace/ros2_ws/ros2-multi-robot-automap/log/p3c5/p3c_monitor_v11/ledger.jsonl"", ""mission_mode"": ""rally"", ""requested"": {""ack_timeout_sec"": 5.0, ""blackout_intervals"": ""[]"", ""downlink_delay_sec"": 0.0, ""downlink_loss_rate"": 0.0, ""drop_message_types"": """", ""duplicate_rate"": 0.0, ""max_retries"": 2, ""network_mode"": ""fault"", ""queue_capacity"": 4096, ""reorder_step_sec"": 0.05, ""reorder_window"": 0, ""uplink_delay_sec"": 0.0, ""uplink_loss_rate"": 0.0}, ""revision"": 4, ""semantics"": ""in-flight attempts retain their transmission configuration; new attempts use this revision"", ""world"": ""synthetic_component""}",1,10.0,1,0.0,339,,ack,rally,0.0,True,transport_sample,,,0,,,,"{""uplink"": {""capacity"": 4096, ""in_flight"": 0, ""pending_reliable_or_unresolved"": 0, ""scheduled_events"": 0}}",all,0,,1,1,all,24.0,,,0,,,,,,0,,,,23.0,,,0,,,,synthetic_component
,,0,,,,,23.0,,0.0,0.0,,,1.0,1.0,0.0,,0,,,1.0,1.0,,,,0,0,0,0,0,0,0,0,0,0,0,0,0,0,0,0,0,0,0,0,0,0,0,0,0,0,0,0,0,0,0,0,0,0,uplink,13.75,p3c_runtime,10.25,"{""admission_protocol"": false, ""effective"": {""downlink"": {""ack_timeout_sec"": 5.0, ""blackout_intervals"": [], ""delay_sec"": 0.0, ""drop_types"": [], ""duplicate_rate"": 0.0, ""loss_rate"": 0.0, ""max_retries"": 2, ""queue_capacity"": 4096, ""reorder_step_sec"": 0.05, ""reorder_window"": 0, ""seed"": 610839777}, ""uplink"": {""ack_timeout_sec"": 5.0, ""blackout_intervals"": [], ""delay_sec"": 0.0, ""drop_types"": [], ""duplicate_rate"": 0.0, ""loss_rate"": 0.0, ""max_retries"": 2, ""queue_capacity"": 4096, ""reorder_step_sec"": 0.05, ""reorder_window"": 0, ""seed"": 324508638}}, ""effective_sim_time"": 21.0, ""episode_id"": ""p3c_runtime"", ""fault_control_enabled"": true, ""fault_seed"": 1, ""gazebo_seed"": 1, ""ledger_path"": ""/home/zhuyulab/ns3-workspace/ros2_ws/ros2-multi-robot-automap/log/p3c5/p3c_monitor_v11/ledger.jsonl"", ""mission_mode"": ""rally"", ""requested"": {""ack_timeout_sec"": 5.0, ""blackout_intervals"": ""[]"", ""downlink_delay_sec"": 0.0, ""downlink_loss_rate"": 0.0, ""drop_message_types"": """", ""duplicate_rate"": 0.0, ""max_retries"": 2, ""network_mode"": ""fault"", ""queue_capacity"": 4096, ""reorder_step_sec"": 0.05, ""reorder_window"": 0, ""uplink_delay_sec"": 0.0, ""uplink_loss_rate"": 0.0}, ""revision"": 4, ""semantics"": ""in-flight attempts retain their transmission configuration; new attempts use this revision"", ""world"": ""synthetic_component""}",1,5.0,1,0.0,339,,map_snapshot,rally,0.0,True,transport_sample,,,0,,,,"{""uplink"": {""capacity"": 4096, ""in_flight"": 0, ""pending_reliable_or_unresolved"": 0, ""scheduled_events"": 0}}",all,0,,1,1,all,24.0,,,0,,,,,,0,,,,23.0,,,0,,,,synthetic_component
0.0,0.0,4,0.0,,,,,,1.0,1.0,0.5,0.375,1.0,0.0,1.0,0.48749999998835847,0,,,0.0,0.0,1.0,0.0,1.0,2832,4,2832,4,2832,4,2832,4,1,4,4,4,2832,2832,4,0,0,0,0,4,2832,4,0,0,0,0,0,0,0,0,0,0,0,0,uplink,13.75,p3c_runtime,10.25,"{""admission_protocol"": false, ""effective"": {""downlink"": {""ack_timeout_sec"": 5.0, ""blackout_intervals"": [], ""delay_sec"": 0.0, ""drop_types"": [], ""duplicate_rate"": 0.0, ""loss_rate"": 0.0, ""max_retries"": 2, ""queue_capacity"": 4096, ""reorder_step_sec"": 0.05, ""reorder_window"": 0, ""seed"": 610839777}, ""uplink"": {""ack_timeout_sec"": 5.0, ""blackout_intervals"": [], ""delay_sec"": 0.0, ""drop_types"": [], ""duplicate_rate"": 0.0, ""loss_rate"": 0.0, ""max_retries"": 2, ""queue_capacity"": 4096, ""reorder_step_sec"": 0.05, ""reorder_window"": 0, ""seed"": 324508638}}, ""effective_sim_time"": 21.0, ""episode_id"": ""p3c_runtime"", ""fault_control_enabled"": true, ""fault_seed"": 1, ""gazebo_seed"": 1, ""ledger_path"": ""/home/zhuyulab/ns3-workspace/ros2_ws/ros2-multi-robot-automap/log/p3c5/p3c_monitor_v11/ledger.jsonl"", ""mission_mode"": ""rally"", ""requested"": {""ack_timeout_sec"": 5.0, ""blackout_intervals"": ""[]"", ""downlink_delay_sec"": 0.0, ""downlink_loss_rate"": 0.0, ""drop_message_types"": """", ""duplicate_rate"": 0.0, ""max_retries"": 2, ""network_mode"": ""fault"", ""queue_capacity"": 4096, ""reorder_step_sec"": 0.05, ""reorder_window"": 0, ""uplink_delay_sec"": 0.0, ""uplink_loss_rate"": 0.0}, ""revision"": 4, ""semantics"": ""in-flight attempts retain their transmission configuration; new attempts use this revision"", ""world"": ""synthetic_component""}",1,2.0,1,2832.0,339,1.0,pose_state,rally,2832.0,True,transport_sample,0.0,0.0,4,0.0,,,"{""uplink"": {""capacity"": 4096, ""in_flight"": 0, ""pending_reliable_or_unresolved"": 0, ""scheduled_events"": 0}}",all,0,0.0,1,1,all,24.0,0.25,0.25,4,0.25,,,0.0,0.0,4,0.0,,,23.0,0.0,0.0,4,0.0,,,synthetic_component
,,0,,,,,,23.0,0.0,0.0,13.75,13.25,1.0,0.0,1.0,13.700000001263106,0,,,1.0,1.0,,,,0,0,0,0,0,0,0,0,0,0,0,0,0,0,0,0,0,0,0,0,0,0,0,0,0,0,0,0,0,0,0,0,0,0,downlink,13.75,p3c_runtime,10.25,"{""admission_protocol"": false, ""effective"": {""downlink"": {""ack_timeout_sec"": 5.0, ""blackout_intervals"": [], ""delay_sec"": 0.0, ""drop_types"": [], ""duplicate_rate"": 0.0, ""loss_rate"": 0.0, ""max_retries"": 2, ""queue_capacity"": 4096, ""reorder_step_sec"": 0.05, ""reorder_window"": 0, ""seed"": 610839777}, ""uplink"": {""ack_timeout_sec"": 5.0, ""blackout_intervals"": [], ""delay_sec"": 0.0, ""drop_types"": [], ""duplicate_rate"": 0.0, ""loss_rate"": 0.0, ""max_retries"": 2, ""queue_capacity"": 4096, ""reorder_step_sec"": 0.05, ""reorder_window"": 0, ""seed"": 324508638}}, ""effective_sim_time"": 21.0, ""episode_id"": ""p3c_runtime"", ""fault_control_enabled"": true, ""fault_seed"": 1, ""gazebo_seed"": 1, ""ledger_path"": ""/home/zhuyulab/ns3-workspace/ros2_ws/ros2-multi-robot-automap/log/p3c5/p3c_monitor_v11/ledger.jsonl"", ""mission_mode"": ""rally"", ""requested"": {""ack_timeout_sec"": 5.0, ""blackout_intervals"": ""[]"", ""downlink_delay_sec"": 0.0, ""downlink_loss_rate"": 0.0, ""drop_message_types"": """", ""duplicate_rate"": 0.0, ""max_retries"": 2, ""network_mode"": ""fault"", ""queue_capacity"": 4096, ""reorder_step_sec"": 0.05, ""reorder_window"": 0, ""uplink_delay_sec"": 0.0, ""uplink_loss_rate"": 0.0}, ""revision"": 4, ""semantics"": ""in-flight attempts retain their transmission configuration; new attempts use this revision"", ""world"": ""synthetic_component""}",1,10.0,1,0.0,339,,task_state,rally,0.0,True,transport_sample,,,0,,,,"{""downlink"": {""capacity"": 4096, ""in_flight"": 0, ""pending_reliable_or_unresolved"": 0, ""scheduled_events"": 0}}",tb1,0,,1,1,headquarters,24.0,,,0,,,,,,0,,,,23.0,,,0,,,,synthetic_component
,,0,,,,,,23.0,0.0,0.0,13.5,13.0,1.0,0.0,1.0,13.44999999931315,0,,,1.0,1.0,,,,0,0,0,0,0,0,0,0,0,0,0,0,0,0,0,0,0,0,0,0,0,0,0,0,0,0,0,0,0,0,0,0,0,0,uplink,13.75,p3c_runtime,10.25,"{""admission_protocol"": false, ""effective"": {""downlink"": {""ack_timeout_sec"": 5.0, ""blackout_intervals"": [], ""delay_sec"": 0.0, ""drop_types"": [], ""duplicate_rate"": 0.0, ""loss_rate"": 0.0, ""max_retries"": 2, ""queue_capacity"": 4096, ""reorder_step_sec"": 0.05, ""reorder_window"": 0, ""seed"": 610839777}, ""uplink"": {""ack_timeout_sec"": 5.0, ""blackout_intervals"": [], ""delay_sec"": 0.0, ""drop_types"": [], ""duplicate_rate"": 0.0, ""loss_rate"": 0.0, ""max_retries"": 2, ""queue_capacity"": 4096, ""reorder_step_sec"": 0.05, ""reorder_window"": 0, ""seed"": 324508638}}, ""effective_sim_time"": 21.0, ""episode_id"": ""p3c_runtime"", ""fault_control_enabled"": true, ""fault_seed"": 1, ""gazebo_seed"": 1, ""ledger_path"": ""/home/zhuyulab/ns3-workspace/ros2_ws/ros2-multi-robot-automap/log/p3c5/p3c_monitor_v11/ledger.jsonl"", ""mission_mode"": ""rally"", ""requested"": {""ack_timeout_sec"": 5.0, ""blackout_intervals"": ""[]"", ""downlink_delay_sec"": 0.0, ""downlink_loss_rate"": 0.0, ""drop_message_types"": """", ""duplicate_rate"": 0.0, ""max_retries"": 2, ""network_mode"": ""fault"", ""queue_capacity"": 4096, ""reorder_step_sec"": 0.05, ""reorder_window"": 0, ""uplink_delay_sec"": 0.0, ""uplink_loss_rate"": 0.0}, ""revision"": 4, ""semantics"": ""in-flight attempts retain their transmission configuration; new attempts use this revision"", ""world"": ""synthetic_component""}",1,10.0,1,0.0,339,,ack,rally,0.0,True,transport_sample,,,0,,,,"{""uplink"": {""capacity"": 4096, ""in_flight"": 0, ""pending_reliable_or_unresolved"": 0, ""scheduled_events"": 0}}",headquarters,0,,1,1,tb1,24.0,,,0,,,,,,0,,,,23.0,,,0,,,,synthetic_component
,,0,,,,,23.0,,0.0,0.0,,,1.0,1.0,0.0,,0,,,1.0,1.0,,,,0,0,0,0,0,0,0,0,0,0,0,0,0,0,0,0,0,0,0,0,0,0,0,0,0,0,0,0,0,0,0,0,0,0,uplink,13.75,p3c_runtime,10.25,"{""admission_protocol"": false, ""effective"": {""downlink"": {""ack_timeout_sec"": 5.0, ""blackout_intervals"": [], ""delay_sec"": 0.0, ""drop_types"": [], ""duplicate_rate"": 0.0, ""loss_rate"": 0.0, ""max_retries"": 2, ""queue_capacity"": 4096, ""reorder_step_sec"": 0.05, ""reorder_window"": 0, ""seed"": 610839777}, ""uplink"": {""ack_timeout_sec"": 5.0, ""blackout_intervals"": [], ""delay_sec"": 0.0, ""drop_types"": [], ""duplicate_rate"": 0.0, ""loss_rate"": 0.0, ""max_retries"": 2, ""queue_capacity"": 4096, ""reorder_step_sec"": 0.05, ""reorder_window"": 0, ""seed"": 324508638}}, ""effective_sim_time"": 21.0, ""episode_id"": ""p3c_runtime"", ""fault_control_enabled"": true, ""fault_seed"": 1, ""gazebo_seed"": 1, ""ledger_path"": ""/home/zhuyulab/ns3-workspace/ros2_ws/ros2-multi-robot-automap/log/p3c5/p3c_monitor_v11/ledger.jsonl"", ""mission_mode"": ""rally"", ""requested"": {""ack_timeout_sec"": 5.0, ""blackout_intervals"": ""[]"", ""downlink_delay_sec"": 0.0, ""downlink_loss_rate"": 0.0, ""drop_message_types"": """", ""duplicate_rate"": 0.0, ""max_retries"": 2, ""network_mode"": ""fault"", ""queue_capacity"": 4096, ""reorder_step_sec"": 0.05, ""reorder_window"": 0, ""uplink_delay_sec"": 0.0, ""uplink_loss_rate"": 0.0}, ""revision"": 4, ""semantics"": ""in-flight attempts retain their transmission configuration; new attempts use this revision"", ""world"": ""synthetic_component""}",1,5.0,1,0.0,339,,map_snapshot,rally,0.0,True,transport_sample,,,0,,,,"{""uplink"": {""capacity"": 4096, ""in_flight"": 0, ""pending_reliable_or_unresolved"": 0, ""scheduled_events"": 0}}",headquarters,0,,1,1,tb1,24.0,,,0,,,,,,0,,,,23.0,,,0,,,,synthetic_component
0.0,0.0,4,0.0,,,,,,1.0,1.0,0.5,0.375,1.0,0.0,1.0,0.48749999998835847,0,,,0.0,0.0,1.0,0.0,1.0,2832,4,2832,4,2832,4,2832,4,1,4,4,4,2832,2832,4,0,0,0,0,4,2832,4,0,0,0,0,0,0,0,0,0,0,0,0,uplink,13.75,p3c_runtime,10.25,"{""admission_protocol"": false, ""effective"": {""downlink"": {""ack_timeout_sec"": 5.0, ""blackout_intervals"": [], ""delay_sec"": 0.0, ""drop_types"": [], ""duplicate_rate"": 0.0, ""loss_rate"": 0.0, ""max_retries"": 2, ""queue_capacity"": 4096, ""reorder_step_sec"": 0.05, ""reorder_window"": 0, ""seed"": 610839777}, ""uplink"": {""ack_timeout_sec"": 5.0, ""blackout_intervals"": [], ""delay_sec"": 0.0, ""drop_types"": [], ""duplicate_rate"": 0.0, ""loss_rate"": 0.0, ""max_retries"": 2, ""queue_capacity"": 4096, ""reorder_step_sec"": 0.05, ""reorder_window"": 0, ""seed"": 324508638}}, ""effective_sim_time"": 21.0, ""episode_id"": ""p3c_runtime"", ""fault_control_enabled"": true, ""fault_seed"": 1, ""gazebo_seed"": 1, ""ledger_path"": ""/home/zhuyulab/ns3-workspace/ros2_ws/ros2-multi-robot-automap/log/p3c5/p3c_monitor_v11/ledger.jsonl"", ""mission_mode"": ""rally"", ""requested"": {""ack_timeout_sec"": 5.0, ""blackout_intervals"": ""[]"", ""downlink_delay_sec"": 0.0, ""downlink_loss_rate"": 0.0, ""drop_message_types"": """", ""duplicate_rate"": 0.0, ""max_retries"": 2, ""network_mode"": ""fault"", ""queue_capacity"": 4096, ""reorder_step_sec"": 0.05, ""reorder_window"": 0, ""uplink_delay_sec"": 0.0, ""uplink_loss_rate"": 0.0}, ""revision"": 4, ""semantics"": ""in-flight attempts retain their transmission configuration; new attempts use this revision"", ""world"": ""synthetic_component""}",1,2.0,1,2832.0,339,1.0,pose_state,rally,2832.0,True,transport_sample,0.0,0.0,4,0.0,,,"{""uplink"": {""capacity"": 4096, ""in_flight"": 0, ""pending_reliable_or_unresolved"": 0, ""scheduled_events"": 0}}",headquarters,0,0.0,1,1,tb1,24.0,0.25,0.25,4,0.25,,,0.0,0.0,4,0.0,,,23.0,0.0,0.0,4,0.0,,,synthetic_component
0.0,0.0,4,0.0,,,,24.0,24.0,0.3333333333333333,1.0,14.5,7.1875,3.0,1.0,2.0,14.399999998684507,0,,,2.0,2.0,1.0,0.0,1.0,2832,4,2832,4,2832,4,2832,4,1,4,4,4,2832,2832,4,0,0,0,0,4,2832,4,0,0,0,0,0,0,0,0,0,0,0,0,uplink,14.75,p3c_runtime,10.25,"{""admission_protocol"": false, ""effective"": {""downlink"": {""ack_timeout_sec"": 5.0, ""blackout_intervals"": [], ""delay_sec"": 0.0, ""drop_types"": [], ""duplicate_rate"": 0.0, ""loss_rate"": 0.0, ""max_retries"": 2, ""queue_capacity"": 4096, ""reorder_step_sec"": 0.05, ""reorder_window"": 0, ""seed"": 610839777}, ""uplink"": {""ack_timeout_sec"": 5.0, ""blackout_intervals"": [], ""delay_sec"": 0.0, ""drop_types"": [], ""duplicate_rate"": 0.0, ""loss_rate"": 0.0, ""max_retries"": 2, ""queue_capacity"": 4096, ""reorder_step_sec"": 0.05, ""reorder_window"": 0, ""seed"": 324508638}}, ""effective_sim_time"": 21.0, ""episode_id"": ""p3c_runtime"", ""fault_control_enabled"": true, ""fault_seed"": 1, ""gazebo_seed"": 1, ""ledger_path"": ""/home/zhuyulab/ns3-workspace/ros2_ws/ros2-multi-robot-automap/log/p3c5/p3c_monitor_v11/ledger.jsonl"", ""mission_mode"": ""rally"", ""requested"": {""ack_timeout_sec"": 5.0, ""blackout_intervals"": ""[]"", ""downlink_delay_sec"": 0.0, ""downlink_loss_rate"": 0.0, ""drop_message_types"": """", ""duplicate_rate"": 0.0, ""max_retries"": 2, ""network_mode"": ""fault"", ""queue_capacity"": 4096, ""reorder_step_sec"": 0.05, ""reorder_window"": 0, ""uplink_delay_sec"": 0.0, ""uplink_loss_rate"": 0.0}, ""revision"": 4, ""semantics"": ""in-flight attempts retain their transmission configuration; new attempts use this revision"", ""world"": ""synthetic_component""}",1,,1,2832.0,364,1.0,all,rally,2832.0,True,transport_sample,0.0,0.0,4,0.0,,,"{""uplink"": {""capacity"": 4096, ""in_flight"": 0, ""pending_reliable_or_unresolved"": 0, ""scheduled_events"": 0}}",all,0,0.0,1,1,all,25.0,0.25,0.25,4,0.25,,,0.0,0.0,4,0.0,,,24.0,0.0,0.0,4,0.0,,,synthetic_component
,,0,,,,,,24.0,0.0,0.0,14.75,14.25,1.0,0.0,1.0,14.699999998876592,0,,,1.0,1.0,,,,0,0,0,0,0,0,0,0,0,0,0,0,0,0,0,0,0,0,0,0,0,0,0,0,0,0,0,0,0,0,0,0,0,0,downlink,14.75,p3c_runtime,10.25,"{""admission_protocol"": false, ""effective"": {""downlink"": {""ack_timeout_sec"": 5.0, ""blackout_intervals"": [], ""delay_sec"": 0.0, ""drop_types"": [], ""duplicate_rate"": 0.0, ""loss_rate"": 0.0, ""max_retries"": 2, ""queue_capacity"": 4096, ""reorder_step_sec"": 0.05, ""reorder_window"": 0, ""seed"": 610839777}, ""uplink"": {""ack_timeout_sec"": 5.0, ""blackout_intervals"": [], ""delay_sec"": 0.0, ""drop_types"": [], ""duplicate_rate"": 0.0, ""loss_rate"": 0.0, ""max_retries"": 2, ""queue_capacity"": 4096, ""reorder_step_sec"": 0.05, ""reorder_window"": 0, ""seed"": 324508638}}, ""effective_sim_time"": 21.0, ""episode_id"": ""p3c_runtime"", ""fault_control_enabled"": true, ""fault_seed"": 1, ""gazebo_seed"": 1, ""ledger_path"": ""/home/zhuyulab/ns3-workspace/ros2_ws/ros2-multi-robot-automap/log/p3c5/p3c_monitor_v11/ledger.jsonl"", ""mission_mode"": ""rally"", ""requested"": {""ack_timeout_sec"": 5.0, ""blackout_intervals"": ""[]"", ""downlink_delay_sec"": 0.0, ""downlink_loss_rate"": 0.0, ""drop_message_types"": """", ""duplicate_rate"": 0.0, ""max_retries"": 2, ""network_mode"": ""fault"", ""queue_capacity"": 4096, ""reorder_step_sec"": 0.05, ""reorder_window"": 0, ""uplink_delay_sec"": 0.0, ""uplink_loss_rate"": 0.0}, ""revision"": 4, ""semantics"": ""in-flight attempts retain their transmission configuration; new attempts use this revision"", ""world"": ""synthetic_component""}",1,10.0,1,0.0,364,,all,rally,0.0,True,transport_sample,,,0,,,,"{""downlink"": {""capacity"": 4096, ""in_flight"": 0, ""pending_reliable_or_unresolved"": 0, ""scheduled_events"": 0}}",all,0,,1,1,all,25.0,,,0,,,,,,0,,,,24.0,,,0,,,,synthetic_component
,,0,,,,,,24.0,0.0,0.0,14.75,14.25,1.0,0.0,1.0,14.699999998876592,0,,,1.0,1.0,,,,0,0,0,0,0,0,0,0,0,0,0,0,0,0,0,0,0,0,0,0,0,0,0,0,0,0,0,0,0,0,0,0,0,0,downlink,14.75,p3c_runtime,10.25,"{""admission_protocol"": false, ""effective"": {""downlink"": {""ack_timeout_sec"": 5.0, ""blackout_intervals"": [], ""delay_sec"": 0.0, ""drop_types"": [], ""duplicate_rate"": 0.0, ""loss_rate"": 0.0, ""max_retries"": 2, ""queue_capacity"": 4096, ""reorder_step_sec"": 0.05, ""reorder_window"": 0, ""seed"": 610839777}, ""uplink"": {""ack_timeout_sec"": 5.0, ""blackout_intervals"": [], ""delay_sec"": 0.0, ""drop_types"": [], ""duplicate_rate"": 0.0, ""loss_rate"": 0.0, ""max_retries"": 2, ""queue_capacity"": 4096, ""reorder_step_sec"": 0.05, ""reorder_window"": 0, ""seed"": 324508638}}, ""effective_sim_time"": 21.0, ""episode_id"": ""p3c_runtime"", ""fault_control_enabled"": true, ""fault_seed"": 1, ""gazebo_seed"": 1, ""ledger_path"": ""/home/zhuyulab/ns3-workspace/ros2_ws/ros2-multi-robot-automap/log/p3c5/p3c_monitor_v11/ledger.jsonl"", ""mission_mode"": ""rally"", ""requested"": {""ack_timeout_sec"": 5.0, ""blackout_intervals"": ""[]"", ""downlink_delay_sec"": 0.0, ""downlink_loss_rate"": 0.0, ""drop_message_types"": """", ""duplicate_rate"": 0.0, ""max_retries"": 2, ""network_mode"": ""fault"", ""queue_capacity"": 4096, ""reorder_step_sec"": 0.05, ""reorder_window"": 0, ""uplink_delay_sec"": 0.0, ""uplink_loss_rate"": 0.0}, ""revision"": 4, ""semantics"": ""in-flight attempts retain their transmission configuration; new attempts use this revision"", ""world"": ""synthetic_component""}",1,10.0,1,0.0,364,,task_state,rally,0.0,True,transport_sample,,,0,,,,"{""downlink"": {""capacity"": 4096, ""in_flight"": 0, ""pending_reliable_or_unresolved"": 0, ""scheduled_events"": 0}}",all,0,,1,1,all,25.0,,,0,,,,,,0,,,,24.0,,,0,,,,synthetic_component
,,0,,,,,,24.0,0.0,0.0,14.5,14.0,1.0,0.0,1.0,14.449999998498242,0,,,1.0,1.0,,,,0,0,0,0,0,0,0,0,0,0,0,0,0,0,0,0,0,0,0,0,0,0,0,0,0,0,0,0,0,0,0,0,0,0,uplink,14.75,p3c_runtime,10.25,"{""admission_protocol"": false, ""effective"": {""downlink"": {""ack_timeout_sec"": 5.0, ""blackout_intervals"": [], ""delay_sec"": 0.0, ""drop_types"": [], ""duplicate_rate"": 0.0, ""loss_rate"": 0.0, ""max_retries"": 2, ""queue_capacity"": 4096, ""reorder_step_sec"": 0.05, ""reorder_window"": 0, ""seed"": 610839777}, ""uplink"": {""ack_timeout_sec"": 5.0, ""blackout_intervals"": [], ""delay_sec"": 0.0, ""drop_types"": [], ""duplicate_rate"": 0.0, ""loss_rate"": 0.0, ""max_retries"": 2, ""queue_capacity"": 4096, ""reorder_step_sec"": 0.05, ""reorder_window"": 0, ""seed"": 324508638}}, ""effective_sim_time"": 21.0, ""episode_id"": ""p3c_runtime"", ""fault_control_enabled"": true, ""fault_seed"": 1, ""gazebo_seed"": 1, ""ledger_path"": ""/home/zhuyulab/ns3-workspace/ros2_ws/ros2-multi-robot-automap/log/p3c5/p3c_monitor_v11/ledger.jsonl"", ""mission_mode"": ""rally"", ""requested"": {""ack_timeout_sec"": 5.0, ""blackout_intervals"": ""[]"", ""downlink_delay_sec"": 0.0, ""downlink_loss_rate"": 0.0, ""drop_message_types"": """", ""duplicate_rate"": 0.0, ""max_retries"": 2, ""network_mode"": ""fault"", ""queue_capacity"": 4096, ""reorder_step_sec"": 0.05, ""reorder_window"": 0, ""uplink_delay_sec"": 0.0, ""uplink_loss_rate"": 0.0}, ""revision"": 4, ""semantics"": ""in-flight attempts retain their transmission configuration; new attempts use this revision"", ""world"": ""synthetic_component""}",1,10.0,1,0.0,364,,ack,rally,0.0,True,transport_sample,,,0,,,,"{""uplink"": {""capacity"": 4096, ""in_flight"": 0, ""pending_reliable_or_unresolved"": 0, ""scheduled_events"": 0}}",all,0,,1,1,all,25.0,,,0,,,,,,0,,,,24.0,,,0,,,,synthetic_component
,,0,,,,,24.0,,0.0,0.0,,,1.0,1.0,0.0,,0,,,1.0,1.0,,,,0,0,0,0,0,0,0,0,0,0,0,0,0,0,0,0,0,0,0,0,0,0,0,0,0,0,0,0,0,0,0,0,0,0,uplink,14.75,p3c_runtime,10.25,"{""admission_protocol"": false, ""effective"": {""downlink"": {""ack_timeout_sec"": 5.0, ""blackout_intervals"": [], ""delay_sec"": 0.0, ""drop_types"": [], ""duplicate_rate"": 0.0, ""loss_rate"": 0.0, ""max_retries"": 2, ""queue_capacity"": 4096, ""reorder_step_sec"": 0.05, ""reorder_window"": 0, ""seed"": 610839777}, ""uplink"": {""ack_timeout_sec"": 5.0, ""blackout_intervals"": [], ""delay_sec"": 0.0, ""drop_types"": [], ""duplicate_rate"": 0.0, ""loss_rate"": 0.0, ""max_retries"": 2, ""queue_capacity"": 4096, ""reorder_step_sec"": 0.05, ""reorder_window"": 0, ""seed"": 324508638}}, ""effective_sim_time"": 21.0, ""episode_id"": ""p3c_runtime"", ""fault_control_enabled"": true, ""fault_seed"": 1, ""gazebo_seed"": 1, ""ledger_path"": ""/home/zhuyulab/ns3-workspace/ros2_ws/ros2-multi-robot-automap/log/p3c5/p3c_monitor_v11/ledger.jsonl"", ""mission_mode"": ""rally"", ""requested"": {""ack_timeout_sec"": 5.0, ""blackout_intervals"": ""[]"", ""downlink_delay_sec"": 0.0, ""downlink_loss_rate"": 0.0, ""drop_message_types"": """", ""duplicate_rate"": 0.0, ""max_retries"": 2, ""network_mode"": ""fault"", ""queue_capacity"": 4096, ""reorder_step_sec"": 0.05, ""reorder_window"": 0, ""uplink_delay_sec"": 0.0, ""uplink_loss_rate"": 0.0}, ""revision"": 4, ""semantics"": ""in-flight attempts retain their transmission configuration; new attempts use this revision"", ""world"": ""synthetic_component""}",1,5.0,1,0.0,364,,map_snapshot,rally,0.0,True,transport_sample,,,0,,,,"{""uplink"": {""capacity"": 4096, ""in_flight"": 0, ""pending_reliable_or_unresolved"": 0, ""scheduled_events"": 0}}",all,0,,1,1,all,25.0,,,0,,,,,,0,,,,24.0,,,0,,,,synthetic_component
0.0,0.0,4,0.0,,,,,,1.0,1.0,0.5,0.375,1.0,0.0,1.0,0.48749999998835847,0,,,0.0,0.0,1.0,0.0,1.0,2832,4,2832,4,2832,4,2832,4,1,4,4,4,2832,2832,4,0,0,0,0,4,2832,4,0,0,0,0,0,0,0,0,0,0,0,0,uplink,14.75,p3c_runtime,10.25,"{""admission_protocol"": false, ""effective"": {""downlink"": {""ack_timeout_sec"": 5.0, ""blackout_intervals"": [], ""delay_sec"": 0.0, ""drop_types"": [], ""duplicate_rate"": 0.0, ""loss_rate"": 0.0, ""max_retries"": 2, ""queue_capacity"": 4096, ""reorder_step_sec"": 0.05, ""reorder_window"": 0, ""seed"": 610839777}, ""uplink"": {""ack_timeout_sec"": 5.0, ""blackout_intervals"": [], ""delay_sec"": 0.0, ""drop_types"": [], ""duplicate_rate"": 0.0, ""loss_rate"": 0.0, ""max_retries"": 2, ""queue_capacity"": 4096, ""reorder_step_sec"": 0.05, ""reorder_window"": 0, ""seed"": 324508638}}, ""effective_sim_time"": 21.0, ""episode_id"": ""p3c_runtime"", ""fault_control_enabled"": true, ""fault_seed"": 1, ""gazebo_seed"": 1, ""ledger_path"": ""/home/zhuyulab/ns3-workspace/ros2_ws/ros2-multi-robot-automap/log/p3c5/p3c_monitor_v11/ledger.jsonl"", ""mission_mode"": ""rally"", ""requested"": {""ack_timeout_sec"": 5.0, ""blackout_intervals"": ""[]"", ""downlink_delay_sec"": 0.0, ""downlink_loss_rate"": 0.0, ""drop_message_types"": """", ""duplicate_rate"": 0.0, ""max_retries"": 2, ""network_mode"": ""fault"", ""queue_capacity"": 4096, ""reorder_step_sec"": 0.05, ""reorder_window"": 0, ""uplink_delay_sec"": 0.0, ""uplink_loss_rate"": 0.0}, ""revision"": 4, ""semantics"": ""in-flight attempts retain their transmission configuration; new attempts use this revision"", ""world"": ""synthetic_component""}",1,2.0,1,2832.0,364,1.0,pose_state,rally,2832.0,True,transport_sample,0.0,0.0,4,0.0,,,"{""uplink"": {""capacity"": 4096, ""in_flight"": 0, ""pending_reliable_or_unresolved"": 0, ""scheduled_events"": 0}}",all,0,0.0,1,1,all,25.0,0.25,0.25,4,0.25,,,0.0,0.0,4,0.0,,,24.0,0.0,0.0,4,0.0,,,synthetic_component
,,0,,,,,,24.0,0.0,0.0,14.75,14.25,1.0,0.0,1.0,14.699999998876592,0,,,1.0,1.0,,,,0,0,0,0,0,0,0,0,0,0,0,0,0,0,0,0,0,0,0,0,0,0,0,0,0,0,0,0,0,0,0,0,0,0,downlink,14.75,p3c_runtime,10.25,"{""admission_protocol"": false, ""effective"": {""downlink"": {""ack_timeout_sec"": 5.0, ""blackout_intervals"": [], ""delay_sec"": 0.0, ""drop_types"": [], ""duplicate_rate"": 0.0, ""loss_rate"": 0.0, ""max_retries"": 2, ""queue_capacity"": 4096, ""reorder_step_sec"": 0.05, ""reorder_window"": 0, ""seed"": 610839777}, ""uplink"": {""ack_timeout_sec"": 5.0, ""blackout_intervals"": [], ""delay_sec"": 0.0, ""drop_types"": [], ""duplicate_rate"": 0.0, ""loss_rate"": 0.0, ""max_retries"": 2, ""queue_capacity"": 4096, ""reorder_step_sec"": 0.05, ""reorder_window"": 0, ""seed"": 324508638}}, ""effective_sim_time"": 21.0, ""episode_id"": ""p3c_runtime"", ""fault_control_enabled"": true, ""fault_seed"": 1, ""gazebo_seed"": 1, ""ledger_path"": ""/home/zhuyulab/ns3-workspace/ros2_ws/ros2-multi-robot-automap/log/p3c5/p3c_monitor_v11/ledger.jsonl"", ""mission_mode"": ""rally"", ""requested"": {""ack_timeout_sec"": 5.0, ""blackout_intervals"": ""[]"", ""downlink_delay_sec"": 0.0, ""downlink_loss_rate"": 0.0, ""drop_message_types"": """", ""duplicate_rate"": 0.0, ""max_retries"": 2, ""network_mode"": ""fault"", ""queue_capacity"": 4096, ""reorder_step_sec"": 0.05, ""reorder_window"": 0, ""uplink_delay_sec"": 0.0, ""uplink_loss_rate"": 0.0}, ""revision"": 4, ""semantics"": ""in-flight attempts retain their transmission configuration; new attempts use this revision"", ""world"": ""synthetic_component""}",1,10.0,1,0.0,364,,task_state,rally,0.0,True,transport_sample,,,0,,,,"{""downlink"": {""capacity"": 4096, ""in_flight"": 0, ""pending_reliable_or_unresolved"": 0, ""scheduled_events"": 0}}",tb1,0,,1,1,headquarters,25.0,,,0,,,,,,0,,,,24.0,,,0,,,,synthetic_component
,,0,,,,,,24.0,0.0,0.0,14.5,14.0,1.0,0.0,1.0,14.449999998498242,0,,,1.0,1.0,,,,0,0,0,0,0,0,0,0,0,0,0,0,0,0,0,0,0,0,0,0,0,0,0,0,0,0,0,0,0,0,0,0,0,0,uplink,14.75,p3c_runtime,10.25,"{""admission_protocol"": false, ""effective"": {""downlink"": {""ack_timeout_sec"": 5.0, ""blackout_intervals"": [], ""delay_sec"": 0.0, ""drop_types"": [], ""duplicate_rate"": 0.0, ""loss_rate"": 0.0, ""max_retries"": 2, ""queue_capacity"": 4096, ""reorder_step_sec"": 0.05, ""reorder_window"": 0, ""seed"": 610839777}, ""uplink"": {""ack_timeout_sec"": 5.0, ""blackout_intervals"": [], ""delay_sec"": 0.0, ""drop_types"": [], ""duplicate_rate"": 0.0, ""loss_rate"": 0.0, ""max_retries"": 2, ""queue_capacity"": 4096, ""reorder_step_sec"": 0.05, ""reorder_window"": 0, ""seed"": 324508638}}, ""effective_sim_time"": 21.0, ""episode_id"": ""p3c_runtime"", ""fault_control_enabled"": true, ""fault_seed"": 1, ""gazebo_seed"": 1, ""ledger_path"": ""/home/zhuyulab/ns3-workspace/ros2_ws/ros2-multi-robot-automap/log/p3c5/p3c_monitor_v11/ledger.jsonl"", ""mission_mode"": ""rally"", ""requested"": {""ack_timeout_sec"": 5.0, ""blackout_intervals"": ""[]"", ""downlink_delay_sec"": 0.0, ""downlink_loss_rate"": 0.0, ""drop_message_types"": """", ""duplicate_rate"": 0.0, ""max_retries"": 2, ""network_mode"": ""fault"", ""queue_capacity"": 4096, ""reorder_step_sec"": 0.05, ""reorder_window"": 0, ""uplink_delay_sec"": 0.0, ""uplink_loss_rate"": 0.0}, ""revision"": 4, ""semantics"": ""in-flight attempts retain their transmission configuration; new attempts use this revision"", ""world"": ""synthetic_component""}",1,10.0,1,0.0,364,,ack,rally,0.0,True,transport_sample,,,0,,,,"{""uplink"": {""capacity"": 4096, ""in_flight"": 0, ""pending_reliable_or_unresolved"": 0, ""scheduled_events"": 0}}",headquarters,0,,1,1,tb1,25.0,,,0,,,,,,0,,,,24.0,,,0,,,,synthetic_component
,,0,,,,,24.0,,0.0,0.0,,,1.0,1.0,0.0,,0,,,1.0,1.0,,,,0,0,0,0,0,0,0,0,0,0,0,0,0,0,0,0,0,0,0,0,0,0,0,0,0,0,0,0,0,0,0,0,0,0,uplink,14.75,p3c_runtime,10.25,"{""admission_protocol"": false, ""effective"": {""downlink"": {""ack_timeout_sec"": 5.0, ""blackout_intervals"": [], ""delay_sec"": 0.0, ""drop_types"": [], ""duplicate_rate"": 0.0, ""loss_rate"": 0.0, ""max_retries"": 2, ""queue_capacity"": 4096, ""reorder_step_sec"": 0.05, ""reorder_window"": 0, ""seed"": 610839777}, ""uplink"": {""ack_timeout_sec"": 5.0, ""blackout_intervals"": [], ""delay_sec"": 0.0, ""drop_types"": [], ""duplicate_rate"": 0.0, ""loss_rate"": 0.0, ""max_retries"": 2, ""queue_capacity"": 4096, ""reorder_step_sec"": 0.05, ""reorder_window"": 0, ""seed"": 324508638}}, ""effective_sim_time"": 21.0, ""episode_id"": ""p3c_runtime"", ""fault_control_enabled"": true, ""fault_seed"": 1, ""gazebo_seed"": 1, ""ledger_path"": ""/home/zhuyulab/ns3-workspace/ros2_ws/ros2-multi-robot-automap/log/p3c5/p3c_monitor_v11/ledger.jsonl"", ""mission_mode"": ""rally"", ""requested"": {""ack_timeout_sec"": 5.0, ""blackout_intervals"": ""[]"", ""downlink_delay_sec"": 0.0, ""downlink_loss_rate"": 0.0, ""drop_message_types"": """", ""duplicate_rate"": 0.0, ""max_retries"": 2, ""network_mode"": ""fault"", ""queue_capacity"": 4096, ""reorder_step_sec"": 0.05, ""reorder_window"": 0, ""uplink_delay_sec"": 0.0, ""uplink_loss_rate"": 0.0}, ""revision"": 4, ""semantics"": ""in-flight attempts retain their transmission configuration; new attempts use this revision"", ""world"": ""synthetic_component""}",1,5.0,1,0.0,364,,map_snapshot,rally,0.0,True,transport_sample,,,0,,,,"{""uplink"": {""capacity"": 4096, ""in_flight"": 0, ""pending_reliable_or_unresolved"": 0, ""scheduled_events"": 0}}",headquarters,0,,1,1,tb1,25.0,,,0,,,,,,0,,,,24.0,,,0,,,,synthetic_component
0.0,0.0,4,0.0,,,,,,1.0,1.0,0.5,0.375,1.0,0.0,1.0,0.48749999998835847,0,,,0.0,0.0,1.0,0.0,1.0,2832,4,2832,4,2832,4,2832,4,1,4,4,4,2832,2832,4,0,0,0,0,4,2832,4,0,0,0,0,0,0,0,0,0,0,0,0,uplink,14.75,p3c_runtime,10.25,"{""admission_protocol"": false, ""effective"": {""downlink"": {""ack_timeout_sec"": 5.0, ""blackout_intervals"": [], ""delay_sec"": 0.0, ""drop_types"": [], ""duplicate_rate"": 0.0, ""loss_rate"": 0.0, ""max_retries"": 2, ""queue_capacity"": 4096, ""reorder_step_sec"": 0.05, ""reorder_window"": 0, ""seed"": 610839777}, ""uplink"": {""ack_timeout_sec"": 5.0, ""blackout_intervals"": [], ""delay_sec"": 0.0, ""drop_types"": [], ""duplicate_rate"": 0.0, ""loss_rate"": 0.0, ""max_retries"": 2, ""queue_capacity"": 4096, ""reorder_step_sec"": 0.05, ""reorder_window"": 0, ""seed"": 324508638}}, ""effective_sim_time"": 21.0, ""episode_id"": ""p3c_runtime"", ""fault_control_enabled"": true, ""fault_seed"": 1, ""gazebo_seed"": 1, ""ledger_path"": ""/home/zhuyulab/ns3-workspace/ros2_ws/ros2-multi-robot-automap/log/p3c5/p3c_monitor_v11/ledger.jsonl"", ""mission_mode"": ""rally"", ""requested"": {""ack_timeout_sec"": 5.0, ""blackout_intervals"": ""[]"", ""downlink_delay_sec"": 0.0, ""downlink_loss_rate"": 0.0, ""drop_message_types"": """", ""duplicate_rate"": 0.0, ""max_retries"": 2, ""network_mode"": ""fault"", ""queue_capacity"": 4096, ""reorder_step_sec"": 0.05, ""reorder_window"": 0, ""uplink_delay_sec"": 0.0, ""uplink_loss_rate"": 0.0}, ""revision"": 4, ""semantics"": ""in-flight attempts retain their transmission configuration; new attempts use this revision"", ""world"": ""synthetic_component""}",1,2.0,1,2832.0,364,1.0,pose_state,rally,2832.0,True,transport_sample,0.0,0.0,4,0.0,,,"{""uplink"": {""capacity"": 4096, ""in_flight"": 0, ""pending_reliable_or_unresolved"": 0, ""scheduled_events"": 0}}",headquarters,0,0.0,1,1,tb1,25.0,0.25,0.25,4,0.25,,,0.0,0.0,4,0.0,,,24.0,0.0,0.0,4,0.0,,,synthetic_component
0.0,0.0,4,0.0,,,,25.0,25.0,0.3333333333333333,1.0,15.5,7.6875,3.0,1.0,2.0,15.399999999732245,0,,,2.0,2.0,1.0,0.0,1.0,2832,4,2832,4,2832,4,2832,4,1,4,4,4,2832,2832,4,0,0,0,0,4,2832,4,0,0,0,0,0,0,0,0,0,0,0,0,uplink,15.75,p3c_runtime,10.25,"{""admission_protocol"": false, ""effective"": {""downlink"": {""ack_timeout_sec"": 5.0, ""blackout_intervals"": [], ""delay_sec"": 0.0, ""drop_types"": [], ""duplicate_rate"": 0.0, ""loss_rate"": 0.0, ""max_retries"": 2, ""queue_capacity"": 4096, ""reorder_step_sec"": 0.05, ""reorder_window"": 0, ""seed"": 610839777}, ""uplink"": {""ack_timeout_sec"": 5.0, ""blackout_intervals"": [], ""delay_sec"": 0.0, ""drop_types"": [], ""duplicate_rate"": 0.0, ""loss_rate"": 0.0, ""max_retries"": 2, ""queue_capacity"": 4096, ""reorder_step_sec"": 0.05, ""reorder_window"": 0, ""seed"": 324508638}}, ""effective_sim_time"": 21.0, ""episode_id"": ""p3c_runtime"", ""fault_control_enabled"": true, ""fault_seed"": 1, ""gazebo_seed"": 1, ""ledger_path"": ""/home/zhuyulab/ns3-workspace/ros2_ws/ros2-multi-robot-automap/log/p3c5/p3c_monitor_v11/ledger.jsonl"", ""mission_mode"": ""rally"", ""requested"": {""ack_timeout_sec"": 5.0, ""blackout_intervals"": ""[]"", ""downlink_delay_sec"": 0.0, ""downlink_loss_rate"": 0.0, ""drop_message_types"": """", ""duplicate_rate"": 0.0, ""max_retries"": 2, ""network_mode"": ""fault"", ""queue_capacity"": 4096, ""reorder_step_sec"": 0.05, ""reorder_window"": 0, ""uplink_delay_sec"": 0.0, ""uplink_loss_rate"": 0.0}, ""revision"": 4, ""semantics"": ""in-flight attempts retain their transmission configuration; new attempts use this revision"", ""world"": ""synthetic_component""}",1,,1,2832.0,389,1.0,all,rally,2832.0,True,transport_sample,0.0,0.0,4,0.0,,,"{""uplink"": {""capacity"": 4096, ""in_flight"": 0, ""pending_reliable_or_unresolved"": 0, ""scheduled_events"": 0}}",all,0,0.0,1,1,all,26.0,0.25,0.25,4,0.25,,,0.0,0.0,4,0.0,,,25.0,0.0,0.0,4,0.0,,,synthetic_component
,,0,,,,,,25.0,0.0,0.0,15.75,15.25,1.0,0.0,1.0,15.700000001146691,0,,,1.0,1.0,,,,0,0,0,0,0,0,0,0,0,0,0,0,0,0,0,0,0,0,0,0,0,0,0,0,0,0,0,0,0,0,0,0,0,0,downlink,15.75,p3c_runtime,10.25,"{""admission_protocol"": false, ""effective"": {""downlink"": {""ack_timeout_sec"": 5.0, ""blackout_intervals"": [], ""delay_sec"": 0.0, ""drop_types"": [], ""duplicate_rate"": 0.0, ""loss_rate"": 0.0, ""max_retries"": 2, ""queue_capacity"": 4096, ""reorder_step_sec"": 0.05, ""reorder_window"": 0, ""seed"": 610839777}, ""uplink"": {""ack_timeout_sec"": 5.0, ""blackout_intervals"": [], ""delay_sec"": 0.0, ""drop_types"": [], ""duplicate_rate"": 0.0, ""loss_rate"": 0.0, ""max_retries"": 2, ""queue_capacity"": 4096, ""reorder_step_sec"": 0.05, ""reorder_window"": 0, ""seed"": 324508638}}, ""effective_sim_time"": 21.0, ""episode_id"": ""p3c_runtime"", ""fault_control_enabled"": true, ""fault_seed"": 1, ""gazebo_seed"": 1, ""ledger_path"": ""/home/zhuyulab/ns3-workspace/ros2_ws/ros2-multi-robot-automap/log/p3c5/p3c_monitor_v11/ledger.jsonl"", ""mission_mode"": ""rally"", ""requested"": {""ack_timeout_sec"": 5.0, ""blackout_intervals"": ""[]"", ""downlink_delay_sec"": 0.0, ""downlink_loss_rate"": 0.0, ""drop_message_types"": """", ""duplicate_rate"": 0.0, ""max_retries"": 2, ""network_mode"": ""fault"", ""queue_capacity"": 4096, ""reorder_step_sec"": 0.05, ""reorder_window"": 0, ""uplink_delay_sec"": 0.0, ""uplink_loss_rate"": 0.0}, ""revision"": 4, ""semantics"": ""in-flight attempts retain their transmission configuration; new attempts use this revision"", ""world"": ""synthetic_component""}",1,10.0,1,0.0,389,,all,rally,0.0,True,transport_sample,,,0,,,,"{""downlink"": {""capacity"": 4096, ""in_flight"": 0, ""pending_reliable_or_unresolved"": 0, ""scheduled_events"": 0}}",all,0,,1,1,all,26.0,,,0,,,,,,0,,,,25.0,,,0,,,,synthetic_component
,,0,,,,,,25.0,0.0,0.0,15.75,15.25,1.0,0.0,1.0,15.700000001146691,0,,,1.0,1.0,,,,0,0,0,0,0,0,0,0,0,0,0,0,0,0,0,0,0,0,0,0,0,0,0,0,0,0,0,0,0,0,0,0,0,0,downlink,15.75,p3c_runtime,10.25,"{""admission_protocol"": false, ""effective"": {""downlink"": {""ack_timeout_sec"": 5.0, ""blackout_intervals"": [], ""delay_sec"": 0.0, ""drop_types"": [], ""duplicate_rate"": 0.0, ""loss_rate"": 0.0, ""max_retries"": 2, ""queue_capacity"": 4096, ""reorder_step_sec"": 0.05, ""reorder_window"": 0, ""seed"": 610839777}, ""uplink"": {""ack_timeout_sec"": 5.0, ""blackout_intervals"": [], ""delay_sec"": 0.0, ""drop_types"": [], ""duplicate_rate"": 0.0, ""loss_rate"": 0.0, ""max_retries"": 2, ""queue_capacity"": 4096, ""reorder_step_sec"": 0.05, ""reorder_window"": 0, ""seed"": 324508638}}, ""effective_sim_time"": 21.0, ""episode_id"": ""p3c_runtime"", ""fault_control_enabled"": true, ""fault_seed"": 1, ""gazebo_seed"": 1, ""ledger_path"": ""/home/zhuyulab/ns3-workspace/ros2_ws/ros2-multi-robot-automap/log/p3c5/p3c_monitor_v11/ledger.jsonl"", ""mission_mode"": ""rally"", ""requested"": {""ack_timeout_sec"": 5.0, ""blackout_intervals"": ""[]"", ""downlink_delay_sec"": 0.0, ""downlink_loss_rate"": 0.0, ""drop_message_types"": """", ""duplicate_rate"": 0.0, ""max_retries"": 2, ""network_mode"": ""fault"", ""queue_capacity"": 4096, ""reorder_step_sec"": 0.05, ""reorder_window"": 0, ""uplink_delay_sec"": 0.0, ""uplink_loss_rate"": 0.0}, ""revision"": 4, ""semantics"": ""in-flight attempts retain their transmission configuration; new attempts use this revision"", ""world"": ""synthetic_component""}",1,10.0,1,0.0,389,,task_state,rally,0.0,True,transport_sample,,,0,,,,"{""downlink"": {""capacity"": 4096, ""in_flight"": 0, ""pending_reliable_or_unresolved"": 0, ""scheduled_events"": 0}}",all,0,,1,1,all,26.0,,,0,,,,,,0,,,,25.0,,,0,,,,synthetic_component
,,0,,,,,,25.0,0.0,0.0,15.5,15.0,1.0,0.0,1.0,15.449999998963904,0,,,1.0,1.0,,,,0,0,0,0,0,0,0,0,0,0,0,0,0,0,0,0,0,0,0,0,0,0,0,0,0,0,0,0,0,0,0,0,0,0,uplink,15.75,p3c_runtime,10.25,"{""admission_protocol"": false, ""effective"": {""downlink"": {""ack_timeout_sec"": 5.0, ""blackout_intervals"": [], ""delay_sec"": 0.0, ""drop_types"": [], ""duplicate_rate"": 0.0, ""loss_rate"": 0.0, ""max_retries"": 2, ""queue_capacity"": 4096, ""reorder_step_sec"": 0.05, ""reorder_window"": 0, ""seed"": 610839777}, ""uplink"": {""ack_timeout_sec"": 5.0, ""blackout_intervals"": [], ""delay_sec"": 0.0, ""drop_types"": [], ""duplicate_rate"": 0.0, ""loss_rate"": 0.0, ""max_retries"": 2, ""queue_capacity"": 4096, ""reorder_step_sec"": 0.05, ""reorder_window"": 0, ""seed"": 324508638}}, ""effective_sim_time"": 21.0, ""episode_id"": ""p3c_runtime"", ""fault_control_enabled"": true, ""fault_seed"": 1, ""gazebo_seed"": 1, ""ledger_path"": ""/home/zhuyulab/ns3-workspace/ros2_ws/ros2-multi-robot-automap/log/p3c5/p3c_monitor_v11/ledger.jsonl"", ""mission_mode"": ""rally"", ""requested"": {""ack_timeout_sec"": 5.0, ""blackout_intervals"": ""[]"", ""downlink_delay_sec"": 0.0, ""downlink_loss_rate"": 0.0, ""drop_message_types"": """", ""duplicate_rate"": 0.0, ""max_retries"": 2, ""network_mode"": ""fault"", ""queue_capacity"": 4096, ""reorder_step_sec"": 0.05, ""reorder_window"": 0, ""uplink_delay_sec"": 0.0, ""uplink_loss_rate"": 0.0}, ""revision"": 4, ""semantics"": ""in-flight attempts retain their transmission configuration; new attempts use this revision"", ""world"": ""synthetic_component""}",1,10.0,1,0.0,389,,ack,rally,0.0,True,transport_sample,,,0,,,,"{""uplink"": {""capacity"": 4096, ""in_flight"": 0, ""pending_reliable_or_unresolved"": 0, ""scheduled_events"": 0}}",all,0,,1,1,all,26.0,,,0,,,,,,0,,,,25.0,,,0,,,,synthetic_component
,,0,,,,,25.0,,0.0,0.0,,,1.0,1.0,0.0,,0,,,1.0,1.0,,,,0,0,0,0,0,0,0,0,0,0,0,0,0,0,0,0,0,0,0,0,0,0,0,0,0,0,0,0,0,0,0,0,0,0,uplink,15.75,p3c_runtime,10.25,"{""admission_protocol"": false, ""effective"": {""downlink"": {""ack_timeout_sec"": 5.0, ""blackout_intervals"": [], ""delay_sec"": 0.0, ""drop_types"": [], ""duplicate_rate"": 0.0, ""loss_rate"": 0.0, ""max_retries"": 2, ""queue_capacity"": 4096, ""reorder_step_sec"": 0.05, ""reorder_window"": 0, ""seed"": 610839777}, ""uplink"": {""ack_timeout_sec"": 5.0, ""blackout_intervals"": [], ""delay_sec"": 0.0, ""drop_types"": [], ""duplicate_rate"": 0.0, ""loss_rate"": 0.0, ""max_retries"": 2, ""queue_capacity"": 4096, ""reorder_step_sec"": 0.05, ""reorder_window"": 0, ""seed"": 324508638}}, ""effective_sim_time"": 21.0, ""episode_id"": ""p3c_runtime"", ""fault_control_enabled"": true, ""fault_seed"": 1, ""gazebo_seed"": 1, ""ledger_path"": ""/home/zhuyulab/ns3-workspace/ros2_ws/ros2-multi-robot-automap/log/p3c5/p3c_monitor_v11/ledger.jsonl"", ""mission_mode"": ""rally"", ""requested"": {""ack_timeout_sec"": 5.0, ""blackout_intervals"": ""[]"", ""downlink_delay_sec"": 0.0, ""downlink_loss_rate"": 0.0, ""drop_message_types"": """", ""duplicate_rate"": 0.0, ""max_retries"": 2, ""network_mode"": ""fault"", ""queue_capacity"": 4096, ""reorder_step_sec"": 0.05, ""reorder_window"": 0, ""uplink_delay_sec"": 0.0, ""uplink_loss_rate"": 0.0}, ""revision"": 4, ""semantics"": ""in-flight attempts retain their transmission configuration; new attempts use this revision"", ""world"": ""synthetic_component""}",1,5.0,1,0.0,389,,map_snapshot,rally,0.0,True,transport_sample,,,0,,,,"{""uplink"": {""capacity"": 4096, ""in_flight"": 0, ""pending_reliable_or_unresolved"": 0, ""scheduled_events"": 0}}",all,0,,1,1,all,26.0,,,0,,,,,,0,,,,25.0,,,0,,,,synthetic_component
0.0,0.0,4,0.0,,,,,,1.0,1.0,0.5,0.375,1.0,0.0,1.0,0.48749999998835847,0,,,0.0,0.0,1.0,0.0,1.0,2832,4,2832,4,2832,4,2832,4,1,4,4,4,2832,2832,4,0,0,0,0,4,2832,4,0,0,0,0,0,0,0,0,0,0,0,0,uplink,15.75,p3c_runtime,10.25,"{""admission_protocol"": false, ""effective"": {""downlink"": {""ack_timeout_sec"": 5.0, ""blackout_intervals"": [], ""delay_sec"": 0.0, ""drop_types"": [], ""duplicate_rate"": 0.0, ""loss_rate"": 0.0, ""max_retries"": 2, ""queue_capacity"": 4096, ""reorder_step_sec"": 0.05, ""reorder_window"": 0, ""seed"": 610839777}, ""uplink"": {""ack_timeout_sec"": 5.0, ""blackout_intervals"": [], ""delay_sec"": 0.0, ""drop_types"": [], ""duplicate_rate"": 0.0, ""loss_rate"": 0.0, ""max_retries"": 2, ""queue_capacity"": 4096, ""reorder_step_sec"": 0.05, ""reorder_window"": 0, ""seed"": 324508638}}, ""effective_sim_time"": 21.0, ""episode_id"": ""p3c_runtime"", ""fault_control_enabled"": true, ""fault_seed"": 1, ""gazebo_seed"": 1, ""ledger_path"": ""/home/zhuyulab/ns3-workspace/ros2_ws/ros2-multi-robot-automap/log/p3c5/p3c_monitor_v11/ledger.jsonl"", ""mission_mode"": ""rally"", ""requested"": {""ack_timeout_sec"": 5.0, ""blackout_intervals"": ""[]"", ""downlink_delay_sec"": 0.0, ""downlink_loss_rate"": 0.0, ""drop_message_types"": """", ""duplicate_rate"": 0.0, ""max_retries"": 2, ""network_mode"": ""fault"", ""queue_capacity"": 4096, ""reorder_step_sec"": 0.05, ""reorder_window"": 0, ""uplink_delay_sec"": 0.0, ""uplink_loss_rate"": 0.0}, ""revision"": 4, ""semantics"": ""in-flight attempts retain their transmission configuration; new attempts use this revision"", ""world"": ""synthetic_component""}",1,2.0,1,2832.0,389,1.0,pose_state,rally,2832.0,True,transport_sample,0.0,0.0,4,0.0,,,"{""uplink"": {""capacity"": 4096, ""in_flight"": 0, ""pending_reliable_or_unresolved"": 0, ""scheduled_events"": 0}}",all,0,0.0,1,1,all,26.0,0.25,0.25,4,0.25,,,0.0,0.0,4,0.0,,,25.0,0.0,0.0,4,0.0,,,synthetic_component
,,0,,,,,,25.0,0.0,0.0,15.75,15.25,1.0,0.0,1.0,15.700000001146691,0,,,1.0,1.0,,,,0,0,0,0,0,0,0,0,0,0,0,0,0,0,0,0,0,0,0,0,0,0,0,0,0,0,0,0,0,0,0,0,0,0,downlink,15.75,p3c_runtime,10.25,"{""admission_protocol"": false, ""effective"": {""downlink"": {""ack_timeout_sec"": 5.0, ""blackout_intervals"": [], ""delay_sec"": 0.0, ""drop_types"": [], ""duplicate_rate"": 0.0, ""loss_rate"": 0.0, ""max_retries"": 2, ""queue_capacity"": 4096, ""reorder_step_sec"": 0.05, ""reorder_window"": 0, ""seed"": 610839777}, ""uplink"": {""ack_timeout_sec"": 5.0, ""blackout_intervals"": [], ""delay_sec"": 0.0, ""drop_types"": [], ""duplicate_rate"": 0.0, ""loss_rate"": 0.0, ""max_retries"": 2, ""queue_capacity"": 4096, ""reorder_step_sec"": 0.05, ""reorder_window"": 0, ""seed"": 324508638}}, ""effective_sim_time"": 21.0, ""episode_id"": ""p3c_runtime"", ""fault_control_enabled"": true, ""fault_seed"": 1, ""gazebo_seed"": 1, ""ledger_path"": ""/home/zhuyulab/ns3-workspace/ros2_ws/ros2-multi-robot-automap/log/p3c5/p3c_monitor_v11/ledger.jsonl"", ""mission_mode"": ""rally"", ""requested"": {""ack_timeout_sec"": 5.0, ""blackout_intervals"": ""[]"", ""downlink_delay_sec"": 0.0, ""downlink_loss_rate"": 0.0, ""drop_message_types"": """", ""duplicate_rate"": 0.0, ""max_retries"": 2, ""network_mode"": ""fault"", ""queue_capacity"": 4096, ""reorder_step_sec"": 0.05, ""reorder_window"": 0, ""uplink_delay_sec"": 0.0, ""uplink_loss_rate"": 0.0}, ""revision"": 4, ""semantics"": ""in-flight attempts retain their transmission configuration; new attempts use this revision"", ""world"": ""synthetic_component""}",1,10.0,1,0.0,389,,task_state,rally,0.0,True,transport_sample,,,0,,,,"{""downlink"": {""capacity"": 4096, ""in_flight"": 0, ""pending_reliable_or_unresolved"": 0, ""scheduled_events"": 0}}",tb1,0,,1,1,headquarters,26.0,,,0,,,,,,0,,,,25.0,,,0,,,,synthetic_component
,,0,,,,,,25.0,0.0,0.0,15.5,15.0,1.0,0.0,1.0,15.449999998963904,0,,,1.0,1.0,,,,0,0,0,0,0,0,0,0,0,0,0,0,0,0,0,0,0,0,0,0,0,0,0,0,0,0,0,0,0,0,0,0,0,0,uplink,15.75,p3c_runtime,10.25,"{""admission_protocol"": false, ""effective"": {""downlink"": {""ack_timeout_sec"": 5.0, ""blackout_intervals"": [], ""delay_sec"": 0.0, ""drop_types"": [], ""duplicate_rate"": 0.0, ""loss_rate"": 0.0, ""max_retries"": 2, ""queue_capacity"": 4096, ""reorder_step_sec"": 0.05, ""reorder_window"": 0, ""seed"": 610839777}, ""uplink"": {""ack_timeout_sec"": 5.0, ""blackout_intervals"": [], ""delay_sec"": 0.0, ""drop_types"": [], ""duplicate_rate"": 0.0, ""loss_rate"": 0.0, ""max_retries"": 2, ""queue_capacity"": 4096, ""reorder_step_sec"": 0.05, ""reorder_window"": 0, ""seed"": 324508638}}, ""effective_sim_time"": 21.0, ""episode_id"": ""p3c_runtime"", ""fault_control_enabled"": true, ""fault_seed"": 1, ""gazebo_seed"": 1, ""ledger_path"": ""/home/zhuyulab/ns3-workspace/ros2_ws/ros2-multi-robot-automap/log/p3c5/p3c_monitor_v11/ledger.jsonl"", ""mission_mode"": ""rally"", ""requested"": {""ack_timeout_sec"": 5.0, ""blackout_intervals"": ""[]"", ""downlink_delay_sec"": 0.0, ""downlink_loss_rate"": 0.0, ""drop_message_types"": """", ""duplicate_rate"": 0.0, ""max_retries"": 2, ""network_mode"": ""fault"", ""queue_capacity"": 4096, ""reorder_step_sec"": 0.05, ""reorder_window"": 0, ""uplink_delay_sec"": 0.0, ""uplink_loss_rate"": 0.0}, ""revision"": 4, ""semantics"": ""in-flight attempts retain their transmission configuration; new attempts use this revision"", ""world"": ""synthetic_component""}",1,10.0,1,0.0,389,,ack,rally,0.0,True,transport_sample,,,0,,,,"{""uplink"": {""capacity"": 4096, ""in_flight"": 0, ""pending_reliable_or_unresolved"": 0, ""scheduled_events"": 0}}",headquarters,0,,1,1,tb1,26.0,,,0,,,,,,0,,,,25.0,,,0,,,,synthetic_component
,,0,,,,,25.0,,0.0,0.0,,,1.0,1.0,0.0,,0,,,1.0,1.0,,,,0,0,0,0,0,0,0,0,0,0,0,0,0,0,0,0,0,0,0,0,0,0,0,0,0,0,0,0,0,0,0,0,0,0,uplink,15.75,p3c_runtime,10.25,"{""admission_protocol"": false, ""effective"": {""downlink"": {""ack_timeout_sec"": 5.0, ""blackout_intervals"": [], ""delay_sec"": 0.0, ""drop_types"": [], ""duplicate_rate"": 0.0, ""loss_rate"": 0.0, ""max_retries"": 2, ""queue_capacity"": 4096, ""reorder_step_sec"": 0.05, ""reorder_window"": 0, ""seed"": 610839777}, ""uplink"": {""ack_timeout_sec"": 5.0, ""blackout_intervals"": [], ""delay_sec"": 0.0, ""drop_types"": [], ""duplicate_rate"": 0.0, ""loss_rate"": 0.0, ""max_retries"": 2, ""queue_capacity"": 4096, ""reorder_step_sec"": 0.05, ""reorder_window"": 0, ""seed"": 324508638}}, ""effective_sim_time"": 21.0, ""episode_id"": ""p3c_runtime"", ""fault_control_enabled"": true, ""fault_seed"": 1, ""gazebo_seed"": 1, ""ledger_path"": ""/home/zhuyulab/ns3-workspace/ros2_ws/ros2-multi-robot-automap/log/p3c5/p3c_monitor_v11/ledger.jsonl"", ""mission_mode"": ""rally"", ""requested"": {""ack_timeout_sec"": 5.0, ""blackout_intervals"": ""[]"", ""downlink_delay_sec"": 0.0, ""downlink_loss_rate"": 0.0, ""drop_message_types"": """", ""duplicate_rate"": 0.0, ""max_retries"": 2, ""network_mode"": ""fault"", ""queue_capacity"": 4096, ""reorder_step_sec"": 0.05, ""reorder_window"": 0, ""uplink_delay_sec"": 0.0, ""uplink_loss_rate"": 0.0}, ""revision"": 4, ""semantics"": ""in-flight attempts retain their transmission configuration; new attempts use this revision"", ""world"": ""synthetic_component""}",1,5.0,1,0.0,389,,map_snapshot,rally,0.0,True,transport_sample,,,0,,,,"{""uplink"": {""capacity"": 4096, ""in_flight"": 0, ""pending_reliable_or_unresolved"": 0, ""scheduled_events"": 0}}",headquarters,0,,1,1,tb1,26.0,,,0,,,,,,0,,,,25.0,,,0,,,,synthetic_component
0.0,0.0,4,0.0,,,,,,1.0,1.0,0.5,0.375,1.0,0.0,1.0,0.48749999998835847,0,,,0.0,0.0,1.0,0.0,1.0,2832,4,2832,4,2832,4,2832,4,1,4,4,4,2832,2832,4,0,0,0,0,4,2832,4,0,0,0,0,0,0,0,0,0,0,0,0,uplink,15.75,p3c_runtime,10.25,"{""admission_protocol"": false, ""effective"": {""downlink"": {""ack_timeout_sec"": 5.0, ""blackout_intervals"": [], ""delay_sec"": 0.0, ""drop_types"": [], ""duplicate_rate"": 0.0, ""loss_rate"": 0.0, ""max_retries"": 2, ""queue_capacity"": 4096, ""reorder_step_sec"": 0.05, ""reorder_window"": 0, ""seed"": 610839777}, ""uplink"": {""ack_timeout_sec"": 5.0, ""blackout_intervals"": [], ""delay_sec"": 0.0, ""drop_types"": [], ""duplicate_rate"": 0.0, ""loss_rate"": 0.0, ""max_retries"": 2, ""queue_capacity"": 4096, ""reorder_step_sec"": 0.05, ""reorder_window"": 0, ""seed"": 324508638}}, ""effective_sim_time"": 21.0, ""episode_id"": ""p3c_runtime"", ""fault_control_enabled"": true, ""fault_seed"": 1, ""gazebo_seed"": 1, ""ledger_path"": ""/home/zhuyulab/ns3-workspace/ros2_ws/ros2-multi-robot-automap/log/p3c5/p3c_monitor_v11/ledger.jsonl"", ""mission_mode"": ""rally"", ""requested"": {""ack_timeout_sec"": 5.0, ""blackout_intervals"": ""[]"", ""downlink_delay_sec"": 0.0, ""downlink_loss_rate"": 0.0, ""drop_message_types"": """", ""duplicate_rate"": 0.0, ""max_retries"": 2, ""network_mode"": ""fault"", ""queue_capacity"": 4096, ""reorder_step_sec"": 0.05, ""reorder_window"": 0, ""uplink_delay_sec"": 0.0, ""uplink_loss_rate"": 0.0}, ""revision"": 4, ""semantics"": ""in-flight attempts retain their transmission configuration; new attempts use this revision"", ""world"": ""synthetic_component""}",1,2.0,1,2832.0,389,1.0,pose_state,rally,2832.0,True,transport_sample,0.0,0.0,4,0.0,,,"{""uplink"": {""capacity"": 4096, ""in_flight"": 0, ""pending_reliable_or_unresolved"": 0, ""scheduled_events"": 0}}",headquarters,0,0.0,1,1,tb1,26.0,0.25,0.25,4,0.25,,,0.0,0.0,4,0.0,,,25.0,0.0,0.0,4,0.0,,,synthetic_component
0.0,0.0,4,0.0,,,,26.0,26.0,0.3333333333333333,1.0,16.5,8.1875,3.0,1.0,2.0,16.400000001245644,0,,,2.0,2.0,1.0,0.0,1.0,2832,4,2832,4,2832,4,2832,4,1,4,4,4,2832,2832,4,0,0,0,0,4,2832,4,0,0,0,0,0,0,0,0,0,0,0,0,uplink,16.75,p3c_runtime,10.25,"{""admission_protocol"": false, ""effective"": {""downlink"": {""ack_timeout_sec"": 5.0, ""blackout_intervals"": [], ""delay_sec"": 0.0, ""drop_types"": [], ""duplicate_rate"": 0.0, ""loss_rate"": 0.0, ""max_retries"": 2, ""queue_capacity"": 4096, ""reorder_step_sec"": 0.05, ""reorder_window"": 0, ""seed"": 610839777}, ""uplink"": {""ack_timeout_sec"": 5.0, ""blackout_intervals"": [], ""delay_sec"": 0.0, ""drop_types"": [], ""duplicate_rate"": 0.0, ""loss_rate"": 0.0, ""max_retries"": 2, ""queue_capacity"": 4096, ""reorder_step_sec"": 0.05, ""reorder_window"": 0, ""seed"": 324508638}}, ""effective_sim_time"": 21.0, ""episode_id"": ""p3c_runtime"", ""fault_control_enabled"": true, ""fault_seed"": 1, ""gazebo_seed"": 1, ""ledger_path"": ""/home/zhuyulab/ns3-workspace/ros2_ws/ros2-multi-robot-automap/log/p3c5/p3c_monitor_v11/ledger.jsonl"", ""mission_mode"": ""rally"", ""requested"": {""ack_timeout_sec"": 5.0, ""blackout_intervals"": ""[]"", ""downlink_delay_sec"": 0.0, ""downlink_loss_rate"": 0.0, ""drop_message_types"": """", ""duplicate_rate"": 0.0, ""max_retries"": 2, ""network_mode"": ""fault"", ""queue_capacity"": 4096, ""reorder_step_sec"": 0.05, ""reorder_window"": 0, ""uplink_delay_sec"": 0.0, ""uplink_loss_rate"": 0.0}, ""revision"": 4, ""semantics"": ""in-flight attempts retain their transmission configuration; new attempts use this revision"", ""world"": ""synthetic_component""}",1,,1,2832.0,414,1.0,all,rally,2832.0,True,transport_sample,0.0,0.0,4,0.0,,,"{""uplink"": {""capacity"": 4096, ""in_flight"": 0, ""pending_reliable_or_unresolved"": 0, ""scheduled_events"": 0}}",all,0,0.0,1,1,all,27.0,0.25,0.25,4,0.25,,,0.0,0.0,4,0.0,,,26.0,0.0,0.0,4,0.0,,,synthetic_component
,,0,,,,,,26.0,0.0,0.0,16.75,16.25,1.0,0.0,1.0,16.700000001554145,0,,,1.0,1.0,,,,0,0,0,0,0,0,0,0,0,0,0,0,0,0,0,0,0,0,0,0,0,0,0,0,0,0,0,0,0,0,0,0,0,0,downlink,16.75,p3c_runtime,10.25,"{""admission_protocol"": false, ""effective"": {""downlink"": {""ack_timeout_sec"": 5.0, ""blackout_intervals"": [], ""delay_sec"": 0.0, ""drop_types"": [], ""duplicate_rate"": 0.0, ""loss_rate"": 0.0, ""max_retries"": 2, ""queue_capacity"": 4096, ""reorder_step_sec"": 0.05, ""reorder_window"": 0, ""seed"": 610839777}, ""uplink"": {""ack_timeout_sec"": 5.0, ""blackout_intervals"": [], ""delay_sec"": 0.0, ""drop_types"": [], ""duplicate_rate"": 0.0, ""loss_rate"": 0.0, ""max_retries"": 2, ""queue_capacity"": 4096, ""reorder_step_sec"": 0.05, ""reorder_window"": 0, ""seed"": 324508638}}, ""effective_sim_time"": 21.0, ""episode_id"": ""p3c_runtime"", ""fault_control_enabled"": true, ""fault_seed"": 1, ""gazebo_seed"": 1, ""ledger_path"": ""/home/zhuyulab/ns3-workspace/ros2_ws/ros2-multi-robot-automap/log/p3c5/p3c_monitor_v11/ledger.jsonl"", ""mission_mode"": ""rally"", ""requested"": {""ack_timeout_sec"": 5.0, ""blackout_intervals"": ""[]"", ""downlink_delay_sec"": 0.0, ""downlink_loss_rate"": 0.0, ""drop_message_types"": """", ""duplicate_rate"": 0.0, ""max_retries"": 2, ""network_mode"": ""fault"", ""queue_capacity"": 4096, ""reorder_step_sec"": 0.05, ""reorder_window"": 0, ""uplink_delay_sec"": 0.0, ""uplink_loss_rate"": 0.0}, ""revision"": 4, ""semantics"": ""in-flight attempts retain their transmission configuration; new attempts use this revision"", ""world"": ""synthetic_component""}",1,10.0,1,0.0,414,,all,rally,0.0,True,transport_sample,,,0,,,,"{""downlink"": {""capacity"": 4096, ""in_flight"": 0, ""pending_reliable_or_unresolved"": 0, ""scheduled_events"": 0}}",all,0,,1,1,all,27.0,,,0,,,,,,0,,,,26.0,,,0,,,,synthetic_component
,,0,,,,,,26.0,0.0,0.0,16.75,16.25,1.0,0.0,1.0,16.700000001554145,0,,,1.0,1.0,,,,0,0,0,0,0,0,0,0,0,0,0,0,0,0,0,0,0,0,0,0,0,0,0,0,0,0,0,0,0,0,0,0,0,0,downlink,16.75,p3c_runtime,10.25,"{""admission_protocol"": false, ""effective"": {""downlink"": {""ack_timeout_sec"": 5.0, ""blackout_intervals"": [], ""delay_sec"": 0.0, ""drop_types"": [], ""duplicate_rate"": 0.0, ""loss_rate"": 0.0, ""max_retries"": 2, ""queue_capacity"": 4096, ""reorder_step_sec"": 0.05, ""reorder_window"": 0, ""seed"": 610839777}, ""uplink"": {""ack_timeout_sec"": 5.0, ""blackout_intervals"": [], ""delay_sec"": 0.0, ""drop_types"": [], ""duplicate_rate"": 0.0, ""loss_rate"": 0.0, ""max_retries"": 2, ""queue_capacity"": 4096, ""reorder_step_sec"": 0.05, ""reorder_window"": 0, ""seed"": 324508638}}, ""effective_sim_time"": 21.0, ""episode_id"": ""p3c_runtime"", ""fault_control_enabled"": true, ""fault_seed"": 1, ""gazebo_seed"": 1, ""ledger_path"": ""/home/zhuyulab/ns3-workspace/ros2_ws/ros2-multi-robot-automap/log/p3c5/p3c_monitor_v11/ledger.jsonl"", ""mission_mode"": ""rally"", ""requested"": {""ack_timeout_sec"": 5.0, ""blackout_intervals"": ""[]"", ""downlink_delay_sec"": 0.0, ""downlink_loss_rate"": 0.0, ""drop_message_types"": """", ""duplicate_rate"": 0.0, ""max_retries"": 2, ""network_mode"": ""fault"", ""queue_capacity"": 4096, ""reorder_step_sec"": 0.05, ""reorder_window"": 0, ""uplink_delay_sec"": 0.0, ""uplink_loss_rate"": 0.0}, ""revision"": 4, ""semantics"": ""in-flight attempts retain their transmission configuration; new attempts use this revision"", ""world"": ""synthetic_component""}",1,10.0,1,0.0,414,,task_state,rally,0.0,True,transport_sample,,,0,,,,"{""downlink"": {""capacity"": 4096, ""in_flight"": 0, ""pending_reliable_or_unresolved"": 0, ""scheduled_events"": 0}}",all,0,,1,1,all,27.0,,,0,,,,,,0,,,,26.0,,,0,,,,synthetic_component
,,0,,,,,,26.0,0.0,0.0,16.5,16.0,1.0,0.0,1.0,16.449999999662396,0,,,1.0,1.0,,,,0,0,0,0,0,0,0,0,0,0,0,0,0,0,0,0,0,0,0,0,0,0,0,0,0,0,0,0,0,0,0,0,0,0,uplink,16.75,p3c_runtime,10.25,"{""admission_protocol"": false, ""effective"": {""downlink"": {""ack_timeout_sec"": 5.0, ""blackout_intervals"": [], ""delay_sec"": 0.0, ""drop_types"": [], ""duplicate_rate"": 0.0, ""loss_rate"": 0.0, ""max_retries"": 2, ""queue_capacity"": 4096, ""reorder_step_sec"": 0.05, ""reorder_window"": 0, ""seed"": 610839777}, ""uplink"": {""ack_timeout_sec"": 5.0, ""blackout_intervals"": [], ""delay_sec"": 0.0, ""drop_types"": [], ""duplicate_rate"": 0.0, ""loss_rate"": 0.0, ""max_retries"": 2, ""queue_capacity"": 4096, ""reorder_step_sec"": 0.05, ""reorder_window"": 0, ""seed"": 324508638}}, ""effective_sim_time"": 21.0, ""episode_id"": ""p3c_runtime"", ""fault_control_enabled"": true, ""fault_seed"": 1, ""gazebo_seed"": 1, ""ledger_path"": ""/home/zhuyulab/ns3-workspace/ros2_ws/ros2-multi-robot-automap/log/p3c5/p3c_monitor_v11/ledger.jsonl"", ""mission_mode"": ""rally"", ""requested"": {""ack_timeout_sec"": 5.0, ""blackout_intervals"": ""[]"", ""downlink_delay_sec"": 0.0, ""downlink_loss_rate"": 0.0, ""drop_message_types"": """", ""duplicate_rate"": 0.0, ""max_retries"": 2, ""network_mode"": ""fault"", ""queue_capacity"": 4096, ""reorder_step_sec"": 0.05, ""reorder_window"": 0, ""uplink_delay_sec"": 0.0, ""uplink_loss_rate"": 0.0}, ""revision"": 4, ""semantics"": ""in-flight attempts retain their transmission configuration; new attempts use this revision"", ""world"": ""synthetic_component""}",1,10.0,1,0.0,414,,ack,rally,0.0,True,transport_sample,,,0,,,,"{""uplink"": {""capacity"": 4096, ""in_flight"": 0, ""pending_reliable_or_unresolved"": 0, ""scheduled_events"": 0}}",all,0,,1,1,all,27.0,,,0,,,,,,0,,,,26.0,,,0,,,,synthetic_component
,,0,,,,,26.0,,0.0,0.0,,,1.0,1.0,0.0,,0,,,1.0,1.0,,,,0,0,0,0,0,0,0,0,0,0,0,0,0,0,0,0,0,0,0,0,0,0,0,0,0,0,0,0,0,0,0,0,0,0,uplink,16.75,p3c_runtime,10.25,"{""admission_protocol"": false, ""effective"": {""downlink"": {""ack_timeout_sec"": 5.0, ""blackout_intervals"": [], ""delay_sec"": 0.0, ""drop_types"": [], ""duplicate_rate"": 0.0, ""loss_rate"": 0.0, ""max_retries"": 2, ""queue_capacity"": 4096, ""reorder_step_sec"": 0.05, ""reorder_window"": 0, ""seed"": 610839777}, ""uplink"": {""ack_timeout_sec"": 5.0, ""blackout_intervals"": [], ""delay_sec"": 0.0, ""drop_types"": [], ""duplicate_rate"": 0.0, ""loss_rate"": 0.0, ""max_retries"": 2, ""queue_capacity"": 4096, ""reorder_step_sec"": 0.05, ""reorder_window"": 0, ""seed"": 324508638}}, ""effective_sim_time"": 21.0, ""episode_id"": ""p3c_runtime"", ""fault_control_enabled"": true, ""fault_seed"": 1, ""gazebo_seed"": 1, ""ledger_path"": ""/home/zhuyulab/ns3-workspace/ros2_ws/ros2-multi-robot-automap/log/p3c5/p3c_monitor_v11/ledger.jsonl"", ""mission_mode"": ""rally"", ""requested"": {""ack_timeout_sec"": 5.0, ""blackout_intervals"": ""[]"", ""downlink_delay_sec"": 0.0, ""downlink_loss_rate"": 0.0, ""drop_message_types"": """", ""duplicate_rate"": 0.0, ""max_retries"": 2, ""network_mode"": ""fault"", ""queue_capacity"": 4096, ""reorder_step_sec"": 0.05, ""reorder_window"": 0, ""uplink_delay_sec"": 0.0, ""uplink_loss_rate"": 0.0}, ""revision"": 4, ""semantics"": ""in-flight attempts retain their transmission configuration; new attempts use this revision"", ""world"": ""synthetic_component""}",1,5.0,1,0.0,414,,map_snapshot,rally,0.0,True,transport_sample,,,0,,,,"{""uplink"": {""capacity"": 4096, ""in_flight"": 0, ""pending_reliable_or_unresolved"": 0, ""scheduled_events"": 0}}",all,0,,1,1,all,27.0,,,0,,,,,,0,,,,26.0,,,0,,,,synthetic_component
0.0,0.0,4,0.0,,,,,,1.0,1.0,0.5,0.375,1.0,0.0,1.0,0.48749999998835847,0,,,0.0,0.0,1.0,0.0,1.0,2832,4,2832,4,2832,4,2832,4,1,4,4,4,2832,2832,4,0,0,0,0,4,2832,4,0,0,0,0,0,0,0,0,0,0,0,0,uplink,16.75,p3c_runtime,10.25,"{""admission_protocol"": false, ""effective"": {""downlink"": {""ack_timeout_sec"": 5.0, ""blackout_intervals"": [], ""delay_sec"": 0.0, ""drop_types"": [], ""duplicate_rate"": 0.0, ""loss_rate"": 0.0, ""max_retries"": 2, ""queue_capacity"": 4096, ""reorder_step_sec"": 0.05, ""reorder_window"": 0, ""seed"": 610839777}, ""uplink"": {""ack_timeout_sec"": 5.0, ""blackout_intervals"": [], ""delay_sec"": 0.0, ""drop_types"": [], ""duplicate_rate"": 0.0, ""loss_rate"": 0.0, ""max_retries"": 2, ""queue_capacity"": 4096, ""reorder_step_sec"": 0.05, ""reorder_window"": 0, ""seed"": 324508638}}, ""effective_sim_time"": 21.0, ""episode_id"": ""p3c_runtime"", ""fault_control_enabled"": true, ""fault_seed"": 1, ""gazebo_seed"": 1, ""ledger_path"": ""/home/zhuyulab/ns3-workspace/ros2_ws/ros2-multi-robot-automap/log/p3c5/p3c_monitor_v11/ledger.jsonl"", ""mission_mode"": ""rally"", ""requested"": {""ack_timeout_sec"": 5.0, ""blackout_intervals"": ""[]"", ""downlink_delay_sec"": 0.0, ""downlink_loss_rate"": 0.0, ""drop_message_types"": """", ""duplicate_rate"": 0.0, ""max_retries"": 2, ""network_mode"": ""fault"", ""queue_capacity"": 4096, ""reorder_step_sec"": 0.05, ""reorder_window"": 0, ""uplink_delay_sec"": 0.0, ""uplink_loss_rate"": 0.0}, ""revision"": 4, ""semantics"": ""in-flight attempts retain their transmission configuration; new attempts use this revision"", ""world"": ""synthetic_component""}",1,2.0,1,2832.0,414,1.0,pose_state,rally,2832.0,True,transport_sample,0.0,0.0,4,0.0,,,"{""uplink"": {""capacity"": 4096, ""in_flight"": 0, ""pending_reliable_or_unresolved"": 0, ""scheduled_events"": 0}}",all,0,0.0,1,1,all,27.0,0.25,0.25,4,0.25,,,0.0,0.0,4,0.0,,,26.0,0.0,0.0,4,0.0,,,synthetic_component
,,0,,,,,,26.0,0.0,0.0,16.75,16.25,1.0,0.0,1.0,16.700000001554145,0,,,1.0,1.0,,,,0,0,0,0,0,0,0,0,0,0,0,0,0,0,0,0,0,0,0,0,0,0,0,0,0,0,0,0,0,0,0,0,0,0,downlink,16.75,p3c_runtime,10.25,"{""admission_protocol"": false, ""effective"": {""downlink"": {""ack_timeout_sec"": 5.0, ""blackout_intervals"": [], ""delay_sec"": 0.0, ""drop_types"": [], ""duplicate_rate"": 0.0, ""loss_rate"": 0.0, ""max_retries"": 2, ""queue_capacity"": 4096, ""reorder_step_sec"": 0.05, ""reorder_window"": 0, ""seed"": 610839777}, ""uplink"": {""ack_timeout_sec"": 5.0, ""blackout_intervals"": [], ""delay_sec"": 0.0, ""drop_types"": [], ""duplicate_rate"": 0.0, ""loss_rate"": 0.0, ""max_retries"": 2, ""queue_capacity"": 4096, ""reorder_step_sec"": 0.05, ""reorder_window"": 0, ""seed"": 324508638}}, ""effective_sim_time"": 21.0, ""episode_id"": ""p3c_runtime"", ""fault_control_enabled"": true, ""fault_seed"": 1, ""gazebo_seed"": 1, ""ledger_path"": ""/home/zhuyulab/ns3-workspace/ros2_ws/ros2-multi-robot-automap/log/p3c5/p3c_monitor_v11/ledger.jsonl"", ""mission_mode"": ""rally"", ""requested"": {""ack_timeout_sec"": 5.0, ""blackout_intervals"": ""[]"", ""downlink_delay_sec"": 0.0, ""downlink_loss_rate"": 0.0, ""drop_message_types"": """", ""duplicate_rate"": 0.0, ""max_retries"": 2, ""network_mode"": ""fault"", ""queue_capacity"": 4096, ""reorder_step_sec"": 0.05, ""reorder_window"": 0, ""uplink_delay_sec"": 0.0, ""uplink_loss_rate"": 0.0}, ""revision"": 4, ""semantics"": ""in-flight attempts retain their transmission configuration; new attempts use this revision"", ""world"": ""synthetic_component""}",1,10.0,1,0.0,414,,task_state,rally,0.0,True,transport_sample,,,0,,,,"{""downlink"": {""capacity"": 4096, ""in_flight"": 0, ""pending_reliable_or_unresolved"": 0, ""scheduled_events"": 0}}",tb1,0,,1,1,headquarters,27.0,,,0,,,,,,0,,,,26.0,,,0,,,,synthetic_component
,,0,,,,,,26.0,0.0,0.0,16.5,16.0,1.0,0.0,1.0,16.449999999662396,0,,,1.0,1.0,,,,0,0,0,0,0,0,0,0,0,0,0,0,0,0,0,0,0,0,0,0,0,0,0,0,0,0,0,0,0,0,0,0,0,0,uplink,16.75,p3c_runtime,10.25,"{""admission_protocol"": false, ""effective"": {""downlink"": {""ack_timeout_sec"": 5.0, ""blackout_intervals"": [], ""delay_sec"": 0.0, ""drop_types"": [], ""duplicate_rate"": 0.0, ""loss_rate"": 0.0, ""max_retries"": 2, ""queue_capacity"": 4096, ""reorder_step_sec"": 0.05, ""reorder_window"": 0, ""seed"": 610839777}, ""uplink"": {""ack_timeout_sec"": 5.0, ""blackout_intervals"": [], ""delay_sec"": 0.0, ""drop_types"": [], ""duplicate_rate"": 0.0, ""loss_rate"": 0.0, ""max_retries"": 2, ""queue_capacity"": 4096, ""reorder_step_sec"": 0.05, ""reorder_window"": 0, ""seed"": 324508638}}, ""effective_sim_time"": 21.0, ""episode_id"": ""p3c_runtime"", ""fault_control_enabled"": true, ""fault_seed"": 1, ""gazebo_seed"": 1, ""ledger_path"": ""/home/zhuyulab/ns3-workspace/ros2_ws/ros2-multi-robot-automap/log/p3c5/p3c_monitor_v11/ledger.jsonl"", ""mission_mode"": ""rally"", ""requested"": {""ack_timeout_sec"": 5.0, ""blackout_intervals"": ""[]"", ""downlink_delay_sec"": 0.0, ""downlink_loss_rate"": 0.0, ""drop_message_types"": """", ""duplicate_rate"": 0.0, ""max_retries"": 2, ""network_mode"": ""fault"", ""queue_capacity"": 4096, ""reorder_step_sec"": 0.05, ""reorder_window"": 0, ""uplink_delay_sec"": 0.0, ""uplink_loss_rate"": 0.0}, ""revision"": 4, ""semantics"": ""in-flight attempts retain their transmission configuration; new attempts use this revision"", ""world"": ""synthetic_component""}",1,10.0,1,0.0,414,,ack,rally,0.0,True,transport_sample,,,0,,,,"{""uplink"": {""capacity"": 4096, ""in_flight"": 0, ""pending_reliable_or_unresolved"": 0, ""scheduled_events"": 0}}",headquarters,0,,1,1,tb1,27.0,,,0,,,,,,0,,,,26.0,,,0,,,,synthetic_component
,,0,,,,,26.0,,0.0,0.0,,,1.0,1.0,0.0,,0,,,1.0,1.0,,,,0,0,0,0,0,0,0,0,0,0,0,0,0,0,0,0,0,0,0,0,0,0,0,0,0,0,0,0,0,0,0,0,0,0,uplink,16.75,p3c_runtime,10.25,"{""admission_protocol"": false, ""effective"": {""downlink"": {""ack_timeout_sec"": 5.0, ""blackout_intervals"": [], ""delay_sec"": 0.0, ""drop_types"": [], ""duplicate_rate"": 0.0, ""loss_rate"": 0.0, ""max_retries"": 2, ""queue_capacity"": 4096, ""reorder_step_sec"": 0.05, ""reorder_window"": 0, ""seed"": 610839777}, ""uplink"": {""ack_timeout_sec"": 5.0, ""blackout_intervals"": [], ""delay_sec"": 0.0, ""drop_types"": [], ""duplicate_rate"": 0.0, ""loss_rate"": 0.0, ""max_retries"": 2, ""queue_capacity"": 4096, ""reorder_step_sec"": 0.05, ""reorder_window"": 0, ""seed"": 324508638}}, ""effective_sim_time"": 21.0, ""episode_id"": ""p3c_runtime"", ""fault_control_enabled"": true, ""fault_seed"": 1, ""gazebo_seed"": 1, ""ledger_path"": ""/home/zhuyulab/ns3-workspace/ros2_ws/ros2-multi-robot-automap/log/p3c5/p3c_monitor_v11/ledger.jsonl"", ""mission_mode"": ""rally"", ""requested"": {""ack_timeout_sec"": 5.0, ""blackout_intervals"": ""[]"", ""downlink_delay_sec"": 0.0, ""downlink_loss_rate"": 0.0, ""drop_message_types"": """", ""duplicate_rate"": 0.0, ""max_retries"": 2, ""network_mode"": ""fault"", ""queue_capacity"": 4096, ""reorder_step_sec"": 0.05, ""reorder_window"": 0, ""uplink_delay_sec"": 0.0, ""uplink_loss_rate"": 0.0}, ""revision"": 4, ""semantics"": ""in-flight attempts retain their transmission configuration; new attempts use this revision"", ""world"": ""synthetic_component""}",1,5.0,1,0.0,414,,map_snapshot,rally,0.0,True,transport_sample,,,0,,,,"{""uplink"": {""capacity"": 4096, ""in_flight"": 0, ""pending_reliable_or_unresolved"": 0, ""scheduled_events"": 0}}",headquarters,0,,1,1,tb1,27.0,,,0,,,,,,0,,,,26.0,,,0,,,,synthetic_component
0.0,0.0,4,0.0,,,,,,1.0,1.0,0.5,0.375,1.0,0.0,1.0,0.48749999998835847,0,,,0.0,0.0,1.0,0.0,1.0,2832,4,2832,4,2832,4,2832,4,1,4,4,4,2832,2832,4,0,0,0,0,4,2832,4,0,0,0,0,0,0,0,0,0,0,0,0,uplink,16.75,p3c_runtime,10.25,"{""admission_protocol"": false, ""effective"": {""downlink"": {""ack_timeout_sec"": 5.0, ""blackout_intervals"": [], ""delay_sec"": 0.0, ""drop_types"": [], ""duplicate_rate"": 0.0, ""loss_rate"": 0.0, ""max_retries"": 2, ""queue_capacity"": 4096, ""reorder_step_sec"": 0.05, ""reorder_window"": 0, ""seed"": 610839777}, ""uplink"": {""ack_timeout_sec"": 5.0, ""blackout_intervals"": [], ""delay_sec"": 0.0, ""drop_types"": [], ""duplicate_rate"": 0.0, ""loss_rate"": 0.0, ""max_retries"": 2, ""queue_capacity"": 4096, ""reorder_step_sec"": 0.05, ""reorder_window"": 0, ""seed"": 324508638}}, ""effective_sim_time"": 21.0, ""episode_id"": ""p3c_runtime"", ""fault_control_enabled"": true, ""fault_seed"": 1, ""gazebo_seed"": 1, ""ledger_path"": ""/home/zhuyulab/ns3-workspace/ros2_ws/ros2-multi-robot-automap/log/p3c5/p3c_monitor_v11/ledger.jsonl"", ""mission_mode"": ""rally"", ""requested"": {""ack_timeout_sec"": 5.0, ""blackout_intervals"": ""[]"", ""downlink_delay_sec"": 0.0, ""downlink_loss_rate"": 0.0, ""drop_message_types"": """", ""duplicate_rate"": 0.0, ""max_retries"": 2, ""network_mode"": ""fault"", ""queue_capacity"": 4096, ""reorder_step_sec"": 0.05, ""reorder_window"": 0, ""uplink_delay_sec"": 0.0, ""uplink_loss_rate"": 0.0}, ""revision"": 4, ""semantics"": ""in-flight attempts retain their transmission configuration; new attempts use this revision"", ""world"": ""synthetic_component""}",1,2.0,1,2832.0,414,1.0,pose_state,rally,2832.0,True,transport_sample,0.0,0.0,4,0.0,,,"{""uplink"": {""capacity"": 4096, ""in_flight"": 0, ""pending_reliable_or_unresolved"": 0, ""scheduled_events"": 0}}",headquarters,0,0.0,1,1,tb1,27.0,0.25,0.25,4,0.25,,,0.0,0.0,4,0.0,,,26.0,0.0,0.0,4,0.0,,,synthetic_component
0.0,0.0,4,0.0,,,,27.0,27.0,0.3333333333333333,1.0,17.5,8.6875,3.0,1.0,2.0,17.399999999033753,0,,,2.0,2.0,1.0,0.0,1.0,2832,4,2832,4,2832,4,2832,4,1,4,4,4,2832,2832,4,0,0,0,0,4,2832,4,0,0,0,0,0,0,0,0,0,0,0,0,uplink,17.75,p3c_runtime,10.25,"{""admission_protocol"": false, ""effective"": {""downlink"": {""ack_timeout_sec"": 5.0, ""blackout_intervals"": [], ""delay_sec"": 0.0, ""drop_types"": [], ""duplicate_rate"": 0.0, ""loss_rate"": 0.0, ""max_retries"": 2, ""queue_capacity"": 4096, ""reorder_step_sec"": 0.05, ""reorder_window"": 0, ""seed"": 610839777}, ""uplink"": {""ack_timeout_sec"": 5.0, ""blackout_intervals"": [], ""delay_sec"": 0.0, ""drop_types"": [], ""duplicate_rate"": 0.0, ""loss_rate"": 0.0, ""max_retries"": 2, ""queue_capacity"": 4096, ""reorder_step_sec"": 0.05, ""reorder_window"": 0, ""seed"": 324508638}}, ""effective_sim_time"": 21.0, ""episode_id"": ""p3c_runtime"", ""fault_control_enabled"": true, ""fault_seed"": 1, ""gazebo_seed"": 1, ""ledger_path"": ""/home/zhuyulab/ns3-workspace/ros2_ws/ros2-multi-robot-automap/log/p3c5/p3c_monitor_v11/ledger.jsonl"", ""mission_mode"": ""rally"", ""requested"": {""ack_timeout_sec"": 5.0, ""blackout_intervals"": ""[]"", ""downlink_delay_sec"": 0.0, ""downlink_loss_rate"": 0.0, ""drop_message_types"": """", ""duplicate_rate"": 0.0, ""max_retries"": 2, ""network_mode"": ""fault"", ""queue_capacity"": 4096, ""reorder_step_sec"": 0.05, ""reorder_window"": 0, ""uplink_delay_sec"": 0.0, ""uplink_loss_rate"": 0.0}, ""revision"": 4, ""semantics"": ""in-flight attempts retain their transmission configuration; new attempts use this revision"", ""world"": ""synthetic_component""}",1,,1,2832.0,439,1.0,all,rally,2832.0,True,transport_sample,0.0,0.0,4,0.0,,,"{""uplink"": {""capacity"": 4096, ""in_flight"": 0, ""pending_reliable_or_unresolved"": 0, ""scheduled_events"": 0}}",all,0,0.0,1,1,all,28.0,0.25,0.25,4,0.25,,,0.0,0.0,4,0.0,,,27.0,0.0,0.0,4,0.0,,,synthetic_component
,,0,,,,,,27.0,0.0,0.0,17.75,17.25,1.0,0.0,1.0,17.6999999996915,0,,,1.0,1.0,,,,0,0,0,0,0,0,0,0,0,0,0,0,0,0,0,0,0,0,0,0,0,0,0,0,0,0,0,0,0,0,0,0,0,0,downlink,17.75,p3c_runtime,10.25,"{""admission_protocol"": false, ""effective"": {""downlink"": {""ack_timeout_sec"": 5.0, ""blackout_intervals"": [], ""delay_sec"": 0.0, ""drop_types"": [], ""duplicate_rate"": 0.0, ""loss_rate"": 0.0, ""max_retries"": 2, ""queue_capacity"": 4096, ""reorder_step_sec"": 0.05, ""reorder_window"": 0, ""seed"": 610839777}, ""uplink"": {""ack_timeout_sec"": 5.0, ""blackout_intervals"": [], ""delay_sec"": 0.0, ""drop_types"": [], ""duplicate_rate"": 0.0, ""loss_rate"": 0.0, ""max_retries"": 2, ""queue_capacity"": 4096, ""reorder_step_sec"": 0.05, ""reorder_window"": 0, ""seed"": 324508638}}, ""effective_sim_time"": 21.0, ""episode_id"": ""p3c_runtime"", ""fault_control_enabled"": true, ""fault_seed"": 1, ""gazebo_seed"": 1, ""ledger_path"": ""/home/zhuyulab/ns3-workspace/ros2_ws/ros2-multi-robot-automap/log/p3c5/p3c_monitor_v11/ledger.jsonl"", ""mission_mode"": ""rally"", ""requested"": {""ack_timeout_sec"": 5.0, ""blackout_intervals"": ""[]"", ""downlink_delay_sec"": 0.0, ""downlink_loss_rate"": 0.0, ""drop_message_types"": """", ""duplicate_rate"": 0.0, ""max_retries"": 2, ""network_mode"": ""fault"", ""queue_capacity"": 4096, ""reorder_step_sec"": 0.05, ""reorder_window"": 0, ""uplink_delay_sec"": 0.0, ""uplink_loss_rate"": 0.0}, ""revision"": 4, ""semantics"": ""in-flight attempts retain their transmission configuration; new attempts use this revision"", ""world"": ""synthetic_component""}",1,10.0,1,0.0,439,,all,rally,0.0,True,transport_sample,,,0,,,,"{""downlink"": {""capacity"": 4096, ""in_flight"": 0, ""pending_reliable_or_unresolved"": 0, ""scheduled_events"": 0}}",all,0,,1,1,all,28.0,,,0,,,,,,0,,,,27.0,,,0,,,,synthetic_component
,,0,,,,,,27.0,0.0,0.0,17.75,17.25,1.0,0.0,1.0,17.6999999996915,0,,,1.0,1.0,,,,0,0,0,0,0,0,0,0,0,0,0,0,0,0,0,0,0,0,0,0,0,0,0,0,0,0,0,0,0,0,0,0,0,0,downlink,17.75,p3c_runtime,10.25,"{""admission_protocol"": false, ""effective"": {""downlink"": {""ack_timeout_sec"": 5.0, ""blackout_intervals"": [], ""delay_sec"": 0.0, ""drop_types"": [], ""duplicate_rate"": 0.0, ""loss_rate"": 0.0, ""max_retries"": 2, ""queue_capacity"": 4096, ""reorder_step_sec"": 0.05, ""reorder_window"": 0, ""seed"": 610839777}, ""uplink"": {""ack_timeout_sec"": 5.0, ""blackout_intervals"": [], ""delay_sec"": 0.0, ""drop_types"": [], ""duplicate_rate"": 0.0, ""loss_rate"": 0.0, ""max_retries"": 2, ""queue_capacity"": 4096, ""reorder_step_sec"": 0.05, ""reorder_window"": 0, ""seed"": 324508638}}, ""effective_sim_time"": 21.0, ""episode_id"": ""p3c_runtime"", ""fault_control_enabled"": true, ""fault_seed"": 1, ""gazebo_seed"": 1, ""ledger_path"": ""/home/zhuyulab/ns3-workspace/ros2_ws/ros2-multi-robot-automap/log/p3c5/p3c_monitor_v11/ledger.jsonl"", ""mission_mode"": ""rally"", ""requested"": {""ack_timeout_sec"": 5.0, ""blackout_intervals"": ""[]"", ""downlink_delay_sec"": 0.0, ""downlink_loss_rate"": 0.0, ""drop_message_types"": """", ""duplicate_rate"": 0.0, ""max_retries"": 2, ""network_mode"": ""fault"", ""queue_capacity"": 4096, ""reorder_step_sec"": 0.05, ""reorder_window"": 0, ""uplink_delay_sec"": 0.0, ""uplink_loss_rate"": 0.0}, ""revision"": 4, ""semantics"": ""in-flight attempts retain their transmission configuration; new attempts use this revision"", ""world"": ""synthetic_component""}",1,10.0,1,0.0,439,,task_state,rally,0.0,True,transport_sample,,,0,,,,"{""downlink"": {""capacity"": 4096, ""in_flight"": 0, ""pending_reliable_or_unresolved"": 0, ""scheduled_events"": 0}}",all,0,,1,1,all,28.0,,,0,,,,,,0,,,,27.0,,,0,,,,synthetic_component
,,0,,,,,,27.0,0.0,0.0,17.5,17.0,1.0,0.0,1.0,17.449999998498242,0,,,1.0,1.0,,,,0,0,0,0,0,0,0,0,0,0,0,0,0,0,0,0,0,0,0,0,0,0,0,0,0,0,0,0,0,0,0,0,0,0,uplink,17.75,p3c_runtime,10.25,"{""admission_protocol"": false, ""effective"": {""downlink"": {""ack_timeout_sec"": 5.0, ""blackout_intervals"": [], ""delay_sec"": 0.0, ""drop_types"": [], ""duplicate_rate"": 0.0, ""loss_rate"": 0.0, ""max_retries"": 2, ""queue_capacity"": 4096, ""reorder_step_sec"": 0.05, ""reorder_window"": 0, ""seed"": 610839777}, ""uplink"": {""ack_timeout_sec"": 5.0, ""blackout_intervals"": [], ""delay_sec"": 0.0, ""drop_types"": [], ""duplicate_rate"": 0.0, ""loss_rate"": 0.0, ""max_retries"": 2, ""queue_capacity"": 4096, ""reorder_step_sec"": 0.05, ""reorder_window"": 0, ""seed"": 324508638}}, ""effective_sim_time"": 21.0, ""episode_id"": ""p3c_runtime"", ""fault_control_enabled"": true, ""fault_seed"": 1, ""gazebo_seed"": 1, ""ledger_path"": ""/home/zhuyulab/ns3-workspace/ros2_ws/ros2-multi-robot-automap/log/p3c5/p3c_monitor_v11/ledger.jsonl"", ""mission_mode"": ""rally"", ""requested"": {""ack_timeout_sec"": 5.0, ""blackout_intervals"": ""[]"", ""downlink_delay_sec"": 0.0, ""downlink_loss_rate"": 0.0, ""drop_message_types"": """", ""duplicate_rate"": 0.0, ""max_retries"": 2, ""network_mode"": ""fault"", ""queue_capacity"": 4096, ""reorder_step_sec"": 0.05, ""reorder_window"": 0, ""uplink_delay_sec"": 0.0, ""uplink_loss_rate"": 0.0}, ""revision"": 4, ""semantics"": ""in-flight attempts retain their transmission configuration; new attempts use this revision"", ""world"": ""synthetic_component""}",1,10.0,1,0.0,439,,ack,rally,0.0,True,transport_sample,,,0,,,,"{""uplink"": {""capacity"": 4096, ""in_flight"": 0, ""pending_reliable_or_unresolved"": 0, ""scheduled_events"": 0}}",all,0,,1,1,all,28.0,,,0,,,,,,0,,,,27.0,,,0,,,,synthetic_component
,,0,,,,,27.0,,0.0,0.0,,,1.0,1.0,0.0,,0,,,1.0,1.0,,,,0,0,0,0,0,0,0,0,0,0,0,0,0,0,0,0,0,0,0,0,0,0,0,0,0,0,0,0,0,0,0,0,0,0,uplink,17.75,p3c_runtime,10.25,"{""admission_protocol"": false, ""effective"": {""downlink"": {""ack_timeout_sec"": 5.0, ""blackout_intervals"": [], ""delay_sec"": 0.0, ""drop_types"": [], ""duplicate_rate"": 0.0, ""loss_rate"": 0.0, ""max_retries"": 2, ""queue_capacity"": 4096, ""reorder_step_sec"": 0.05, ""reorder_window"": 0, ""seed"": 610839777}, ""uplink"": {""ack_timeout_sec"": 5.0, ""blackout_intervals"": [], ""delay_sec"": 0.0, ""drop_types"": [], ""duplicate_rate"": 0.0, ""loss_rate"": 0.0, ""max_retries"": 2, ""queue_capacity"": 4096, ""reorder_step_sec"": 0.05, ""reorder_window"": 0, ""seed"": 324508638}}, ""effective_sim_time"": 21.0, ""episode_id"": ""p3c_runtime"", ""fault_control_enabled"": true, ""fault_seed"": 1, ""gazebo_seed"": 1, ""ledger_path"": ""/home/zhuyulab/ns3-workspace/ros2_ws/ros2-multi-robot-automap/log/p3c5/p3c_monitor_v11/ledger.jsonl"", ""mission_mode"": ""rally"", ""requested"": {""ack_timeout_sec"": 5.0, ""blackout_intervals"": ""[]"", ""downlink_delay_sec"": 0.0, ""downlink_loss_rate"": 0.0, ""drop_message_types"": """", ""duplicate_rate"": 0.0, ""max_retries"": 2, ""network_mode"": ""fault"", ""queue_capacity"": 4096, ""reorder_step_sec"": 0.05, ""reorder_window"": 0, ""uplink_delay_sec"": 0.0, ""uplink_loss_rate"": 0.0}, ""revision"": 4, ""semantics"": ""in-flight attempts retain their transmission configuration; new attempts use this revision"", ""world"": ""synthetic_component""}",1,5.0,1,0.0,439,,map_snapshot,rally,0.0,True,transport_sample,,,0,,,,"{""uplink"": {""capacity"": 4096, ""in_flight"": 0, ""pending_reliable_or_unresolved"": 0, ""scheduled_events"": 0}}",all,0,,1,1,all,28.0,,,0,,,,,,0,,,,27.0,,,0,,,,synthetic_component
0.0,0.0,4,0.0,,,,,,1.0,1.0,0.5,0.375,1.0,0.0,1.0,0.48749999998835847,0,,,0.0,0.0,1.0,0.0,1.0,2832,4,2832,4,2832,4,2832,4,1,4,4,4,2832,2832,4,0,0,0,0,4,2832,4,0,0,0,0,0,0,0,0,0,0,0,0,uplink,17.75,p3c_runtime,10.25,"{""admission_protocol"": false, ""effective"": {""downlink"": {""ack_timeout_sec"": 5.0, ""blackout_intervals"": [], ""delay_sec"": 0.0, ""drop_types"": [], ""duplicate_rate"": 0.0, ""loss_rate"": 0.0, ""max_retries"": 2, ""queue_capacity"": 4096, ""reorder_step_sec"": 0.05, ""reorder_window"": 0, ""seed"": 610839777}, ""uplink"": {""ack_timeout_sec"": 5.0, ""blackout_intervals"": [], ""delay_sec"": 0.0, ""drop_types"": [], ""duplicate_rate"": 0.0, ""loss_rate"": 0.0, ""max_retries"": 2, ""queue_capacity"": 4096, ""reorder_step_sec"": 0.05, ""reorder_window"": 0, ""seed"": 324508638}}, ""effective_sim_time"": 21.0, ""episode_id"": ""p3c_runtime"", ""fault_control_enabled"": true, ""fault_seed"": 1, ""gazebo_seed"": 1, ""ledger_path"": ""/home/zhuyulab/ns3-workspace/ros2_ws/ros2-multi-robot-automap/log/p3c5/p3c_monitor_v11/ledger.jsonl"", ""mission_mode"": ""rally"", ""requested"": {""ack_timeout_sec"": 5.0, ""blackout_intervals"": ""[]"", ""downlink_delay_sec"": 0.0, ""downlink_loss_rate"": 0.0, ""drop_message_types"": """", ""duplicate_rate"": 0.0, ""max_retries"": 2, ""network_mode"": ""fault"", ""queue_capacity"": 4096, ""reorder_step_sec"": 0.05, ""reorder_window"": 0, ""uplink_delay_sec"": 0.0, ""uplink_loss_rate"": 0.0}, ""revision"": 4, ""semantics"": ""in-flight attempts retain their transmission configuration; new attempts use this revision"", ""world"": ""synthetic_component""}",1,2.0,1,2832.0,439,1.0,pose_state,rally,2832.0,True,transport_sample,0.0,0.0,4,0.0,,,"{""uplink"": {""capacity"": 4096, ""in_flight"": 0, ""pending_reliable_or_unresolved"": 0, ""scheduled_events"": 0}}",all,0,0.0,1,1,all,28.0,0.25,0.25,4,0.25,,,0.0,0.0,4,0.0,,,27.0,0.0,0.0,4,0.0,,,synthetic_component
,,0,,,,,,27.0,0.0,0.0,17.75,17.25,1.0,0.0,1.0,17.6999999996915,0,,,1.0,1.0,,,,0,0,0,0,0,0,0,0,0,0,0,0,0,0,0,0,0,0,0,0,0,0,0,0,0,0,0,0,0,0,0,0,0,0,downlink,17.75,p3c_runtime,10.25,"{""admission_protocol"": false, ""effective"": {""downlink"": {""ack_timeout_sec"": 5.0, ""blackout_intervals"": [], ""delay_sec"": 0.0, ""drop_types"": [], ""duplicate_rate"": 0.0, ""loss_rate"": 0.0, ""max_retries"": 2, ""queue_capacity"": 4096, ""reorder_step_sec"": 0.05, ""reorder_window"": 0, ""seed"": 610839777}, ""uplink"": {""ack_timeout_sec"": 5.0, ""blackout_intervals"": [], ""delay_sec"": 0.0, ""drop_types"": [], ""duplicate_rate"": 0.0, ""loss_rate"": 0.0, ""max_retries"": 2, ""queue_capacity"": 4096, ""reorder_step_sec"": 0.05, ""reorder_window"": 0, ""seed"": 324508638}}, ""effective_sim_time"": 21.0, ""episode_id"": ""p3c_runtime"", ""fault_control_enabled"": true, ""fault_seed"": 1, ""gazebo_seed"": 1, ""ledger_path"": ""/home/zhuyulab/ns3-workspace/ros2_ws/ros2-multi-robot-automap/log/p3c5/p3c_monitor_v11/ledger.jsonl"", ""mission_mode"": ""rally"", ""requested"": {""ack_timeout_sec"": 5.0, ""blackout_intervals"": ""[]"", ""downlink_delay_sec"": 0.0, ""downlink_loss_rate"": 0.0, ""drop_message_types"": """", ""duplicate_rate"": 0.0, ""max_retries"": 2, ""network_mode"": ""fault"", ""queue_capacity"": 4096, ""reorder_step_sec"": 0.05, ""reorder_window"": 0, ""uplink_delay_sec"": 0.0, ""uplink_loss_rate"": 0.0}, ""revision"": 4, ""semantics"": ""in-flight attempts retain their transmission configuration; new attempts use this revision"", ""world"": ""synthetic_component""}",1,10.0,1,0.0,439,,task_state,rally,0.0,True,transport_sample,,,0,,,,"{""downlink"": {""capacity"": 4096, ""in_flight"": 0, ""pending_reliable_or_unresolved"": 0, ""scheduled_events"": 0}}",tb1,0,,1,1,headquarters,28.0,,,0,,,,,,0,,,,27.0,,,0,,,,synthetic_component
,,0,,,,,,27.0,0.0,0.0,17.5,17.0,1.0,0.0,1.0,17.449999998498242,0,,,1.0,1.0,,,,0,0,0,0,0,0,0,0,0,0,0,0,0,0,0,0,0,0,0,0,0,0,0,0,0,0,0,0,0,0,0,0,0,0,uplink,17.75,p3c_runtime,10.25,"{""admission_protocol"": false, ""effective"": {""downlink"": {""ack_timeout_sec"": 5.0, ""blackout_intervals"": [], ""delay_sec"": 0.0, ""drop_types"": [], ""duplicate_rate"": 0.0, ""loss_rate"": 0.0, ""max_retries"": 2, ""queue_capacity"": 4096, ""reorder_step_sec"": 0.05, ""reorder_window"": 0, ""seed"": 610839777}, ""uplink"": {""ack_timeout_sec"": 5.0, ""blackout_intervals"": [], ""delay_sec"": 0.0, ""drop_types"": [], ""duplicate_rate"": 0.0, ""loss_rate"": 0.0, ""max_retries"": 2, ""queue_capacity"": 4096, ""reorder_step_sec"": 0.05, ""reorder_window"": 0, ""seed"": 324508638}}, ""effective_sim_time"": 21.0, ""episode_id"": ""p3c_runtime"", ""fault_control_enabled"": true, ""fault_seed"": 1, ""gazebo_seed"": 1, ""ledger_path"": ""/home/zhuyulab/ns3-workspace/ros2_ws/ros2-multi-robot-automap/log/p3c5/p3c_monitor_v11/ledger.jsonl"", ""mission_mode"": ""rally"", ""requested"": {""ack_timeout_sec"": 5.0, ""blackout_intervals"": ""[]"", ""downlink_delay_sec"": 0.0, ""downlink_loss_rate"": 0.0, ""drop_message_types"": """", ""duplicate_rate"": 0.0, ""max_retries"": 2, ""network_mode"": ""fault"", ""queue_capacity"": 4096, ""reorder_step_sec"": 0.05, ""reorder_window"": 0, ""uplink_delay_sec"": 0.0, ""uplink_loss_rate"": 0.0}, ""revision"": 4, ""semantics"": ""in-flight attempts retain their transmission configuration; new attempts use this revision"", ""world"": ""synthetic_component""}",1,10.0,1,0.0,439,,ack,rally,0.0,True,transport_sample,,,0,,,,"{""uplink"": {""capacity"": 4096, ""in_flight"": 0, ""pending_reliable_or_unresolved"": 0, ""scheduled_events"": 0}}",headquarters,0,,1,1,tb1,28.0,,,0,,,,,,0,,,,27.0,,,0,,,,synthetic_component
,,0,,,,,27.0,,0.0,0.0,,,1.0,1.0,0.0,,0,,,1.0,1.0,,,,0,0,0,0,0,0,0,0,0,0,0,0,0,0,0,0,0,0,0,0,0,0,0,0,0,0,0,0,0,0,0,0,0,0,uplink,17.75,p3c_runtime,10.25,"{""admission_protocol"": false, ""effective"": {""downlink"": {""ack_timeout_sec"": 5.0, ""blackout_intervals"": [], ""delay_sec"": 0.0, ""drop_types"": [], ""duplicate_rate"": 0.0, ""loss_rate"": 0.0, ""max_retries"": 2, ""queue_capacity"": 4096, ""reorder_step_sec"": 0.05, ""reorder_window"": 0, ""seed"": 610839777}, ""uplink"": {""ack_timeout_sec"": 5.0, ""blackout_intervals"": [], ""delay_sec"": 0.0, ""drop_types"": [], ""duplicate_rate"": 0.0, ""loss_rate"": 0.0, ""max_retries"": 2, ""queue_capacity"": 4096, ""reorder_step_sec"": 0.05, ""reorder_window"": 0, ""seed"": 324508638}}, ""effective_sim_time"": 21.0, ""episode_id"": ""p3c_runtime"", ""fault_control_enabled"": true, ""fault_seed"": 1, ""gazebo_seed"": 1, ""ledger_path"": ""/home/zhuyulab/ns3-workspace/ros2_ws/ros2-multi-robot-automap/log/p3c5/p3c_monitor_v11/ledger.jsonl"", ""mission_mode"": ""rally"", ""requested"": {""ack_timeout_sec"": 5.0, ""blackout_intervals"": ""[]"", ""downlink_delay_sec"": 0.0, ""downlink_loss_rate"": 0.0, ""drop_message_types"": """", ""duplicate_rate"": 0.0, ""max_retries"": 2, ""network_mode"": ""fault"", ""queue_capacity"": 4096, ""reorder_step_sec"": 0.05, ""reorder_window"": 0, ""uplink_delay_sec"": 0.0, ""uplink_loss_rate"": 0.0}, ""revision"": 4, ""semantics"": ""in-flight attempts retain their transmission configuration; new attempts use this revision"", ""world"": ""synthetic_component""}",1,5.0,1,0.0,439,,map_snapshot,rally,0.0,True,transport_sample,,,0,,,,"{""uplink"": {""capacity"": 4096, ""in_flight"": 0, ""pending_reliable_or_unresolved"": 0, ""scheduled_events"": 0}}",headquarters,0,,1,1,tb1,28.0,,,0,,,,,,0,,,,27.0,,,0,,,,synthetic_component
0.0,0.0,4,0.0,,,,,,1.0,1.0,0.5,0.375,1.0,0.0,1.0,0.48749999998835847,0,,,0.0,0.0,1.0,0.0,1.0,2832,4,2832,4,2832,4,2832,4,1,4,4,4,2832,2832,4,0,0,0,0,4,2832,4,0,0,0,0,0,0,0,0,0,0,0,0,uplink,17.75,p3c_runtime,10.25,"{""admission_protocol"": false, ""effective"": {""downlink"": {""ack_timeout_sec"": 5.0, ""blackout_intervals"": [], ""delay_sec"": 0.0, ""drop_types"": [], ""duplicate_rate"": 0.0, ""loss_rate"": 0.0, ""max_retries"": 2, ""queue_capacity"": 4096, ""reorder_step_sec"": 0.05, ""reorder_window"": 0, ""seed"": 610839777}, ""uplink"": {""ack_timeout_sec"": 5.0, ""blackout_intervals"": [], ""delay_sec"": 0.0, ""drop_types"": [], ""duplicate_rate"": 0.0, ""loss_rate"": 0.0, ""max_retries"": 2, ""queue_capacity"": 4096, ""reorder_step_sec"": 0.05, ""reorder_window"": 0, ""seed"": 324508638}}, ""effective_sim_time"": 21.0, ""episode_id"": ""p3c_runtime"", ""fault_control_enabled"": true, ""fault_seed"": 1, ""gazebo_seed"": 1, ""ledger_path"": ""/home/zhuyulab/ns3-workspace/ros2_ws/ros2-multi-robot-automap/log/p3c5/p3c_monitor_v11/ledger.jsonl"", ""mission_mode"": ""rally"", ""requested"": {""ack_timeout_sec"": 5.0, ""blackout_intervals"": ""[]"", ""downlink_delay_sec"": 0.0, ""downlink_loss_rate"": 0.0, ""drop_message_types"": """", ""duplicate_rate"": 0.0, ""max_retries"": 2, ""network_mode"": ""fault"", ""queue_capacity"": 4096, ""reorder_step_sec"": 0.05, ""reorder_window"": 0, ""uplink_delay_sec"": 0.0, ""uplink_loss_rate"": 0.0}, ""revision"": 4, ""semantics"": ""in-flight attempts retain their transmission configuration; new attempts use this revision"", ""world"": ""synthetic_component""}",1,2.0,1,2832.0,439,1.0,pose_state,rally,2832.0,True,transport_sample,0.0,0.0,4,0.0,,,"{""uplink"": {""capacity"": 4096, ""in_flight"": 0, ""pending_reliable_or_unresolved"": 0, ""scheduled_events"": 0}}",headquarters,0,0.0,1,1,tb1,28.0,0.25,0.25,4,0.25,,,0.0,0.0,4,0.0,,,27.0,0.0,0.0,4,0.0,,,synthetic_component
0.0,0.0,4,0.0,,,,28.0,28.0,0.3333333333333333,1.0,18.5,9.1875,3.0,1.0,2.0,18.399999999732245,0,,,2.0,2.0,1.0,0.0,1.0,2832,4,2832,4,2832,4,2832,4,1,4,4,4,2832,2832,4,0,0,0,0,4,2832,4,0,0,0,0,0,0,0,0,0,0,0,0,uplink,18.75,p3c_runtime,10.25,"{""admission_protocol"": false, ""effective"": {""downlink"": {""ack_timeout_sec"": 5.0, ""blackout_intervals"": [], ""delay_sec"": 0.0, ""drop_types"": [], ""duplicate_rate"": 0.0, ""loss_rate"": 0.0, ""max_retries"": 2, ""queue_capacity"": 4096, ""reorder_step_sec"": 0.05, ""reorder_window"": 0, ""seed"": 610839777}, ""uplink"": {""ack_timeout_sec"": 5.0, ""blackout_intervals"": [], ""delay_sec"": 0.0, ""drop_types"": [], ""duplicate_rate"": 0.0, ""loss_rate"": 0.0, ""max_retries"": 2, ""queue_capacity"": 4096, ""reorder_step_sec"": 0.05, ""reorder_window"": 0, ""seed"": 324508638}}, ""effective_sim_time"": 21.0, ""episode_id"": ""p3c_runtime"", ""fault_control_enabled"": true, ""fault_seed"": 1, ""gazebo_seed"": 1, ""ledger_path"": ""/home/zhuyulab/ns3-workspace/ros2_ws/ros2-multi-robot-automap/log/p3c5/p3c_monitor_v11/ledger.jsonl"", ""mission_mode"": ""rally"", ""requested"": {""ack_timeout_sec"": 5.0, ""blackout_intervals"": ""[]"", ""downlink_delay_sec"": 0.0, ""downlink_loss_rate"": 0.0, ""drop_message_types"": """", ""duplicate_rate"": 0.0, ""max_retries"": 2, ""network_mode"": ""fault"", ""queue_capacity"": 4096, ""reorder_step_sec"": 0.05, ""reorder_window"": 0, ""uplink_delay_sec"": 0.0, ""uplink_loss_rate"": 0.0}, ""revision"": 4, ""semantics"": ""in-flight attempts retain their transmission configuration; new attempts use this revision"", ""world"": ""synthetic_component""}",1,,1,2832.0,464,1.0,all,rally,2832.0,True,transport_sample,0.0,0.0,4,0.0,,,"{""uplink"": {""capacity"": 4096, ""in_flight"": 0, ""pending_reliable_or_unresolved"": 0, ""scheduled_events"": 0}}",all,0,0.0,1,1,all,29.0,0.25,0.25,4,0.25,,,0.0,0.0,4,0.0,,,28.0,0.0,0.0,4,0.0,,,synthetic_component
,,0,,,,,,28.0,0.0,0.0,18.75,18.25,1.0,0.0,1.0,18.699999998352723,0,,,1.0,1.0,,,,0,0,0,0,0,0,0,0,0,0,0,0,0,0,0,0,0,0,0,0,0,0,0,0,0,0,0,0,0,0,0,0,0,0,downlink,18.75,p3c_runtime,10.25,"{""admission_protocol"": false, ""effective"": {""downlink"": {""ack_timeout_sec"": 5.0, ""blackout_intervals"": [], ""delay_sec"": 0.0, ""drop_types"": [], ""duplicate_rate"": 0.0, ""loss_rate"": 0.0, ""max_retries"": 2, ""queue_capacity"": 4096, ""reorder_step_sec"": 0.05, ""reorder_window"": 0, ""seed"": 610839777}, ""uplink"": {""ack_timeout_sec"": 5.0, ""blackout_intervals"": [], ""delay_sec"": 0.0, ""drop_types"": [], ""duplicate_rate"": 0.0, ""loss_rate"": 0.0, ""max_retries"": 2, ""queue_capacity"": 4096, ""reorder_step_sec"": 0.05, ""reorder_window"": 0, ""seed"": 324508638}}, ""effective_sim_time"": 21.0, ""episode_id"": ""p3c_runtime"", ""fault_control_enabled"": true, ""fault_seed"": 1, ""gazebo_seed"": 1, ""ledger_path"": ""/home/zhuyulab/ns3-workspace/ros2_ws/ros2-multi-robot-automap/log/p3c5/p3c_monitor_v11/ledger.jsonl"", ""mission_mode"": ""rally"", ""requested"": {""ack_timeout_sec"": 5.0, ""blackout_intervals"": ""[]"", ""downlink_delay_sec"": 0.0, ""downlink_loss_rate"": 0.0, ""drop_message_types"": """", ""duplicate_rate"": 0.0, ""max_retries"": 2, ""network_mode"": ""fault"", ""queue_capacity"": 4096, ""reorder_step_sec"": 0.05, ""reorder_window"": 0, ""uplink_delay_sec"": 0.0, ""uplink_loss_rate"": 0.0}, ""revision"": 4, ""semantics"": ""in-flight attempts retain their transmission configuration; new attempts use this revision"", ""world"": ""synthetic_component""}",1,10.0,1,0.0,464,,all,rally,0.0,True,transport_sample,,,0,,,,"{""downlink"": {""capacity"": 4096, ""in_flight"": 0, ""pending_reliable_or_unresolved"": 0, ""scheduled_events"": 0}}",all,0,,1,1,all,29.0,,,0,,,,,,0,,,,28.0,,,0,,,,synthetic_component
,,0,,,,,,28.0,0.0,0.0,18.75,18.25,1.0,0.0,1.0,18.699999998352723,0,,,1.0,1.0,,,,0,0,0,0,0,0,0,0,0,0,0,0,0,0,0,0,0,0,0,0,0,0,0,0,0,0,0,0,0,0,0,0,0,0,downlink,18.75,p3c_runtime,10.25,"{""admission_protocol"": false, ""effective"": {""downlink"": {""ack_timeout_sec"": 5.0, ""blackout_intervals"": [], ""delay_sec"": 0.0, ""drop_types"": [], ""duplicate_rate"": 0.0, ""loss_rate"": 0.0, ""max_retries"": 2, ""queue_capacity"": 4096, ""reorder_step_sec"": 0.05, ""reorder_window"": 0, ""seed"": 610839777}, ""uplink"": {""ack_timeout_sec"": 5.0, ""blackout_intervals"": [], ""delay_sec"": 0.0, ""drop_types"": [], ""duplicate_rate"": 0.0, ""loss_rate"": 0.0, ""max_retries"": 2, ""queue_capacity"": 4096, ""reorder_step_sec"": 0.05, ""reorder_window"": 0, ""seed"": 324508638}}, ""effective_sim_time"": 21.0, ""episode_id"": ""p3c_runtime"", ""fault_control_enabled"": true, ""fault_seed"": 1, ""gazebo_seed"": 1, ""ledger_path"": ""/home/zhuyulab/ns3-workspace/ros2_ws/ros2-multi-robot-automap/log/p3c5/p3c_monitor_v11/ledger.jsonl"", ""mission_mode"": ""rally"", ""requested"": {""ack_timeout_sec"": 5.0, ""blackout_intervals"": ""[]"", ""downlink_delay_sec"": 0.0, ""downlink_loss_rate"": 0.0, ""drop_message_types"": """", ""duplicate_rate"": 0.0, ""max_retries"": 2, ""network_mode"": ""fault"", ""queue_capacity"": 4096, ""reorder_step_sec"": 0.05, ""reorder_window"": 0, ""uplink_delay_sec"": 0.0, ""uplink_loss_rate"": 0.0}, ""revision"": 4, ""semantics"": ""in-flight attempts retain their transmission configuration; new attempts use this revision"", ""world"": ""synthetic_component""}",1,10.0,1,0.0,464,,task_state,rally,0.0,True,transport_sample,,,0,,,,"{""downlink"": {""capacity"": 4096, ""in_flight"": 0, ""pending_reliable_or_unresolved"": 0, ""scheduled_events"": 0}}",all,0,,1,1,all,29.0,,,0,,,,,,0,,,,28.0,,,0,,,,synthetic_component
,,0,,,,,,28.0,0.0,0.0,18.5,18.0,1.0,0.0,1.0,18.450000000942964,0,,,1.0,1.0,,,,0,0,0,0,0,0,0,0,0,0,0,0,0,0,0,0,0,0,0,0,0,0,0,0,0,0,0,0,0,0,0,0,0,0,uplink,18.75,p3c_runtime,10.25,"{""admission_protocol"": false, ""effective"": {""downlink"": {""ack_timeout_sec"": 5.0, ""blackout_intervals"": [], ""delay_sec"": 0.0, ""drop_types"": [], ""duplicate_rate"": 0.0, ""loss_rate"": 0.0, ""max_retries"": 2, ""queue_capacity"": 4096, ""reorder_step_sec"": 0.05, ""reorder_window"": 0, ""seed"": 610839777}, ""uplink"": {""ack_timeout_sec"": 5.0, ""blackout_intervals"": [], ""delay_sec"": 0.0, ""drop_types"": [], ""duplicate_rate"": 0.0, ""loss_rate"": 0.0, ""max_retries"": 2, ""queue_capacity"": 4096, ""reorder_step_sec"": 0.05, ""reorder_window"": 0, ""seed"": 324508638}}, ""effective_sim_time"": 21.0, ""episode_id"": ""p3c_runtime"", ""fault_control_enabled"": true, ""fault_seed"": 1, ""gazebo_seed"": 1, ""ledger_path"": ""/home/zhuyulab/ns3-workspace/ros2_ws/ros2-multi-robot-automap/log/p3c5/p3c_monitor_v11/ledger.jsonl"", ""mission_mode"": ""rally"", ""requested"": {""ack_timeout_sec"": 5.0, ""blackout_intervals"": ""[]"", ""downlink_delay_sec"": 0.0, ""downlink_loss_rate"": 0.0, ""drop_message_types"": """", ""duplicate_rate"": 0.0, ""max_retries"": 2, ""network_mode"": ""fault"", ""queue_capacity"": 4096, ""reorder_step_sec"": 0.05, ""reorder_window"": 0, ""uplink_delay_sec"": 0.0, ""uplink_loss_rate"": 0.0}, ""revision"": 4, ""semantics"": ""in-flight attempts retain their transmission configuration; new attempts use this revision"", ""world"": ""synthetic_component""}",1,10.0,1,0.0,464,,ack,rally,0.0,True,transport_sample,,,0,,,,"{""uplink"": {""capacity"": 4096, ""in_flight"": 0, ""pending_reliable_or_unresolved"": 0, ""scheduled_events"": 0}}",all,0,,1,1,all,29.0,,,0,,,,,,0,,,,28.0,,,0,,,,synthetic_component
,,0,,,,,28.0,,0.0,0.0,,,1.0,1.0,0.0,,0,,,1.0,1.0,,,,0,0,0,0,0,0,0,0,0,0,0,0,0,0,0,0,0,0,0,0,0,0,0,0,0,0,0,0,0,0,0,0,0,0,uplink,18.75,p3c_runtime,10.25,"{""admission_protocol"": false, ""effective"": {""downlink"": {""ack_timeout_sec"": 5.0, ""blackout_intervals"": [], ""delay_sec"": 0.0, ""drop_types"": [], ""duplicate_rate"": 0.0, ""loss_rate"": 0.0, ""max_retries"": 2, ""queue_capacity"": 4096, ""reorder_step_sec"": 0.05, ""reorder_window"": 0, ""seed"": 610839777}, ""uplink"": {""ack_timeout_sec"": 5.0, ""blackout_intervals"": [], ""delay_sec"": 0.0, ""drop_types"": [], ""duplicate_rate"": 0.0, ""loss_rate"": 0.0, ""max_retries"": 2, ""queue_capacity"": 4096, ""reorder_step_sec"": 0.05, ""reorder_window"": 0, ""seed"": 324508638}}, ""effective_sim_time"": 21.0, ""episode_id"": ""p3c_runtime"", ""fault_control_enabled"": true, ""fault_seed"": 1, ""gazebo_seed"": 1, ""ledger_path"": ""/home/zhuyulab/ns3-workspace/ros2_ws/ros2-multi-robot-automap/log/p3c5/p3c_monitor_v11/ledger.jsonl"", ""mission_mode"": ""rally"", ""requested"": {""ack_timeout_sec"": 5.0, ""blackout_intervals"": ""[]"", ""downlink_delay_sec"": 0.0, ""downlink_loss_rate"": 0.0, ""drop_message_types"": """", ""duplicate_rate"": 0.0, ""max_retries"": 2, ""network_mode"": ""fault"", ""queue_capacity"": 4096, ""reorder_step_sec"": 0.05, ""reorder_window"": 0, ""uplink_delay_sec"": 0.0, ""uplink_loss_rate"": 0.0}, ""revision"": 4, ""semantics"": ""in-flight attempts retain their transmission configuration; new attempts use this revision"", ""world"": ""synthetic_component""}",1,5.0,1,0.0,464,,map_snapshot,rally,0.0,True,transport_sample,,,0,,,,"{""uplink"": {""capacity"": 4096, ""in_flight"": 0, ""pending_reliable_or_unresolved"": 0, ""scheduled_events"": 0}}",all,0,,1,1,all,29.0,,,0,,,,,,0,,,,28.0,,,0,,,,synthetic_component
0.0,0.0,4,0.0,,,,,,1.0,1.0,0.5,0.375,1.0,0.0,1.0,0.48749999998835847,0,,,0.0,0.0,1.0,0.0,1.0,2832,4,2832,4,2832,4,2832,4,1,4,4,4,2832,2832,4,0,0,0,0,4,2832,4,0,0,0,0,0,0,0,0,0,0,0,0,uplink,18.75,p3c_runtime,10.25,"{""admission_protocol"": false, ""effective"": {""downlink"": {""ack_timeout_sec"": 5.0, ""blackout_intervals"": [], ""delay_sec"": 0.0, ""drop_types"": [], ""duplicate_rate"": 0.0, ""loss_rate"": 0.0, ""max_retries"": 2, ""queue_capacity"": 4096, ""reorder_step_sec"": 0.05, ""reorder_window"": 0, ""seed"": 610839777}, ""uplink"": {""ack_timeout_sec"": 5.0, ""blackout_intervals"": [], ""delay_sec"": 0.0, ""drop_types"": [], ""duplicate_rate"": 0.0, ""loss_rate"": 0.0, ""max_retries"": 2, ""queue_capacity"": 4096, ""reorder_step_sec"": 0.05, ""reorder_window"": 0, ""seed"": 324508638}}, ""effective_sim_time"": 21.0, ""episode_id"": ""p3c_runtime"", ""fault_control_enabled"": true, ""fault_seed"": 1, ""gazebo_seed"": 1, ""ledger_path"": ""/home/zhuyulab/ns3-workspace/ros2_ws/ros2-multi-robot-automap/log/p3c5/p3c_monitor_v11/ledger.jsonl"", ""mission_mode"": ""rally"", ""requested"": {""ack_timeout_sec"": 5.0, ""blackout_intervals"": ""[]"", ""downlink_delay_sec"": 0.0, ""downlink_loss_rate"": 0.0, ""drop_message_types"": """", ""duplicate_rate"": 0.0, ""max_retries"": 2, ""network_mode"": ""fault"", ""queue_capacity"": 4096, ""reorder_step_sec"": 0.05, ""reorder_window"": 0, ""uplink_delay_sec"": 0.0, ""uplink_loss_rate"": 0.0}, ""revision"": 4, ""semantics"": ""in-flight attempts retain their transmission configuration; new attempts use this revision"", ""world"": ""synthetic_component""}",1,2.0,1,2832.0,464,1.0,pose_state,rally,2832.0,True,transport_sample,0.0,0.0,4,0.0,,,"{""uplink"": {""capacity"": 4096, ""in_flight"": 0, ""pending_reliable_or_unresolved"": 0, ""scheduled_events"": 0}}",all,0,0.0,1,1,all,29.0,0.25,0.25,4,0.25,,,0.0,0.0,4,0.0,,,28.0,0.0,0.0,4,0.0,,,synthetic_component
,,0,,,,,,28.0,0.0,0.0,18.75,18.25,1.0,0.0,1.0,18.699999998352723,0,,,1.0,1.0,,,,0,0,0,0,0,0,0,0,0,0,0,0,0,0,0,0,0,0,0,0,0,0,0,0,0,0,0,0,0,0,0,0,0,0,downlink,18.75,p3c_runtime,10.25,"{""admission_protocol"": false, ""effective"": {""downlink"": {""ack_timeout_sec"": 5.0, ""blackout_intervals"": [], ""delay_sec"": 0.0, ""drop_types"": [], ""duplicate_rate"": 0.0, ""loss_rate"": 0.0, ""max_retries"": 2, ""queue_capacity"": 4096, ""reorder_step_sec"": 0.05, ""reorder_window"": 0, ""seed"": 610839777}, ""uplink"": {""ack_timeout_sec"": 5.0, ""blackout_intervals"": [], ""delay_sec"": 0.0, ""drop_types"": [], ""duplicate_rate"": 0.0, ""loss_rate"": 0.0, ""max_retries"": 2, ""queue_capacity"": 4096, ""reorder_step_sec"": 0.05, ""reorder_window"": 0, ""seed"": 324508638}}, ""effective_sim_time"": 21.0, ""episode_id"": ""p3c_runtime"", ""fault_control_enabled"": true, ""fault_seed"": 1, ""gazebo_seed"": 1, ""ledger_path"": ""/home/zhuyulab/ns3-workspace/ros2_ws/ros2-multi-robot-automap/log/p3c5/p3c_monitor_v11/ledger.jsonl"", ""mission_mode"": ""rally"", ""requested"": {""ack_timeout_sec"": 5.0, ""blackout_intervals"": ""[]"", ""downlink_delay_sec"": 0.0, ""downlink_loss_rate"": 0.0, ""drop_message_types"": """", ""duplicate_rate"": 0.0, ""max_retries"": 2, ""network_mode"": ""fault"", ""queue_capacity"": 4096, ""reorder_step_sec"": 0.05, ""reorder_window"": 0, ""uplink_delay_sec"": 0.0, ""uplink_loss_rate"": 0.0}, ""revision"": 4, ""semantics"": ""in-flight attempts retain their transmission configuration; new attempts use this revision"", ""world"": ""synthetic_component""}",1,10.0,1,0.0,464,,task_state,rally,0.0,True,transport_sample,,,0,,,,"{""downlink"": {""capacity"": 4096, ""in_flight"": 0, ""pending_reliable_or_unresolved"": 0, ""scheduled_events"": 0}}",tb1,0,,1,1,headquarters,29.0,,,0,,,,,,0,,,,28.0,,,0,,,,synthetic_component
,,0,,,,,,28.0,0.0,0.0,18.5,18.0,1.0,0.0,1.0,18.450000000942964,0,,,1.0,1.0,,,,0,0,0,0,0,0,0,0,0,0,0,0,0,0,0,0,0,0,0,0,0,0,0,0,0,0,0,0,0,0,0,0,0,0,uplink,18.75,p3c_runtime,10.25,"{""admission_protocol"": false, ""effective"": {""downlink"": {""ack_timeout_sec"": 5.0, ""blackout_intervals"": [], ""delay_sec"": 0.0, ""drop_types"": [], ""duplicate_rate"": 0.0, ""loss_rate"": 0.0, ""max_retries"": 2, ""queue_capacity"": 4096, ""reorder_step_sec"": 0.05, ""reorder_window"": 0, ""seed"": 610839777}, ""uplink"": {""ack_timeout_sec"": 5.0, ""blackout_intervals"": [], ""delay_sec"": 0.0, ""drop_types"": [], ""duplicate_rate"": 0.0, ""loss_rate"": 0.0, ""max_retries"": 2, ""queue_capacity"": 4096, ""reorder_step_sec"": 0.05, ""reorder_window"": 0, ""seed"": 324508638}}, ""effective_sim_time"": 21.0, ""episode_id"": ""p3c_runtime"", ""fault_control_enabled"": true, ""fault_seed"": 1, ""gazebo_seed"": 1, ""ledger_path"": ""/home/zhuyulab/ns3-workspace/ros2_ws/ros2-multi-robot-automap/log/p3c5/p3c_monitor_v11/ledger.jsonl"", ""mission_mode"": ""rally"", ""requested"": {""ack_timeout_sec"": 5.0, ""blackout_intervals"": ""[]"", ""downlink_delay_sec"": 0.0, ""downlink_loss_rate"": 0.0, ""drop_message_types"": """", ""duplicate_rate"": 0.0, ""max_retries"": 2, ""network_mode"": ""fault"", ""queue_capacity"": 4096, ""reorder_step_sec"": 0.05, ""reorder_window"": 0, ""uplink_delay_sec"": 0.0, ""uplink_loss_rate"": 0.0}, ""revision"": 4, ""semantics"": ""in-flight attempts retain their transmission configuration; new attempts use this revision"", ""world"": ""synthetic_component""}",1,10.0,1,0.0,464,,ack,rally,0.0,True,transport_sample,,,0,,,,"{""uplink"": {""capacity"": 4096, ""in_flight"": 0, ""pending_reliable_or_unresolved"": 0, ""scheduled_events"": 0}}",headquarters,0,,1,1,tb1,29.0,,,0,,,,,,0,,,,28.0,,,0,,,,synthetic_component
,,0,,,,,28.0,,0.0,0.0,,,1.0,1.0,0.0,,0,,,1.0,1.0,,,,0,0,0,0,0,0,0,0,0,0,0,0,0,0,0,0,0,0,0,0,0,0,0,0,0,0,0,0,0,0,0,0,0,0,uplink,18.75,p3c_runtime,10.25,"{""admission_protocol"": false, ""effective"": {""downlink"": {""ack_timeout_sec"": 5.0, ""blackout_intervals"": [], ""delay_sec"": 0.0, ""drop_types"": [], ""duplicate_rate"": 0.0, ""loss_rate"": 0.0, ""max_retries"": 2, ""queue_capacity"": 4096, ""reorder_step_sec"": 0.05, ""reorder_window"": 0, ""seed"": 610839777}, ""uplink"": {""ack_timeout_sec"": 5.0, ""blackout_intervals"": [], ""delay_sec"": 0.0, ""drop_types"": [], ""duplicate_rate"": 0.0, ""loss_rate"": 0.0, ""max_retries"": 2, ""queue_capacity"": 4096, ""reorder_step_sec"": 0.05, ""reorder_window"": 0, ""seed"": 324508638}}, ""effective_sim_time"": 21.0, ""episode_id"": ""p3c_runtime"", ""fault_control_enabled"": true, ""fault_seed"": 1, ""gazebo_seed"": 1, ""ledger_path"": ""/home/zhuyulab/ns3-workspace/ros2_ws/ros2-multi-robot-automap/log/p3c5/p3c_monitor_v11/ledger.jsonl"", ""mission_mode"": ""rally"", ""requested"": {""ack_timeout_sec"": 5.0, ""blackout_intervals"": ""[]"", ""downlink_delay_sec"": 0.0, ""downlink_loss_rate"": 0.0, ""drop_message_types"": """", ""duplicate_rate"": 0.0, ""max_retries"": 2, ""network_mode"": ""fault"", ""queue_capacity"": 4096, ""reorder_step_sec"": 0.05, ""reorder_window"": 0, ""uplink_delay_sec"": 0.0, ""uplink_loss_rate"": 0.0}, ""revision"": 4, ""semantics"": ""in-flight attempts retain their transmission configuration; new attempts use this revision"", ""world"": ""synthetic_component""}",1,5.0,1,0.0,464,,map_snapshot,rally,0.0,True,transport_sample,,,0,,,,"{""uplink"": {""capacity"": 4096, ""in_flight"": 0, ""pending_reliable_or_unresolved"": 0, ""scheduled_events"": 0}}",headquarters,0,,1,1,tb1,29.0,,,0,,,,,,0,,,,28.0,,,0,,,,synthetic_component
0.0,0.0,4,0.0,,,,,,1.0,1.0,0.5,0.375,1.0,0.0,1.0,0.48749999998835847,0,,,0.0,0.0,1.0,0.0,1.0,2832,4,2832,4,2832,4,2832,4,1,4,4,4,2832,2832,4,0,0,0,0,4,2832,4,0,0,0,0,0,0,0,0,0,0,0,0,uplink,18.75,p3c_runtime,10.25,"{""admission_protocol"": false, ""effective"": {""downlink"": {""ack_timeout_sec"": 5.0, ""blackout_intervals"": [], ""delay_sec"": 0.0, ""drop_types"": [], ""duplicate_rate"": 0.0, ""loss_rate"": 0.0, ""max_retries"": 2, ""queue_capacity"": 4096, ""reorder_step_sec"": 0.05, ""reorder_window"": 0, ""seed"": 610839777}, ""uplink"": {""ack_timeout_sec"": 5.0, ""blackout_intervals"": [], ""delay_sec"": 0.0, ""drop_types"": [], ""duplicate_rate"": 0.0, ""loss_rate"": 0.0, ""max_retries"": 2, ""queue_capacity"": 4096, ""reorder_step_sec"": 0.05, ""reorder_window"": 0, ""seed"": 324508638}}, ""effective_sim_time"": 21.0, ""episode_id"": ""p3c_runtime"", ""fault_control_enabled"": true, ""fault_seed"": 1, ""gazebo_seed"": 1, ""ledger_path"": ""/home/zhuyulab/ns3-workspace/ros2_ws/ros2-multi-robot-automap/log/p3c5/p3c_monitor_v11/ledger.jsonl"", ""mission_mode"": ""rally"", ""requested"": {""ack_timeout_sec"": 5.0, ""blackout_intervals"": ""[]"", ""downlink_delay_sec"": 0.0, ""downlink_loss_rate"": 0.0, ""drop_message_types"": """", ""duplicate_rate"": 0.0, ""max_retries"": 2, ""network_mode"": ""fault"", ""queue_capacity"": 4096, ""reorder_step_sec"": 0.05, ""reorder_window"": 0, ""uplink_delay_sec"": 0.0, ""uplink_loss_rate"": 0.0}, ""revision"": 4, ""semantics"": ""in-flight attempts retain their transmission configuration; new attempts use this revision"", ""world"": ""synthetic_component""}",1,2.0,1,2832.0,464,1.0,pose_state,rally,2832.0,True,transport_sample,0.0,0.0,4,0.0,,,"{""uplink"": {""capacity"": 4096, ""in_flight"": 0, ""pending_reliable_or_unresolved"": 0, ""scheduled_events"": 0}}",headquarters,0,0.0,1,1,tb1,29.0,0.25,0.25,4,0.25,,,0.0,0.0,4,0.0,,,28.0,0.0,0.0,4,0.0,,,synthetic_component
